--
-- phpMyAdmin v.3.5.8 SQL Dump
-- http://www.phpmyadmin.net
--
-- Timp de generare: 02 Apr 2015 la 22:16
-- Versiune server: 5.1.50-rel11.4-log
--

SET FOREIGN_KEY_CHECKS=0;
SET SQL_MODE="NO_AUTO_VALUE_ON_ZERO";
SET time_zone = "+00:00";


/*!40101 SET @OLD_CHARACTER_SET_CLIENT=@@CHARACTER_SET_CLIENT */;
/*!40101 SET @OLD_CHARACTER_SET_RESULTS=@@CHARACTER_SET_RESULTS */;
/*!40101 SET @OLD_COLLATION_CONNECTION=@@COLLATION_CONNECTION */;
/*!40101 SET NAMES utf8 */;

--
-- Bază de date: `adminonline_test`
--

CREATE DATABASE `adminonline_test` DEFAULT CHARACTER SET utf8 COLLATE utf8_romanian_ci;
USE `adminonline_test`;

-- --------------------------------------------------------

--
-- Structura de tabel pentru tabelul `apartments`
--
-- Creare: 06 Mar 2015 la 13:51
--

DROP TABLE IF EXISTS `apartments`;
CREATE TABLE IF NOT EXISTS `apartments` (
  `id` int(10) unsigned NOT NULL AUTO_INCREMENT,
  `number` int(10) unsigned NOT NULL,
  `id_stair` int(10) unsigned NOT NULL,
  `id_person` int(10) unsigned NOT NULL,
  `pending` float NOT NULL DEFAULT '0',
  `penalty` float NOT NULL DEFAULT '0',
  `current` float NOT NULL DEFAULT '0',
  `name` varchar(12) COLLATE utf8_romanian_ci NOT NULL,
  PRIMARY KEY (`id`),
  UNIQUE KEY `number` (`number`,`id_stair`),
  KEY `id_person` (`id_person`),
  KEY `id_stair` (`id_stair`)
) ENGINE=InnoDB  DEFAULT CHARSET=utf8 COLLATE=utf8_romanian_ci AUTO_INCREMENT=220 ;

--
-- RELAȚII PENTRU TABEL `apartments`:
--   `id_person`
--       `persons` -> `id`
--   `id_stair`
--       `stairs` -> `id`
--

--
-- Salvarea datelor din tabel `apartments`
--

INSERT INTO `apartments` (`id`, `number`, `id_stair`, `id_person`, `pending`, `penalty`, `current`, `name`) VALUES
(21, 56, 3, 5, 0, 0, 0, 'Garsoniera'),
(22, 57, 3, 3, 0, 0, 0, 'Garsoniera'),
(23, 58, 3, 3, 0, 0, 0, 'Garsoniera'),
(24, 60, 3, 3, 0, 0, 0, 'Garsoniera'),
(25, 59, 3, 5, 0, 0, 0, 'Garsoniera'),
(26, 61, 3, 3, 0, 0, 0, 'Garsoniera'),
(27, 62, 3, 7, 0, 0, 0, 'Garsoniera'),
(28, 63, 3, 3, 0, 0, 0, 'Garsoniera'),
(29, 64, 3, 3, 0, 0, 0, 'Garsoniera'),
(30, 65, 3, 3, 0, 0, 0, 'Garsoniera'),
(31, 66, 3, 3, 0, 0, 0, 'Garsoniera'),
(32, 67, 3, 3, 0, 0, 0, 'Garsoniera'),
(33, 68, 3, 3, 0, 0, 0, 'Garsoniera'),
(34, 69, 3, 3, 0, 0, 0, 'Garsoniera'),
(35, 70, 3, 3, 0, 0, 0, 'Garsoniera'),
(36, 71, 3, 3, 0, 0, 0, 'Garsoniera'),
(37, 72, 3, 3, 0, 0, 0, 'Garsoniera'),
(38, 73, 3, 3, 0, 0, 0, 'Garsoniera'),
(39, 74, 3, 3, 0, 0, 0, 'Garsoniera'),
(40, 75, 3, 3, 0, 0, 0, 'Garsoniera'),
(41, 76, 3, 3, 0, 0, 0, 'Garsoniera'),
(42, 77, 3, 3, 0, 0, 0, 'Garsoniera'),
(43, 78, 3, 3, 0, 0, 0, 'Garsoniera'),
(44, 79, 3, 3, 0, 0, 0, 'Garsoniera'),
(45, 80, 3, 3, 0, 0, 0, 'Garsoniera'),
(46, 81, 3, 3, 0, 0, 0, 'Garsoniera'),
(47, 82, 3, 3, 0, 0, 0, 'Garsoniera'),
(48, 83, 3, 3, 0, 0, 0, 'Garsoniera'),
(49, 84, 3, 3, 0, 0, 0, 'Garsoniera'),
(50, 85, 3, 3, 0, 0, 0, 'Garsoniera'),
(51, 86, 3, 3, 0, 0, 0, 'Garsoniera'),
(52, 87, 3, 3, 0, 0, 0, 'Garsoniera'),
(53, 88, 3, 3, 0, 0, 0, 'Garsoniera'),
(54, 89, 3, 3, 0, 0, 0, 'Garsoniera'),
(55, 90, 3, 3, 0, 0, 0, 'Garsoniera'),
(56, 91, 3, 3, 0, 0, 0, 'Garsoniera'),
(57, 92, 3, 3, 0, 0, 0, 'Garsoniera'),
(58, 93, 3, 3, 0, 0, 0, 'Garsoniera'),
(59, 94, 3, 3, 0, 0, 0, 'Garsoniera'),
(60, 95, 3, 3, 0, 0, 0, 'Garsoniera'),
(61, 96, 3, 3, 0, 0, 0, 'Garsoniera'),
(62, 97, 3, 3, 0, 0, 0, 'Garsoniera'),
(63, 98, 3, 3, 0, 0, 0, 'Garsoniera'),
(64, 99, 3, 3, 0, 0, 0, 'Garsoniera'),
(65, 100, 3, 3, 0, 0, 0, 'Garsoniera'),
(66, 101, 3, 3, 0, 0, 0, 'Garsoniera'),
(67, 102, 3, 3, 0, 0, 0, 'Garsoniera'),
(68, 103, 3, 3, 0, 0, 0, 'Garsoniera'),
(69, 104, 3, 3, 0, 0, 0, 'Garsoniera'),
(70, 105, 3, 3, 0, 0, 0, 'Garsoniera'),
(71, 106, 3, 3, 0, 0, 0, 'Garsoniera'),
(72, 107, 3, 3, 0, 0, 0, 'Garsoniera'),
(73, 108, 3, 3, 0, 0, 0, 'Garsoniera'),
(74, 109, 3, 3, 0, 0, 0, 'Garsoniera'),
(75, 110, 3, 3, 0, 0, 0, 'Garsoniera'),
(76, 1, 4, 4, 0, 0, 0, 'Garsoniera'),
(77, 2, 4, 4, 0, 0, 0, 'Garsoniera'),
(78, 3, 4, 4, 0, 0, 0, 'Garsoniera'),
(79, 4, 4, 4, 0, 0, 0, 'Garsoniera'),
(80, 5, 4, 4, 0, 0, 0, 'Garsoniera'),
(81, 6, 4, 4, 0, 0, 0, 'Garsoniera'),
(82, 7, 4, 4, 0, 0, 0, 'Garsoniera'),
(83, 8, 4, 4, 0, 0, 0, 'Garsoniera'),
(84, 9, 4, 4, 0, 0, 0, 'Garsoniera'),
(85, 10, 4, 4, 0, 0, 0, 'Garsoniera'),
(86, 11, 4, 4, 0, 0, 0, 'Garsoniera'),
(87, 12, 4, 4, 0, 0, 0, 'Garsoniera'),
(88, 13, 4, 4, 0, 0, 0, 'Garsoniera'),
(89, 14, 4, 4, 0, 0, 0, 'Garsoniera'),
(90, 15, 4, 4, 0, 0, 0, 'Garsoniera'),
(91, 16, 4, 4, 0, 0, 0, 'Garsoniera'),
(92, 17, 4, 4, 0, 0, 0, 'Garsoniera'),
(93, 18, 4, 4, 0, 0, 0, 'Garsoniera'),
(94, 19, 4, 4, 0, 0, 0, 'Garsoniera'),
(95, 20, 4, 4, 0, 0, 0, 'Garsoniera'),
(96, 21, 4, 4, 0, 0, 0, 'Garsoniera'),
(97, 22, 4, 4, 0, 0, 0, 'Garsoniera'),
(98, 23, 4, 4, 0, 0, 0, 'Garsoniera'),
(99, 24, 4, 4, 0, 0, 0, 'Garsoniera'),
(100, 25, 4, 4, 0, 0, 0, 'Garsoniera'),
(101, 26, 4, 4, 0, 0, 0, 'Garsoniera'),
(102, 27, 4, 4, 0, 0, 0, 'Garsoniera'),
(103, 28, 4, 4, 0, 0, 0, 'Garsoniera'),
(104, 29, 4, 4, 0, 0, 0, 'Garsoniera'),
(105, 30, 4, 4, 0, 0, 0, 'Garsoniera'),
(106, 31, 4, 4, 0, 0, 0, 'Garsoniera'),
(107, 32, 4, 4, 0, 0, 0, 'Garsoniera'),
(108, 33, 4, 4, 0, 0, 0, 'Garsoniera'),
(109, 34, 4, 4, 0, 0, 0, 'Garsoniera'),
(110, 35, 4, 4, 0, 0, 0, 'Garsoniera'),
(111, 36, 4, 4, 0, 0, 0, 'Garsoniera'),
(112, 37, 4, 4, 0, 0, 0, 'Garsoniera'),
(113, 38, 4, 4, 0, 0, 0, 'Garsoniera'),
(114, 39, 4, 4, 0, 0, 0, 'Garsoniera'),
(115, 40, 4, 4, 0, 0, 0, 'Garsoniera'),
(116, 41, 4, 4, 0, 0, 0, 'Garsoniera'),
(117, 42, 4, 4, 0, 0, 0, 'Garsoniera'),
(118, 43, 4, 4, 0, 0, 0, 'Garsoniera'),
(119, 44, 4, 4, 0, 0, 0, 'Garsoniera'),
(120, 1, 5, 10, 0, 0, 0, 'Garsoniera'),
(121, 2, 5, 10, 0, 0, 0, 'Garsoniera'),
(122, 3, 5, 10, 0, 0, 0, 'Garsoniera'),
(123, 4, 5, 10, 0, 0, 0, 'Garsoniera'),
(124, 5, 5, 10, 0, 0, 0, 'Garsoniera'),
(125, 6, 5, 10, 0, 0, 0, 'Garsoniera'),
(126, 7, 5, 10, 0, 0, 0, 'Garsoniera'),
(127, 8, 5, 10, 0, 0, 0, 'Garsoniera'),
(128, 9, 5, 10, 0, 0, 0, 'Garsoniera'),
(129, 10, 5, 10, 0, 0, 0, 'Garsoniera'),
(130, 11, 5, 10, 0, 0, 0, 'Garsoniera'),
(131, 12, 5, 10, 0, 0, 0, 'Garsoniera'),
(132, 13, 5, 10, 0, 0, 0, 'Garsoniera'),
(133, 14, 5, 10, 0, 0, 0, 'Garsoniera'),
(134, 15, 5, 10, 0, 0, 0, 'Garsoniera'),
(135, 16, 5, 10, 0, 0, 0, 'Garsoniera'),
(136, 17, 5, 10, 0, 0, 0, 'Garsoniera'),
(137, 18, 5, 10, 0, 0, 0, 'Garsoniera'),
(138, 19, 5, 10, 0, 0, 0, 'Garsoniera'),
(139, 20, 5, 10, 0, 0, 0, 'Garsoniera'),
(140, 21, 5, 10, 0, 0, 0, 'Garsoniera'),
(141, 22, 5, 10, 0, 0, 0, 'Garsoniera'),
(142, 23, 5, 10, 0, 0, 0, 'Garsoniera'),
(143, 24, 5, 10, 0, 0, 0, 'Garsoniera'),
(144, 25, 5, 10, 0, 0, 0, 'Garsoniera'),
(145, 26, 5, 10, 0, 0, 0, 'Garsoniera'),
(146, 27, 5, 10, 0, 0, 0, 'Garsoniera'),
(147, 28, 5, 10, 0, 0, 0, 'Garsoniera'),
(148, 29, 5, 10, 0, 0, 0, 'Garsoniera'),
(149, 30, 5, 10, 0, 0, 0, 'Garsoniera'),
(150, 31, 5, 10, 0, 0, 0, 'Garsoniera'),
(151, 32, 5, 10, 0, 0, 0, 'Garsoniera'),
(152, 33, 5, 10, 0, 0, 0, 'Garsoniera'),
(153, 34, 5, 10, 0, 0, 0, 'Garsoniera'),
(154, 35, 5, 10, 0, 0, 0, 'Garsoniera'),
(155, 36, 5, 10, 0, 0, 0, 'Garsoniera'),
(156, 37, 5, 10, 0, 0, 0, 'Garsoniera'),
(157, 38, 5, 10, 0, 0, 0, 'Garsoniera'),
(158, 39, 5, 10, 0, 0, 0, 'Garsoniera'),
(159, 40, 5, 10, 0, 0, 0, 'Garsoniera'),
(160, 41, 5, 10, 0, 0, 0, 'Garsoniera'),
(161, 42, 5, 10, 0, 0, 0, 'Garsoniera'),
(162, 43, 5, 10, 0, 0, 0, 'Garsoniera'),
(163, 44, 5, 10, 0, 0, 0, 'Garsoniera'),
(165, 56, 6, 34, 0, 0, 0, 'Garsoniera'),
(166, 57, 6, 34, 0, 0, 0, '4 camere'),
(167, 58, 6, 34, 0, 0, 0, '3 camere'),
(168, 59, 6, 34, 0, 0, 0, '3 camere'),
(169, 60, 6, 34, 0, 0, 0, '3 camere'),
(170, 61, 6, 34, 99.78, 93.29, 1558.22, 'Garsoniera'),
(171, 62, 6, 34, 0, 0, 0, '4 camere'),
(172, 63, 6, 34, 0, 0, 0, '3 camere'),
(173, 64, 6, 34, 0, 0, 0, '3 camere'),
(174, 65, 6, 34, 0, 0, 0, '3 camere'),
(175, 66, 6, 34, 0, 0, 0, 'Garsoniera'),
(176, 67, 6, 34, 0, 0, 0, '4 camere'),
(177, 68, 6, 34, 0, 0, 0, '3 camere'),
(178, 69, 6, 34, 0, 0, 0, '3 camere'),
(179, 70, 6, 34, 0, 0, 0, '3 camere'),
(180, 71, 6, 34, 0, 0, 0, 'Garsoniera'),
(181, 72, 6, 34, 0, 0, 0, '4 camere'),
(182, 73, 6, 34, 0, 0, 0, '3 camere'),
(183, 74, 6, 34, 0, 0, 0, '3 camere'),
(184, 75, 6, 34, 0, 0, 0, '3 camere'),
(185, 76, 6, 34, 0, 0, 0, 'Garsoniera'),
(186, 77, 6, 34, 0, 0, 0, '4 camere'),
(187, 78, 6, 34, 0, 0, 0, '3 camere'),
(188, 79, 6, 34, 0, 0, 0, '3 camere'),
(189, 80, 6, 34, 0, 0, 0, '3 camere'),
(190, 81, 6, 34, 0, 0, 254, 'Garsoniera'),
(191, 82, 6, 34, 0, 0, 0, '4 camere'),
(192, 83, 6, 34, 0, 0, 0, '3 camere'),
(193, 84, 6, 34, 0, 0, 0, '3 camere'),
(194, 85, 6, 34, 0, 0, 384, '3 camere'),
(195, 86, 6, 34, 0, 0, 0, 'Garsoniera'),
(196, 87, 6, 34, 0, 0, 342, '4 camere'),
(197, 88, 6, 34, 0, 0, 0, '3 camere'),
(198, 89, 6, 34, 0, 0, 0, '3 camere'),
(199, 90, 6, 34, 0, 0, 0, '3 camere'),
(200, 91, 6, 34, 0, 0, 214, 'Garsoniera'),
(201, 92, 6, 34, 0, 0, 0, '4 camere'),
(202, 93, 6, 34, 0, 0, 0, '3 camere'),
(203, 94, 6, 34, 0, 0, 0, '3 camere'),
(204, 95, 6, 34, 0, 0, 0, '3 camere'),
(205, 96, 6, 34, 0, 0, 0, 'Garsoniera'),
(206, 97, 6, 34, 0, 0, 0, '4 camere'),
(207, 98, 6, 34, 0, 0, 0, '3 camere'),
(208, 99, 6, 34, 0, 0, 0, '3 camere'),
(209, 100, 6, 34, 0, 0, 0, '3 camere'),
(210, 101, 6, 34, 0, 0, 254, 'Garsoniera'),
(211, 102, 6, 34, 0, 0, 0, '4 camere'),
(212, 103, 6, 34, 0, 0, 0, '3 camere'),
(213, 104, 6, 34, 0, 0, 0, '3 camere'),
(214, 105, 6, 34, 0, 0, 0, '3 camere'),
(215, 106, 6, 34, 0, 0, 0, 'Garsoniera'),
(216, 107, 6, 34, 0, 0, 0, '4 camere'),
(217, 108, 6, 34, 0, 0, 0, '3 camere'),
(218, 109, 6, 34, 0, 0, 307, '3 camere'),
(219, 110, 6, 34, 0, 0, 0, '3 camere');

-- --------------------------------------------------------

--
-- Structura de tabel pentru tabelul `associations`
--
-- Creare: 06 Feb 2015 la 13:06
--

DROP TABLE IF EXISTS `associations`;
CREATE TABLE IF NOT EXISTS `associations` (
  `id` int(10) unsigned NOT NULL AUTO_INCREMENT,
  `name` varchar(256) COLLATE utf8_romanian_ci NOT NULL,
  `address` varchar(256) COLLATE utf8_romanian_ci NOT NULL,
  PRIMARY KEY (`id`)
) ENGINE=InnoDB  DEFAULT CHARSET=utf8 COLLATE=utf8_romanian_ci AUTO_INCREMENT=5 ;

--
-- Salvarea datelor din tabel `associations`
--

INSERT INTO `associations` (`id`, `name`, `address`) VALUES
(2, 'ASOCIATIA TEST', 'str Unirii nr 5 Bucuresti sector 1'),
(3, 'ASOCIATIA 2', 'str Independentei nr 8 Bucuresti sector 3'),
(4, 'ASOCIATIA ALEX', 'str. Nicolae Titulescu Bucuresti sector 1');

-- --------------------------------------------------------

--
-- Structura de tabel pentru tabelul `coefficients`
--
-- Creare: 09 Mar 2015 la 15:18
--

DROP TABLE IF EXISTS `coefficients`;
CREATE TABLE IF NOT EXISTS `coefficients` (
  `id` int(10) unsigned NOT NULL AUTO_INCREMENT,
  `name` varchar(32) COLLATE utf8_romanian_ci NOT NULL,
  `default_show` tinyint(1) DEFAULT NULL,
  `unit` varchar(12) COLLATE utf8_romanian_ci DEFAULT NULL,
  PRIMARY KEY (`id`)
) ENGINE=InnoDB  DEFAULT CHARSET=utf8 COLLATE=utf8_romanian_ci AUTO_INCREMENT=6 ;

--
-- Salvarea datelor din tabel `coefficients`
--

INSERT INTO `coefficients` (`id`, `name`, `default_show`, `unit`) VALUES
(2, 'Suprafata', NULL, 'm.p.'),
(3, 'Numar persoane', 1, 'pers.'),
(4, 'Suprafata incalzita', NULL, 'm.p.'),
(5, 'Numar camere', 0, 'cam.');

-- --------------------------------------------------------

--
-- Structura de tabel pentru tabelul `coefficient_mod_values`
--
-- Creare: 24 Feb 2015 la 14:55
--

DROP TABLE IF EXISTS `coefficient_mod_values`;
CREATE TABLE IF NOT EXISTS `coefficient_mod_values` (
  `id` int(10) unsigned NOT NULL AUTO_INCREMENT,
  `id_expense` int(10) unsigned NOT NULL,
  `id_apartment` int(10) unsigned NOT NULL,
  `value` float unsigned DEFAULT NULL,
  `id_mod_type` int(10) unsigned NOT NULL,
  `id_upkeep` int(10) unsigned NOT NULL,
  PRIMARY KEY (`id`),
  UNIQUE KEY `id_upkeep` (`id_upkeep`,`id_apartment`,`id_expense`),
  KEY `coefficient_mod_values_ibfk_3` (`id_mod_type`),
  KEY `coefficient_mod_values_ibfk_1` (`id_expense`),
  KEY `coefficient_mod_values_ibfk_2` (`id_apartment`)
) ENGINE=InnoDB  DEFAULT CHARSET=latin1 AUTO_INCREMENT=8130 ;

--
-- RELAȚII PENTRU TABEL `coefficient_mod_values`:
--   `id_upkeep`
--       `upkeeps` -> `id`
--   `id_expense`
--       `expenses` -> `id`
--   `id_apartment`
--       `apartments` -> `id`
--   `id_mod_type`
--       `mod_types` -> `id`
--

--
-- Salvarea datelor din tabel `coefficient_mod_values`
--

INSERT INTO `coefficient_mod_values` (`id`, `id_expense`, `id_apartment`, `value`, `id_mod_type`, `id_upkeep`) VALUES
(3993, 6, 21, 5, 1, 55),
(3994, 8, 21, NULL, 1, 55),
(3995, 8, 22, NULL, 1, 55),
(3996, 8, 23, NULL, 1, 55),
(3997, 8, 25, NULL, 1, 55),
(3998, 8, 24, NULL, 1, 55),
(3999, 10, 22, 5, 3, 55),
(4000, 4, 22, 88.7, 1, 55),
(4001, 7, 22, NULL, 1, 55),
(4002, 3, 22, NULL, 1, 55),
(4003, 2, 22, NULL, 1, 55),
(4004, 9, 22, NULL, 1, 55),
(4005, 6, 22, NULL, 1, 55),
(4006, 10, 23, 7, 3, 55),
(4007, 4, 23, 9, 1, 55),
(4008, 7, 23, NULL, 1, 55),
(4009, 3, 23, NULL, 1, 55),
(4010, 2, 23, NULL, 1, 55),
(4011, 9, 23, NULL, 1, 55),
(4012, 6, 23, NULL, 1, 55),
(4013, 10, 25, 2, 3, 55),
(4014, 4, 25, NULL, 1, 55),
(4015, 7, 25, NULL, 1, 55),
(4016, 3, 25, NULL, 1, 55),
(4017, 2, 25, NULL, 1, 55),
(4018, 9, 25, NULL, 1, 55),
(4019, 6, 25, NULL, 1, 55),
(4020, 20, 21, 3.05, 3, 55),
(4021, 10, 21, 3.05, 3, 55),
(4022, 4, 21, NULL, 1, 55),
(4023, 7, 21, NULL, 1, 55),
(4024, 3, 21, NULL, 1, 55),
(4025, 2, 21, NULL, 1, 55),
(4026, 9, 21, NULL, 1, 55),
(4027, 20, 22, 5, 3, 55),
(4028, 21, 21, NULL, 1, 55),
(4029, 21, 22, NULL, 1, 55),
(4030, 20, 23, 7, 3, 55),
(4031, 21, 23, NULL, 1, 55),
(4032, 20, 25, 2, 3, 55),
(4033, 21, 25, NULL, 1, 55),
(4034, 20, 24, 2, 3, 55),
(4035, 10, 24, 2, 3, 55),
(4036, 4, 24, NULL, 1, 55),
(4037, 21, 24, NULL, 1, 55),
(4038, 7, 24, NULL, 1, 55),
(4039, 3, 24, NULL, 1, 55),
(4040, 2, 24, NULL, 1, 55),
(4041, 9, 24, NULL, 1, 55),
(4042, 6, 24, NULL, 1, 55),
(4043, 20, 75, 4, 3, 55),
(4044, 10, 75, 4, 3, 55),
(4045, 4, 75, NULL, 1, 55),
(4046, 8, 75, NULL, 1, 55),
(4047, 21, 75, NULL, 1, 55),
(4048, 7, 75, NULL, 1, 55),
(4049, 3, 75, NULL, 1, 55),
(4050, 2, 75, NULL, 1, 55),
(4051, 9, 75, NULL, 1, 55),
(4052, 6, 75, NULL, 1, 55),
(4053, 20, 74, 2, 3, 55),
(4054, 10, 74, 2, 3, 55),
(4055, 4, 74, NULL, 1, 55),
(4056, 8, 74, NULL, 1, 55),
(4057, 21, 74, NULL, 1, 55),
(4058, 7, 74, NULL, 1, 55),
(4059, 3, 74, NULL, 1, 55),
(4060, 2, 74, NULL, 1, 55),
(4061, 9, 74, NULL, 1, 55),
(4062, 6, 74, NULL, 1, 55),
(4063, 20, 73, 2, 3, 55),
(4064, 10, 73, 2, 3, 55),
(4065, 4, 73, NULL, 1, 55),
(4066, 8, 73, NULL, 1, 55),
(4067, 21, 73, NULL, 1, 55),
(4068, 7, 73, NULL, 1, 55),
(4069, 3, 73, NULL, 1, 55),
(4070, 2, 73, NULL, 1, 55),
(4071, 9, 73, NULL, 1, 55),
(4072, 6, 73, NULL, 1, 55),
(4073, 20, 72, 0, 3, 55),
(4074, 10, 72, 0, 3, 55),
(4075, 4, 72, NULL, 1, 55),
(4076, 8, 72, NULL, 1, 55),
(4077, 21, 72, NULL, 1, 55),
(4078, 7, 72, NULL, 1, 55),
(4079, 3, 72, NULL, 1, 55),
(4080, 2, 72, NULL, 1, 55),
(4081, 9, 72, NULL, 1, 55),
(4082, 6, 72, NULL, 1, 55),
(4083, 20, 67, 4, 3, 55),
(4084, 10, 67, 4, 3, 55),
(4085, 4, 67, NULL, 1, 55),
(4086, 8, 67, NULL, 1, 55),
(4087, 21, 67, NULL, 1, 55),
(4088, 7, 67, NULL, 1, 55),
(4089, 3, 67, NULL, 1, 55),
(4090, 2, 67, NULL, 1, 55),
(4091, 9, 67, NULL, 1, 55),
(4092, 6, 67, NULL, 1, 55),
(4093, 20, 50, 1, 3, 55),
(4094, 10, 50, 1, 3, 55),
(4095, 4, 50, NULL, 1, 55),
(4096, 8, 50, NULL, 1, 55),
(4097, 21, 50, NULL, 1, 55),
(4098, 7, 50, NULL, 1, 55),
(4099, 3, 50, NULL, 1, 55),
(4100, 2, 50, NULL, 1, 55),
(4101, 9, 50, NULL, 1, 55),
(4102, 6, 50, NULL, 1, 55),
(4103, 20, 61, 2, 3, 55),
(4104, 10, 61, 2, 3, 55),
(4105, 4, 61, NULL, 1, 55),
(4106, 8, 61, NULL, 1, 55),
(4107, 21, 61, NULL, 1, 55),
(4108, 7, 61, NULL, 1, 55),
(4109, 3, 61, NULL, 1, 55),
(4110, 2, 61, NULL, 1, 55),
(4111, 9, 61, NULL, 1, 55),
(4112, 6, 61, NULL, 1, 55),
(4113, 20, 71, 2, 3, 55),
(4114, 10, 71, 2, 3, 55),
(4115, 4, 71, NULL, 1, 55),
(4116, 8, 71, NULL, 1, 55),
(4117, 21, 71, NULL, 1, 55),
(4118, 7, 71, NULL, 1, 55),
(4119, 3, 71, NULL, 1, 55),
(4120, 2, 71, NULL, 1, 55),
(4121, 9, 71, NULL, 1, 55),
(4122, 6, 71, NULL, 1, 55),
(4123, 20, 70, 2, 3, 55),
(4124, 10, 70, 2, 3, 55),
(4125, 4, 70, NULL, 1, 55),
(4126, 8, 70, NULL, 1, 55),
(4127, 21, 70, NULL, 1, 55),
(4128, 7, 70, NULL, 1, 55),
(4129, 3, 70, NULL, 1, 55),
(4130, 2, 70, NULL, 1, 55),
(4131, 9, 70, NULL, 1, 55),
(4132, 6, 70, NULL, 1, 55),
(4133, 20, 68, 5, 3, 55),
(4134, 10, 68, 5, 3, 55),
(4135, 4, 68, NULL, 1, 55),
(4136, 8, 68, NULL, 1, 55),
(4137, 21, 68, NULL, 1, 55),
(4138, 7, 68, NULL, 1, 55),
(4139, 3, 68, NULL, 1, 55),
(4140, 2, 68, NULL, 1, 55),
(4141, 9, 68, NULL, 1, 55),
(4142, 6, 68, NULL, 1, 55),
(4143, 20, 69, 3, 3, 55),
(4144, 10, 69, 3, 3, 55),
(4145, 4, 69, NULL, 1, 55),
(4146, 8, 69, NULL, 1, 55),
(4147, 21, 69, NULL, 1, 55),
(4148, 7, 69, NULL, 1, 55),
(4149, 3, 69, NULL, 1, 55),
(4150, 2, 69, NULL, 1, 55),
(4151, 9, 69, NULL, 1, 55),
(4152, 6, 69, NULL, 1, 55),
(4153, 20, 66, 3, 3, 55),
(4154, 10, 66, 3, 3, 55),
(4155, 4, 66, NULL, 1, 55),
(4156, 8, 66, NULL, 1, 55),
(4157, 21, 66, NULL, 1, 55),
(4158, 7, 66, NULL, 1, 55),
(4159, 3, 66, NULL, 1, 55),
(4160, 2, 66, NULL, 1, 55),
(4161, 9, 66, NULL, 1, 55),
(4162, 6, 66, NULL, 1, 55),
(4163, 20, 65, 2, 3, 55),
(4164, 10, 65, 2, 3, 55),
(4165, 4, 65, NULL, 1, 55),
(4166, 8, 65, NULL, 1, 55),
(4167, 21, 65, NULL, 1, 55),
(4168, 7, 65, NULL, 1, 55),
(4169, 3, 65, NULL, 1, 55),
(4170, 2, 65, NULL, 1, 55),
(4171, 9, 65, NULL, 1, 55),
(4172, 6, 65, NULL, 1, 55),
(4173, 20, 64, 2, 3, 55),
(4174, 10, 64, 2, 3, 55),
(4175, 4, 64, NULL, 1, 55),
(4176, 8, 64, NULL, 1, 55),
(4177, 21, 64, NULL, 1, 55),
(4178, 7, 64, NULL, 1, 55),
(4179, 3, 64, NULL, 1, 55),
(4180, 2, 64, NULL, 1, 55),
(4181, 9, 64, NULL, 1, 55),
(4182, 6, 64, NULL, 1, 55),
(4183, 20, 63, 2.75, 3, 55),
(4184, 10, 63, 2.75, 3, 55),
(4185, 4, 63, NULL, 1, 55),
(4186, 8, 63, NULL, 1, 55),
(4187, 21, 63, NULL, 1, 55),
(4188, 7, 63, NULL, 1, 55),
(4189, 3, 63, NULL, 1, 55),
(4190, 2, 63, NULL, 1, 55),
(4191, 9, 63, NULL, 1, 55),
(4192, 6, 63, NULL, 1, 55),
(4193, 20, 62, 3, 3, 55),
(4194, 10, 62, 3, 3, 55),
(4195, 4, 62, NULL, 1, 55),
(4196, 8, 62, NULL, 1, 55),
(4197, 21, 62, NULL, 1, 55),
(4198, 7, 62, NULL, 1, 55),
(4199, 3, 62, NULL, 1, 55),
(4200, 2, 62, NULL, 1, 55),
(4201, 9, 62, NULL, 1, 55),
(4202, 6, 62, NULL, 1, 55),
(4203, 20, 51, 2, 3, 55),
(4204, 10, 51, 2, 3, 55),
(4205, 4, 51, NULL, 1, 55),
(4206, 8, 51, NULL, 1, 55),
(4207, 21, 51, NULL, 1, 55),
(4208, 7, 51, NULL, 1, 55),
(4209, 3, 51, NULL, 1, 55),
(4210, 2, 51, NULL, 1, 55),
(4211, 9, 51, NULL, 1, 55),
(4212, 6, 51, NULL, 1, 55),
(4213, 20, 60, 2, 3, 55),
(4214, 10, 60, 2, 3, 55),
(4215, 4, 60, NULL, 1, 55),
(4216, 8, 60, NULL, 1, 55),
(4217, 21, 60, NULL, 1, 55),
(4218, 7, 60, NULL, 1, 55),
(4219, 3, 60, NULL, 1, 55),
(4220, 2, 60, NULL, 1, 55),
(4221, 9, 60, NULL, 1, 55),
(4222, 6, 60, NULL, 1, 55),
(4223, 20, 54, 3, 3, 55),
(4224, 10, 54, 3, 3, 55),
(4225, 4, 54, NULL, 1, 55),
(4226, 8, 54, NULL, 1, 55),
(4227, 21, 54, NULL, 1, 55),
(4228, 7, 54, NULL, 1, 55),
(4229, 3, 54, NULL, 1, 55),
(4230, 2, 54, NULL, 1, 55),
(4231, 9, 54, NULL, 1, 55),
(4232, 6, 54, NULL, 1, 55),
(4233, 20, 57, 3, 3, 55),
(4234, 10, 57, 3, 3, 55),
(4235, 4, 57, NULL, 1, 55),
(4236, 8, 57, NULL, 1, 55),
(4237, 21, 57, NULL, 1, 55),
(4238, 7, 57, NULL, 1, 55),
(4239, 3, 57, NULL, 1, 55),
(4240, 2, 57, NULL, 1, 55),
(4241, 9, 57, NULL, 1, 55),
(4242, 6, 57, NULL, 1, 55),
(4243, 20, 58, 0, 3, 55),
(4244, 10, 58, 0, 3, 55),
(4245, 4, 58, NULL, 1, 55),
(4246, 8, 58, NULL, 1, 55),
(4247, 21, 58, NULL, 1, 55),
(4248, 7, 58, NULL, 1, 55),
(4249, 3, 58, NULL, 1, 55),
(4250, 2, 58, NULL, 1, 55),
(4251, 9, 58, NULL, 1, 55),
(4252, 6, 58, NULL, 1, 55),
(4253, 20, 59, 6, 3, 55),
(4254, 10, 59, 6, 3, 55),
(4255, 4, 59, NULL, 1, 55),
(4256, 8, 59, NULL, 1, 55),
(4257, 21, 59, NULL, 1, 55),
(4258, 7, 59, NULL, 1, 55),
(4259, 3, 59, NULL, 1, 55),
(4260, 2, 59, NULL, 1, 55),
(4261, 9, 59, NULL, 1, 55),
(4262, 6, 59, NULL, 1, 55),
(4263, 20, 56, 1, 3, 55),
(4264, 10, 56, 1, 3, 55),
(4265, 4, 56, NULL, 1, 55),
(4266, 8, 56, NULL, 1, 55),
(4267, 21, 56, NULL, 1, 55),
(4268, 7, 56, NULL, 1, 55),
(4269, 3, 56, NULL, 1, 55),
(4270, 2, 56, NULL, 1, 55),
(4271, 9, 56, NULL, 1, 55),
(4272, 6, 56, NULL, 1, 55),
(4273, 20, 55, 3, 3, 55),
(4274, 10, 55, 3, 3, 55),
(4275, 4, 55, NULL, 1, 55),
(4276, 8, 55, NULL, 1, 55),
(4277, 21, 55, NULL, 1, 55),
(4278, 7, 55, NULL, 1, 55),
(4279, 3, 55, NULL, 1, 55),
(4280, 2, 55, NULL, 1, 55),
(4281, 9, 55, NULL, 1, 55),
(4282, 6, 55, NULL, 1, 55),
(4283, 20, 53, 5, 3, 55),
(4284, 10, 53, 5, 3, 55),
(4285, 4, 53, NULL, 1, 55),
(4286, 8, 53, NULL, 1, 55),
(4287, 21, 53, NULL, 1, 55),
(4288, 7, 53, NULL, 1, 55),
(4289, 3, 53, NULL, 1, 55),
(4290, 2, 53, NULL, 1, 55),
(4291, 9, 53, NULL, 1, 55),
(4292, 6, 53, NULL, 1, 55),
(4293, 20, 52, 1, 3, 55),
(4294, 10, 52, 1, 3, 55),
(4295, 4, 52, NULL, 1, 55),
(4296, 8, 52, NULL, 1, 55),
(4297, 21, 52, NULL, 1, 55),
(4298, 7, 52, NULL, 1, 55),
(4299, 3, 52, NULL, 1, 55),
(4300, 2, 52, NULL, 1, 55),
(4301, 9, 52, NULL, 1, 55),
(4302, 6, 52, NULL, 1, 55),
(4303, 20, 35, 3, 3, 55),
(4304, 10, 35, 3, 3, 55),
(4305, 4, 35, NULL, 1, 55),
(4306, 8, 35, NULL, 1, 55),
(4307, 21, 35, NULL, 1, 55),
(4308, 7, 35, NULL, 1, 55),
(4309, 3, 35, NULL, 1, 55),
(4310, 2, 35, NULL, 1, 55),
(4311, 9, 35, NULL, 1, 55),
(4312, 6, 35, NULL, 1, 55),
(4313, 20, 33, 1, 3, 55),
(4314, 10, 33, 1, 3, 55),
(4315, 4, 33, NULL, 1, 55),
(4316, 8, 33, NULL, 1, 55),
(4317, 21, 33, NULL, 1, 55),
(4318, 7, 33, NULL, 1, 55),
(4319, 3, 33, NULL, 1, 55),
(4320, 2, 33, NULL, 1, 55),
(4321, 9, 33, NULL, 1, 55),
(4322, 6, 33, NULL, 1, 55),
(4323, 20, 37, 3, 3, 55),
(4324, 10, 37, 3, 3, 55),
(4325, 4, 37, NULL, 1, 55),
(4326, 8, 37, NULL, 1, 55),
(4327, 21, 37, NULL, 1, 55),
(4328, 7, 37, NULL, 1, 55),
(4329, 3, 37, NULL, 1, 55),
(4330, 2, 37, NULL, 1, 55),
(4331, 9, 37, NULL, 1, 55),
(4332, 6, 37, NULL, 1, 55),
(4333, 20, 40, 0, 3, 55),
(4334, 10, 40, 0, 3, 55),
(4335, 4, 40, NULL, 1, 55),
(4336, 8, 40, NULL, 1, 55),
(4337, 21, 40, NULL, 1, 55),
(4338, 7, 40, NULL, 1, 55),
(4339, 3, 40, NULL, 1, 55),
(4340, 2, 40, NULL, 1, 55),
(4341, 9, 40, NULL, 1, 55),
(4342, 6, 40, NULL, 1, 55),
(4343, 20, 36, 1, 3, 55),
(4344, 10, 36, 1, 3, 55),
(4345, 4, 36, NULL, 1, 55),
(4346, 8, 36, NULL, 1, 55),
(4347, 21, 36, NULL, 1, 55),
(4348, 7, 36, NULL, 1, 55),
(4349, 3, 36, NULL, 1, 55),
(4350, 2, 36, NULL, 1, 55),
(4351, 9, 36, NULL, 1, 55),
(4352, 6, 36, NULL, 1, 55),
(4353, 20, 49, 1, 3, 55),
(4354, 10, 49, 1, 3, 55),
(4355, 4, 49, NULL, 1, 55),
(4356, 8, 49, NULL, 1, 55),
(4357, 21, 49, NULL, 1, 55),
(4358, 7, 49, NULL, 1, 55),
(4359, 3, 49, NULL, 1, 55),
(4360, 2, 49, NULL, 1, 55),
(4361, 9, 49, NULL, 1, 55),
(4362, 6, 49, NULL, 1, 55),
(4363, 20, 48, 0, 3, 55),
(4364, 10, 48, 0, 3, 55),
(4365, 4, 48, NULL, 1, 55),
(4366, 8, 48, NULL, 1, 55),
(4367, 21, 48, NULL, 1, 55),
(4368, 7, 48, NULL, 1, 55),
(4369, 3, 48, NULL, 1, 55),
(4370, 2, 48, NULL, 1, 55),
(4371, 9, 48, NULL, 1, 55),
(4372, 6, 48, NULL, 1, 55),
(4373, 20, 47, 1, 3, 55),
(4374, 10, 47, 1, 3, 55),
(4375, 4, 47, NULL, 1, 55),
(4376, 8, 47, NULL, 1, 55);
INSERT INTO `coefficient_mod_values` (`id`, `id_expense`, `id_apartment`, `value`, `id_mod_type`, `id_upkeep`) VALUES
(4377, 21, 47, NULL, 1, 55),
(4378, 7, 47, NULL, 1, 55),
(4379, 3, 47, NULL, 1, 55),
(4380, 2, 47, NULL, 1, 55),
(4381, 9, 47, NULL, 1, 55),
(4382, 6, 47, NULL, 1, 55),
(4383, 20, 46, 2, 3, 55),
(4384, 10, 46, 2, 3, 55),
(4385, 4, 46, NULL, 1, 55),
(4386, 8, 46, NULL, 1, 55),
(4387, 21, 46, NULL, 1, 55),
(4388, 7, 46, NULL, 1, 55),
(4389, 3, 46, NULL, 1, 55),
(4390, 2, 46, NULL, 1, 55),
(4391, 9, 46, NULL, 1, 55),
(4392, 6, 46, NULL, 1, 55),
(4393, 20, 45, 7, 3, 55),
(4394, 10, 45, 7, 3, 55),
(4395, 4, 45, NULL, 1, 55),
(4396, 8, 45, NULL, 1, 55),
(4397, 21, 45, NULL, 1, 55),
(4398, 7, 45, NULL, 1, 55),
(4399, 3, 45, NULL, 1, 55),
(4400, 2, 45, NULL, 1, 55),
(4401, 9, 45, NULL, 1, 55),
(4402, 6, 45, NULL, 1, 55),
(4403, 20, 44, 2, 3, 55),
(4404, 10, 44, 2, 3, 55),
(4405, 4, 44, NULL, 1, 55),
(4406, 8, 44, NULL, 1, 55),
(4407, 21, 44, NULL, 1, 55),
(4408, 7, 44, NULL, 1, 55),
(4409, 3, 44, NULL, 1, 55),
(4410, 2, 44, NULL, 1, 55),
(4411, 9, 44, NULL, 1, 55),
(4412, 6, 44, NULL, 1, 55),
(4413, 20, 43, 2, 3, 55),
(4414, 10, 43, 2, 3, 55),
(4415, 4, 43, NULL, 1, 55),
(4416, 8, 43, NULL, 1, 55),
(4417, 21, 43, NULL, 1, 55),
(4418, 7, 43, NULL, 1, 55),
(4419, 3, 43, NULL, 1, 55),
(4420, 2, 43, NULL, 1, 55),
(4421, 9, 43, NULL, 1, 55),
(4422, 6, 43, NULL, 1, 55),
(4423, 20, 42, 6, 3, 55),
(4424, 10, 42, 6, 3, 55),
(4425, 4, 42, NULL, 1, 55),
(4426, 8, 42, NULL, 1, 55),
(4427, 21, 42, NULL, 1, 55),
(4428, 7, 42, NULL, 1, 55),
(4429, 3, 42, NULL, 1, 55),
(4430, 2, 42, NULL, 1, 55),
(4431, 9, 42, NULL, 1, 55),
(4432, 6, 42, NULL, 1, 55),
(4433, 20, 39, 3, 3, 55),
(4434, 10, 39, 3, 3, 55),
(4435, 4, 39, NULL, 1, 55),
(4436, 8, 39, NULL, 1, 55),
(4437, 21, 39, NULL, 1, 55),
(4438, 7, 39, NULL, 1, 55),
(4439, 3, 39, NULL, 1, 55),
(4440, 2, 39, NULL, 1, 55),
(4441, 9, 39, NULL, 1, 55),
(4442, 6, 39, NULL, 1, 55),
(4443, 20, 41, 0, 3, 55),
(4444, 10, 41, 0, 3, 55),
(4445, 4, 41, NULL, 1, 55),
(4446, 8, 41, NULL, 1, 55),
(4447, 21, 41, NULL, 1, 55),
(4448, 7, 41, NULL, 1, 55),
(4449, 3, 41, NULL, 1, 55),
(4450, 2, 41, NULL, 1, 55),
(4451, 9, 41, NULL, 1, 55),
(4452, 6, 41, NULL, 1, 55),
(4453, 20, 38, 3, 3, 55),
(4454, 10, 38, 3, 3, 55),
(4455, 4, 38, NULL, 1, 55),
(4456, 8, 38, NULL, 1, 55),
(4457, 21, 38, NULL, 1, 55),
(4458, 7, 38, NULL, 1, 55),
(4459, 3, 38, NULL, 1, 55),
(4460, 2, 38, NULL, 1, 55),
(4461, 9, 38, NULL, 1, 55),
(4462, 6, 38, NULL, 1, 55),
(4463, 20, 34, 4, 3, 55),
(4464, 10, 34, 4, 3, 55),
(4465, 4, 34, NULL, 1, 55),
(4466, 8, 34, NULL, 1, 55),
(4467, 21, 34, NULL, 1, 55),
(4468, 7, 34, NULL, 1, 55),
(4469, 3, 34, NULL, 1, 55),
(4470, 2, 34, NULL, 1, 55),
(4471, 9, 34, NULL, 1, 55),
(4472, 6, 34, NULL, 1, 55),
(4473, 20, 29, 2, 3, 55),
(4474, 10, 29, 2, 3, 55),
(4475, 4, 29, NULL, 1, 55),
(4476, 8, 29, NULL, 1, 55),
(4477, 21, 29, NULL, 1, 55),
(4478, 7, 29, NULL, 1, 55),
(4479, 3, 29, NULL, 1, 55),
(4480, 2, 29, NULL, 1, 55),
(4481, 9, 29, NULL, 1, 55),
(4482, 6, 29, NULL, 1, 55),
(4483, 20, 28, 3, 3, 55),
(4484, 10, 28, 3, 3, 55),
(4485, 4, 28, NULL, 1, 55),
(4486, 8, 28, NULL, 1, 55),
(4487, 21, 28, NULL, 1, 55),
(4488, 7, 28, NULL, 1, 55),
(4489, 3, 28, NULL, 1, 55),
(4490, 2, 28, NULL, 1, 55),
(4491, 9, 28, NULL, 1, 55),
(4492, 6, 28, NULL, 1, 55),
(4493, 20, 26, 1, 3, 55),
(4494, 10, 26, 1, 3, 55),
(4495, 4, 26, NULL, 1, 55),
(4496, 8, 26, NULL, 1, 55),
(4497, 21, 26, NULL, 1, 55),
(4498, 7, 26, NULL, 1, 55),
(4499, 3, 26, NULL, 1, 55),
(4500, 2, 26, NULL, 1, 55),
(4501, 9, 26, NULL, 1, 55),
(4502, 6, 26, NULL, 1, 55),
(4503, 20, 27, 2, 3, 55),
(4504, 10, 27, 2, 3, 55),
(4505, 4, 27, NULL, 1, 55),
(4506, 8, 27, NULL, 1, 55),
(4507, 21, 27, NULL, 1, 55),
(4508, 7, 27, NULL, 1, 55),
(4509, 3, 27, NULL, 1, 55),
(4510, 2, 27, NULL, 1, 55),
(4511, 9, 27, NULL, 1, 55),
(4512, 6, 27, NULL, 1, 55),
(4513, 20, 30, 2, 3, 55),
(4514, 10, 30, 2, 3, 55),
(4515, 4, 30, NULL, 1, 55),
(4516, 8, 30, NULL, 1, 55),
(4517, 21, 30, NULL, 1, 55),
(4518, 7, 30, NULL, 1, 55),
(4519, 3, 30, NULL, 1, 55),
(4520, 2, 30, NULL, 1, 55),
(4521, 9, 30, NULL, 1, 55),
(4522, 6, 30, NULL, 1, 55),
(4523, 20, 31, 1, 3, 55),
(4524, 10, 31, 1, 3, 55),
(4525, 4, 31, NULL, 1, 55),
(4526, 8, 31, NULL, 1, 55),
(4527, 21, 31, NULL, 1, 55),
(4528, 7, 31, NULL, 1, 55),
(4529, 3, 31, NULL, 1, 55),
(4530, 2, 31, NULL, 1, 55),
(4531, 9, 31, NULL, 1, 55),
(4532, 6, 31, NULL, 1, 55),
(4533, 20, 32, 3, 3, 55),
(4534, 10, 32, 3, 3, 55),
(4535, 4, 32, NULL, 1, 55),
(4536, 8, 32, NULL, 1, 55),
(4537, 21, 32, NULL, 1, 55),
(4538, 7, 32, NULL, 1, 55),
(4539, 3, 32, NULL, 1, 55),
(4540, 2, 32, NULL, 1, 55),
(4541, 9, 32, NULL, 1, 55),
(4542, 6, 32, NULL, 1, 55),
(4543, 20, 21, 3.85, 3, 57),
(4544, 10, 21, 3.85, 3, 57),
(4545, 20, 22, 9, 3, 57),
(4546, 10, 22, 9, 3, 57),
(4547, 20, 23, 9, 3, 57),
(4548, 10, 23, 9, 3, 57),
(4549, 20, 25, 5, 3, 57),
(4550, 10, 25, 5, 3, 57),
(4551, 20, 24, 3, 3, 57),
(4552, 10, 24, 3, 3, 57),
(4553, 20, 26, 3, 3, 57),
(4554, 10, 26, 3, 3, 57),
(4555, 20, 27, 4, 3, 57),
(4556, 10, 27, 4, 3, 57),
(4557, 20, 28, 7, 3, 57),
(4558, 10, 28, 7, 3, 57),
(4559, 20, 29, 4, 3, 57),
(4560, 10, 29, 4, 3, 57),
(4561, 20, 30, 4, 3, 57),
(4562, 10, 30, 4, 3, 57),
(4563, 20, 31, 3, 3, 57),
(4564, 10, 31, 3, 3, 57),
(4565, 20, 32, 8, 3, 57),
(4566, 10, 32, 8, 3, 57),
(4567, 20, 33, 3, 3, 57),
(4568, 10, 33, 3, 3, 57),
(4569, 20, 34, 6, 3, 57),
(4570, 10, 34, 6, 3, 57),
(4571, 20, 35, 5, 3, 57),
(4572, 10, 35, 5, 3, 57),
(4573, 20, 36, 3, 3, 57),
(4574, 10, 36, 3, 3, 57),
(4575, 20, 37, 5, 3, 57),
(4576, 10, 37, 5, 3, 57),
(4577, 20, 38, 3, 3, 57),
(4578, 10, 38, 3, 3, 57),
(4579, 20, 39, 3, 3, 57),
(4580, 10, 39, 3, 3, 57),
(4581, 20, 40, 0, 3, 57),
(4582, 10, 40, 0, 3, 57),
(4583, 20, 41, 0, 3, 57),
(4584, 10, 41, 0, 3, 57),
(4585, 20, 42, 5, 3, 57),
(4586, 10, 42, 5, 3, 57),
(4587, 20, 43, 4, 3, 57),
(4588, 10, 43, 4, 3, 57),
(4589, 20, 44, 4, 3, 57),
(4590, 10, 44, 4, 3, 57),
(4591, 20, 45, 6, 3, 57),
(4592, 10, 45, 6, 3, 57),
(4593, 20, 46, 3, 3, 57),
(4594, 10, 46, 3, 3, 57),
(4595, 20, 47, 3, 3, 57),
(4596, 10, 47, 3, 3, 57),
(4597, 20, 48, 0, 3, 57),
(4598, 10, 48, 0, 3, 57),
(4599, 20, 49, 3, 3, 57),
(4600, 10, 49, 3, 3, 57),
(4601, 20, 50, 4, 3, 57),
(4602, 10, 50, 4, 3, 57),
(4603, 20, 51, 4, 3, 57),
(4604, 10, 51, 4, 3, 57),
(4605, 20, 52, 3, 3, 57),
(4606, 10, 52, 3, 3, 57),
(4607, 20, 53, 6, 3, 57),
(4608, 10, 53, 6, 3, 57),
(4609, 20, 54, 4, 3, 57),
(4610, 10, 54, 4, 3, 57),
(4611, 20, 55, 5, 3, 57),
(4612, 10, 55, 5, 3, 57),
(4613, 20, 56, 3, 3, 57),
(4614, 10, 56, 3, 3, 57),
(4615, 20, 57, 5, 3, 57),
(4616, 10, 57, 5, 3, 57),
(4617, 20, 58, 0, 3, 57),
(4618, 10, 58, 0, 3, 57),
(4619, 20, 59, 3, 3, 57),
(4620, 10, 59, 3, 3, 57),
(4621, 20, 60, 4, 3, 57),
(4622, 10, 60, 4, 3, 57),
(4623, 20, 61, 4, 3, 57),
(4624, 10, 61, 4, 3, 57),
(4625, 20, 62, 5, 3, 57),
(4626, 10, 62, 5, 3, 57),
(4627, 20, 63, 2.75, 3, 57),
(4628, 10, 63, 2.75, 3, 57),
(4629, 20, 64, 3, 3, 57),
(4630, 10, 64, 3, 3, 57),
(4631, 20, 65, 8, 3, 57),
(4632, 10, 65, 8, 3, 57),
(4633, 20, 66, 8, 3, 57),
(4634, 10, 66, 8, 3, 57),
(4635, 20, 67, 6, 3, 57),
(4636, 10, 67, 6, 3, 57),
(4637, 20, 68, 3, 3, 57),
(4638, 10, 68, 3, 3, 57),
(4639, 20, 69, 5, 3, 57),
(4640, 10, 69, 5, 3, 57),
(4641, 20, 70, 3, 3, 57),
(4642, 10, 70, 3, 3, 57),
(4643, 20, 71, 8, 3, 57),
(4644, 10, 71, 8, 3, 57),
(4645, 20, 72, 0, 3, 57),
(4646, 10, 72, 0, 3, 57),
(4647, 20, 73, 4, 3, 57),
(4648, 10, 73, 4, 3, 57),
(4649, 20, 74, 3, 3, 57),
(4650, 10, 74, 3, 3, 57),
(4651, 20, 75, 8, 3, 57),
(4652, 10, 75, 8, 3, 57),
(4653, 20, 21, 4.25, 3, 58),
(4654, 10, 21, 4.25, 3, 58),
(4655, 20, 22, 7, 3, 58),
(4656, 10, 22, 7, 3, 58),
(4657, 20, 23, 7, 3, 58),
(4658, 10, 23, 7, 3, 58),
(4659, 20, 25, 4, 3, 58),
(4660, 10, 25, 4, 3, 58),
(4661, 20, 24, 3, 3, 58),
(4662, 10, 24, 3, 3, 58),
(4663, 20, 26, 3, 3, 58),
(4664, 10, 26, 3, 3, 58),
(4665, 20, 27, NULL, 3, 58),
(4666, 10, 27, NULL, 3, 58),
(4667, 20, 28, 6, 3, 58),
(4668, 10, 28, 6, 3, 58),
(4669, 20, 29, 5, 3, 58),
(4670, 10, 29, 5, 3, 58),
(4671, 20, 30, 5, 3, 58),
(4672, 10, 30, 5, 3, 58),
(4673, 20, 31, 4, 3, 58),
(4674, 10, 31, 4, 3, 58),
(4675, 20, 32, 6, 3, 58),
(4676, 10, 32, 6, 3, 58),
(4677, 20, 33, 4, 3, 58),
(4678, 10, 33, 4, 3, 58),
(4679, 20, 34, 6, 3, 58),
(4680, 10, 34, 6, 3, 58),
(4681, 20, 35, 5, 3, 58),
(4682, 10, 35, 5, 3, 58),
(4683, 20, 36, 4, 3, 58),
(4684, 10, 36, 4, 3, 58),
(4685, 20, 37, 6, 3, 58),
(4686, 10, 37, 6, 3, 58),
(4687, 20, 38, 4, 3, 58),
(4688, 10, 38, 4, 3, 58),
(4689, 20, 39, 4, 3, 58),
(4690, 10, 39, 4, 3, 58),
(4691, 20, 40, 0, 3, 58),
(4692, 10, 40, 0, 3, 58),
(4693, 20, 41, 0, 3, 58),
(4694, 10, 41, 0, 3, 58),
(4695, 20, 42, 6, 3, 58),
(4696, 10, 42, 6, 3, 58),
(4697, 20, 43, 5, 3, 58),
(4698, 10, 43, 5, 3, 58),
(4699, 20, 44, 5, 3, 58),
(4700, 10, 44, 5, 3, 58),
(4701, 20, 45, 6, 3, 58),
(4702, 10, 45, 6, 3, 58),
(4703, 20, 46, 3, 3, 58),
(4704, 10, 46, 3, 3, 58),
(4705, 20, 47, 3, 3, 58),
(4706, 10, 47, 3, 3, 58),
(4707, 20, 48, 0, 3, 58),
(4708, 10, 48, 0, 3, 58),
(4709, 20, 49, 3, 3, 58),
(4710, 10, 49, 3, 3, 58),
(4711, 20, 50, 1, 3, 58),
(4712, 10, 50, 1, 3, 58),
(4713, 20, 51, 4, 3, 58),
(4714, 10, 51, 4, 3, 58),
(4715, 20, 52, 2, 3, 58),
(4716, 10, 52, 2, 3, 58),
(4717, 20, 53, 3, 3, 58),
(4718, 10, 53, 3, 3, 58),
(4719, 20, 54, 2, 3, 58),
(4720, 10, 54, 2, 3, 58),
(4721, 20, 55, 4, 3, 58),
(4722, 10, 55, 4, 3, 58),
(4723, 20, 56, 0, 3, 58),
(4724, 10, 56, 0, 3, 58),
(4725, 20, 57, 6, 3, 58),
(4726, 10, 57, 6, 3, 58),
(4727, 20, 58, 3, 3, 58),
(4728, 10, 58, 3, 3, 58),
(4729, 20, 59, 3, 3, 58),
(4730, 10, 59, 3, 3, 58),
(4731, 20, 60, 5, 3, 58),
(4732, 10, 60, 5, 3, 58),
(4733, 20, 61, 5, 3, 58),
(4734, 10, 61, 5, 3, 58),
(4735, 20, 62, 6, 3, 58),
(4736, 10, 62, 6, 3, 58),
(4737, 20, 63, 4.4, 3, 58),
(4738, 10, 63, 4.4, 3, 58),
(4739, 20, 64, 4, 3, 58),
(4740, 10, 64, 4, 3, 58),
(4741, 20, 65, 5, 3, 58),
(4742, 10, 65, 5, 3, 58),
(4743, 20, 66, 5, 3, 58),
(4744, 10, 66, 5, 3, 58),
(4745, 20, 67, 5, 3, 58),
(4746, 10, 67, 5, 3, 58),
(4747, 20, 68, 4, 3, 58),
(4748, 10, 68, 4, 3, 58),
(4749, 20, 69, 6, 3, 58),
(4750, 10, 69, 6, 3, 58),
(4751, 20, 70, 4, 3, 58),
(4752, 10, 70, 4, 3, 58),
(4753, 20, 71, 4, 3, 58),
(4754, 10, 71, 4, 3, 58),
(4755, 20, 72, 0, 3, 58),
(4756, 10, 72, 0, 3, 58),
(4757, 20, 73, 5, 3, 58),
(4758, 10, 73, 5, 3, 58),
(4759, 20, 74, 4, 3, 58),
(4760, 10, 74, 4, 3, 58),
(4761, 20, 75, 6, 3, 58),
(4762, 10, 75, 6, 3, 58),
(4763, 4, 24, NULL, 1, 58),
(4764, 8, 24, NULL, 1, 58),
(4765, 21, 24, NULL, 1, 58),
(4766, 7, 24, NULL, 1, 58),
(4767, 3, 24, NULL, 1, 58),
(4768, 2, 24, NULL, 1, 58),
(4769, 9, 24, NULL, 1, 58),
(4770, 6, 24, NULL, 1, 58),
(4771, 4, 25, NULL, 1, 58),
(4772, 8, 25, NULL, 1, 58),
(4773, 21, 25, NULL, 1, 58);
INSERT INTO `coefficient_mod_values` (`id`, `id_expense`, `id_apartment`, `value`, `id_mod_type`, `id_upkeep`) VALUES
(4774, 7, 25, NULL, 1, 58),
(4775, 3, 25, NULL, 1, 58),
(4776, 2, 25, NULL, 1, 58),
(4777, 9, 25, NULL, 1, 58),
(4778, 6, 25, NULL, 1, 58),
(4779, 4, 21, NULL, 1, 58),
(4780, 8, 21, NULL, 1, 58),
(4781, 21, 21, NULL, 1, 58),
(4782, 7, 21, NULL, 1, 58),
(4783, 3, 21, NULL, 1, 58),
(4784, 2, 21, NULL, 1, 58),
(4785, 9, 21, NULL, 1, 58),
(4786, 6, 21, NULL, 1, 58),
(4787, 4, 27, NULL, 1, 58),
(4788, 8, 27, NULL, 1, 58),
(4789, 21, 27, NULL, 1, 58),
(4790, 7, 27, NULL, 1, 58),
(4791, 3, 27, NULL, 1, 58),
(4792, 2, 27, NULL, 1, 58),
(4793, 9, 27, NULL, 1, 58),
(4794, 6, 27, NULL, 1, 58),
(4795, 20, 21, 4, 3, 59),
(4796, 10, 21, 4, 3, 59),
(4797, 20, 22, 7, 3, 59),
(4798, 10, 22, 7, 3, 59),
(4799, 20, 23, 7, 3, 59),
(4800, 10, 23, 7, 3, 59),
(4801, 20, 25, 4, 3, 59),
(4802, 10, 25, 4, 3, 59),
(4803, 20, 24, 4, 3, 59),
(4804, 10, 24, 4, 3, 59),
(4805, 20, 26, 4, 3, 59),
(4806, 10, 26, 4, 3, 59),
(4807, 20, 27, 5, 3, 59),
(4808, 10, 27, 5, 3, 59),
(4809, 20, 28, 6, 3, 59),
(4810, 10, 28, 6, 3, 59),
(4811, 20, 29, 0, 3, 59),
(4812, 10, 29, 0, 3, 59),
(4813, 20, 30, 5, 3, 59),
(4814, 10, 30, 5, 3, 59),
(4815, 20, 31, 4, 3, 59),
(4816, 10, 31, 4, 3, 59),
(4817, 20, 32, 6, 3, 59),
(4818, 10, 32, 6, 3, 59),
(4819, 20, 33, 4, 3, 59),
(4820, 10, 33, 4, 3, 59),
(4821, 20, 34, 7, 3, 59),
(4822, 10, 34, 7, 3, 59),
(4823, 20, 35, 6, 3, 59),
(4824, 10, 35, 6, 3, 59),
(4825, 20, 36, 4, 3, 59),
(4826, 10, 36, 4, 3, 59),
(4827, 20, 37, 6, 3, 59),
(4828, 10, 37, 6, 3, 59),
(4829, 20, 38, 5, 3, 59),
(4830, 10, 38, 5, 3, 59),
(4831, 20, 39, 4, 3, 59),
(4832, 10, 39, 4, 3, 59),
(4833, 20, 40, 4, 3, 59),
(4834, 10, 40, 4, 3, 59),
(4835, 20, 41, NULL, 3, 59),
(4836, 10, 41, NULL, 3, 59),
(4837, 20, 42, 6, 3, 59),
(4838, 10, 42, 6, 3, 59),
(4839, 20, 43, 4, 3, 59),
(4840, 10, 43, 4, 3, 59),
(4841, 20, 44, 4, 3, 59),
(4842, 10, 44, 4, 3, 59),
(4843, 20, 45, 7, 3, 59),
(4844, 10, 45, 7, 3, 59),
(4845, 20, 46, 4, 3, 59),
(4846, 10, 46, 4, 3, 59),
(4847, 20, 47, 4, 3, 59),
(4848, 10, 47, 4, 3, 59),
(4849, 20, 48, 0, 3, 59),
(4850, 10, 48, 0, 3, 59),
(4851, 20, 49, 3, 3, 59),
(4852, 10, 49, 3, 3, 59),
(4853, 20, 50, 3, 3, 59),
(4854, 10, 50, 3, 3, 59),
(4855, 20, 51, 5, 3, 59),
(4856, 10, 51, 5, 3, 59),
(4857, 20, 52, 4, 3, 59),
(4858, 10, 52, 4, 3, 59),
(4859, 20, 53, 6, 3, 59),
(4860, 10, 53, 6, 3, 59),
(4861, 20, 54, 6, 3, 59),
(4862, 10, 54, 6, 3, 59),
(4863, 20, 55, 6, 3, 59),
(4864, 10, 55, 6, 3, 59),
(4865, 20, 56, 4, 3, 59),
(4866, 10, 56, 4, 3, 59),
(4867, 20, 57, 5, 3, 59),
(4868, 10, 57, 5, 3, 59),
(4869, 20, 58, 5, 3, 59),
(4870, 10, 58, 5, 3, 59),
(4871, 20, 59, 3, 3, 59),
(4872, 10, 59, 3, 3, 59),
(4873, 20, 60, 5, 3, 59),
(4874, 10, 60, 5, 3, 59),
(4875, 20, 61, 5, 3, 59),
(4876, 10, 61, 5, 3, 59),
(4877, 20, 62, 6, 3, 59),
(4878, 10, 62, 6, 3, 59),
(4879, 20, 63, 5.5, 3, 59),
(4880, 10, 63, 5.5, 3, 59),
(4881, 20, 64, 4, 3, 59),
(4882, 10, 64, 4, 3, 59),
(4883, 20, 65, 5, 3, 59),
(4884, 10, 65, 5, 3, 59),
(4885, 20, 66, 5, 3, 59),
(4886, 10, 66, 5, 3, 59),
(4887, 20, 67, 5, 3, 59),
(4888, 10, 67, 5, 3, 59),
(4889, 20, 68, 4, 3, 59),
(4890, 10, 68, 4, 3, 59),
(4891, 20, 69, 6, 3, 59),
(4892, 10, 69, 6, 3, 59),
(4893, 20, 70, 4, 3, 59),
(4894, 10, 70, 4, 3, 59),
(4895, 20, 71, 4, 3, 59),
(4896, 10, 71, 4, 3, 59),
(4897, 20, 72, 0, 3, 59),
(4898, 10, 72, 0, 3, 59),
(4899, 20, 73, 2, 3, 59),
(4900, 10, 73, 2, 3, 59),
(4901, 20, 74, 3, 3, 59),
(4902, 10, 74, 3, 3, 59),
(4903, 20, 75, 3, 3, 59),
(4904, 10, 75, 3, 3, 59),
(4905, 4, 41, NULL, 1, 59),
(4906, 8, 41, NULL, 1, 59),
(4907, 21, 41, NULL, 1, 59),
(4908, 7, 41, NULL, 1, 59),
(4909, 3, 41, NULL, 1, 59),
(4910, 2, 41, NULL, 1, 59),
(4911, 9, 41, NULL, 1, 59),
(4912, 6, 41, NULL, 1, 59),
(4913, 20, 21, 3.58, 3, 60),
(4914, 10, 21, 3.58, 3, 60),
(4915, 20, 22, 9, 3, 60),
(4916, 10, 22, 9, 3, 60),
(4917, 20, 23, 9, 3, 60),
(4918, 10, 23, 9, 3, 60),
(4919, 20, 25, 3, 3, 60),
(4920, 10, 25, 3, 3, 60),
(4921, 20, 24, 3, 3, 60),
(4922, 10, 24, 3, 3, 60),
(4923, 20, 26, 3, 3, 60),
(4924, 10, 26, 3, 3, 60),
(4925, 20, 27, 4, 3, 60),
(4926, 10, 27, 4, 3, 60),
(4927, 20, 28, 5, 3, 60),
(4928, 10, 28, 5, 3, 60),
(4929, 20, 29, 0, 3, 60),
(4930, 10, 29, 0, 3, 60),
(4931, 20, 30, 4, 3, 60),
(4932, 10, 30, 4, 3, 60),
(4933, 20, 31, 3, 3, 60),
(4934, 10, 31, 3, 3, 60),
(4935, 20, 32, 5, 3, 60),
(4936, 10, 32, 5, 3, 60),
(4937, 20, 33, 3, 3, 60),
(4938, 10, 33, 3, 3, 60),
(4939, 20, 34, 9, 3, 60),
(4940, 10, 34, 9, 3, 60),
(4941, 20, 35, 7, 3, 60),
(4942, 10, 35, 7, 3, 60),
(4943, 20, 36, 3, 3, 60),
(4944, 10, 36, 3, 3, 60),
(4945, 20, 37, 5, 3, 60),
(4946, 10, 37, 5, 3, 60),
(4947, 20, 38, 4, 3, 60),
(4948, 10, 38, 4, 3, 60),
(4949, 20, 39, 3, 3, 60),
(4950, 10, 39, 3, 3, 60),
(4951, 20, 40, 3, 3, 60),
(4952, 10, 40, 3, 3, 60),
(4953, 20, 41, 0, 3, 60),
(4954, 10, 41, 0, 3, 60),
(4955, 20, 42, 5, 3, 60),
(4956, 10, 42, 5, 3, 60),
(4957, 20, 43, 4, 3, 60),
(4958, 10, 43, 4, 3, 60),
(4959, 20, 44, 4, 3, 60),
(4960, 10, 44, 4, 3, 60),
(4961, 20, 45, 6, 3, 60),
(4962, 10, 45, 6, 3, 60),
(4963, 20, 46, 3, 3, 60),
(4964, 10, 46, 3, 3, 60),
(4965, 20, 47, 3, 3, 60),
(4966, 10, 47, 3, 3, 60),
(4967, 20, 48, 0, 3, 60),
(4968, 10, 48, 0, 3, 60),
(4969, 20, 49, 3, 3, 60),
(4970, 10, 49, 3, 3, 60),
(4971, 20, 50, 3, 3, 60),
(4972, 10, 50, 3, 3, 60),
(4973, 20, 51, 4, 3, 60),
(4974, 10, 51, 4, 3, 60),
(4975, 20, 52, 5, 3, 60),
(4976, 10, 52, 5, 3, 60),
(4977, 20, 53, 5, 3, 60),
(4978, 10, 53, 5, 3, 60),
(4979, 20, 54, 5, 3, 60),
(4980, 10, 54, 5, 3, 60),
(4981, 20, 55, 5, 3, 60),
(4982, 10, 55, 5, 3, 60),
(4983, 20, 56, 3, 3, 60),
(4984, 10, 56, 3, 3, 60),
(4985, 20, 57, 5, 3, 60),
(4986, 10, 57, 5, 3, 60),
(4987, 20, 58, 4, 3, 60),
(4988, 10, 58, 4, 3, 60),
(4989, 20, 59, 3, 3, 60),
(4990, 10, 59, 3, 3, 60),
(4991, 20, 60, 4, 3, 60),
(4992, 10, 60, 4, 3, 60),
(4993, 20, 61, 4, 3, 60),
(4994, 10, 61, 4, 3, 60),
(4995, 20, 62, 5, 3, 60),
(4996, 10, 62, 5, 3, 60),
(4997, 20, 63, 3.3, 3, 60),
(4998, 10, 63, 3.3, 3, 60),
(4999, 20, 64, 3, 3, 60),
(5000, 10, 64, 3, 3, 60),
(5001, 20, 65, 4, 3, 60),
(5002, 10, 65, 4, 3, 60),
(5003, 20, 66, 4, 3, 60),
(5004, 10, 66, 4, 3, 60),
(5005, 20, 67, 4, 3, 60),
(5006, 10, 67, 4, 3, 60),
(5007, 20, 68, 3, 3, 60),
(5008, 10, 68, 3, 3, 60),
(5009, 20, 69, 5, 3, 60),
(5010, 10, 69, 5, 3, 60),
(5011, 20, 70, 3, 3, 60),
(5012, 10, 70, 3, 3, 60),
(5013, 20, 71, 3, 3, 60),
(5014, 10, 71, 3, 3, 60),
(5015, 20, 72, 0, 3, 60),
(5016, 10, 72, 0, 3, 60),
(5017, 20, 73, 6, 3, 60),
(5018, 10, 73, 6, 3, 60),
(5019, 20, 74, 0, 3, 60),
(5020, 10, 74, 0, 3, 60),
(5021, 20, 75, 8, 3, 60),
(5022, 10, 75, 8, 3, 60),
(5023, 20, 21, 5.6, 3, 61),
(5024, 10, 21, 5.6, 3, 61),
(5025, 20, 22, 10, 3, 61),
(5026, 10, 22, 10, 3, 61),
(5027, 20, 23, 10, 3, 61),
(5028, 10, 23, 10, 3, 61),
(5029, 20, 25, 7, 3, 61),
(5030, 10, 25, 7, 3, 61),
(5031, 20, 24, 7, 3, 61),
(5032, 10, 24, 7, 3, 61),
(5033, 20, 26, 5, 3, 61),
(5034, 10, 26, 5, 3, 61),
(5035, 20, 27, 6, 3, 61),
(5036, 10, 27, 6, 3, 61),
(5037, 20, 28, 7, 3, 61),
(5038, 10, 28, 7, 3, 61),
(5039, 20, 29, 0, 3, 61),
(5040, 10, 29, 0, 3, 61),
(5041, 20, 30, 9, 3, 61),
(5042, 10, 30, 9, 3, 61),
(5043, 20, 31, 5, 3, 61),
(5044, 10, 31, 5, 3, 61),
(5045, 20, 32, 7, 3, 61),
(5046, 10, 32, 7, 3, 61),
(5047, 20, 33, 5, 3, 61),
(5048, 10, 33, 5, 3, 61),
(5049, 20, 34, 8, 3, 61),
(5050, 10, 34, 8, 3, 61),
(5051, 20, 35, 7, 3, 61),
(5052, 10, 35, 7, 3, 61),
(5053, 20, 36, 5, 3, 61),
(5054, 10, 36, 5, 3, 61),
(5055, 20, 37, 7, 3, 61),
(5056, 10, 37, 7, 3, 61),
(5057, 20, 38, 6, 3, 61),
(5058, 10, 38, 6, 3, 61),
(5059, 20, 39, 5, 3, 61),
(5060, 10, 39, 5, 3, 61),
(5061, 20, 40, 5, 3, 61),
(5062, 10, 40, 5, 3, 61),
(5063, 20, 41, 0, 3, 61),
(5064, 10, 41, 0, 3, 61),
(5065, 20, 42, 7, 3, 61),
(5066, 10, 42, 7, 3, 61),
(5067, 20, 43, 6, 3, 61),
(5068, 10, 43, 6, 3, 61),
(5069, 20, 44, 7, 3, 61),
(5070, 10, 44, 7, 3, 61),
(5071, 20, 45, 8, 3, 61),
(5072, 10, 45, 8, 3, 61),
(5073, 20, 46, 5, 3, 61),
(5074, 10, 46, 5, 3, 61),
(5075, 20, 47, 5, 3, 61),
(5076, 10, 47, 5, 3, 61),
(5077, 20, 48, 8, 3, 61),
(5078, 10, 48, 8, 3, 61),
(5079, 20, 49, 9, 3, 61),
(5080, 10, 49, 9, 3, 61),
(5081, 20, 50, 5, 3, 61),
(5082, 10, 50, 5, 3, 61),
(5083, 20, 51, 7, 3, 61),
(5084, 10, 51, 7, 3, 61),
(5085, 20, 52, 5, 3, 61),
(5086, 10, 52, 5, 3, 61),
(5087, 20, 53, 10, 3, 61),
(5088, 10, 53, 10, 3, 61),
(5089, 20, 54, 10, 3, 61),
(5090, 10, 54, 10, 3, 61),
(5091, 20, 55, 10, 3, 61),
(5092, 10, 55, 10, 3, 61),
(5093, 20, 56, 5, 3, 61),
(5094, 10, 56, 5, 3, 61),
(5095, 20, 57, 10, 3, 61),
(5096, 10, 57, 10, 3, 61),
(5097, 20, 58, 6, 3, 61),
(5098, 10, 58, 6, 3, 61),
(5099, 20, 59, 7, 3, 61),
(5100, 10, 59, 7, 3, 61),
(5101, 20, 60, 6, 3, 61),
(5102, 10, 60, 6, 3, 61),
(5103, 20, 61, 6, 3, 61),
(5104, 10, 61, 6, 3, 61),
(5105, 20, 62, 7, 3, 61),
(5106, 10, 62, 7, 3, 61),
(5107, 20, 63, 2.2, 3, 61),
(5108, 10, 63, 2.2, 3, 61),
(5109, 20, 64, 5, 3, 61),
(5110, 10, 64, 5, 3, 61),
(5111, 20, 65, 6, 3, 61),
(5112, 10, 65, 6, 3, 61),
(5113, 20, 66, 9, 3, 61),
(5114, 10, 66, 9, 3, 61),
(5115, 20, 67, 6, 3, 61),
(5116, 10, 67, 6, 3, 61),
(5117, 20, 68, 5, 3, 61),
(5118, 10, 68, 5, 3, 61),
(5119, 20, 69, 7, 3, 61),
(5120, 10, 69, 7, 3, 61),
(5121, 20, 70, 5, 3, 61),
(5122, 10, 70, 5, 3, 61),
(5123, 20, 71, 9, 3, 61),
(5124, 10, 71, 9, 3, 61),
(5125, 20, 72, 0, 3, 61),
(5126, 10, 72, 0, 3, 61),
(5127, 20, 73, 6, 3, 61),
(5128, 10, 73, 6, 3, 61),
(5129, 20, 74, 0, 3, 61),
(5130, 10, 74, 0, 3, 61),
(5131, 20, 75, 7, 3, 61),
(5132, 10, 75, 7, 3, 61),
(5133, 20, 21, 5.1, 3, 62),
(5134, 10, 21, 5.1, 3, 62),
(5135, 20, 22, 7, 3, 62),
(5136, 10, 22, 7, 3, 62),
(5137, 20, 23, 7, 3, 62),
(5138, 10, 23, 7, 3, 62),
(5139, 20, 25, 5, 3, 62),
(5140, 10, 25, 5, 3, 62),
(5141, 20, 24, 5, 3, 62),
(5142, 10, 24, 5, 3, 62),
(5143, 20, 26, 5, 3, 62),
(5144, 10, 26, 5, 3, 62),
(5145, 20, 27, 6, 3, 62),
(5146, 10, 27, 6, 3, 62),
(5147, 20, 28, 8, 3, 62),
(5148, 10, 28, 8, 3, 62),
(5149, 20, 29, 6, 3, 62),
(5150, 10, 29, 6, 3, 62),
(5151, 20, 30, 6, 3, 62),
(5152, 10, 30, 6, 3, 62),
(5153, 20, 31, 5, 3, 62),
(5154, 10, 31, 5, 3, 62),
(5155, 20, 32, 7, 3, 62),
(5156, 10, 32, 7, 3, 62),
(5157, 20, 33, 5, 3, 62),
(5158, 10, 33, 5, 3, 62),
(5159, 20, 34, 8, 3, 62),
(5160, 10, 34, 8, 3, 62),
(5161, 20, 35, 7, 3, 62),
(5162, 10, 35, 7, 3, 62),
(5163, 20, 36, 5, 3, 62),
(5164, 10, 36, 5, 3, 62),
(5165, 20, 37, 7, 3, 62),
(5166, 10, 37, 7, 3, 62),
(5167, 20, 38, 6, 3, 62),
(5168, 10, 38, 6, 3, 62),
(5169, 20, 39, 5, 3, 62),
(5170, 10, 39, 5, 3, 62),
(5171, 20, 40, 5, 3, 62),
(5172, 10, 40, 5, 3, 62),
(5173, 20, 41, 0, 3, 62),
(5174, 10, 41, 0, 3, 62),
(5175, 20, 42, 7, 3, 62),
(5176, 10, 42, 7, 3, 62),
(5177, 20, 43, 6, 3, 62),
(5178, 10, 43, 6, 3, 62),
(5179, 20, 44, 6, 3, 62),
(5180, 10, 44, 6, 3, 62);
INSERT INTO `coefficient_mod_values` (`id`, `id_expense`, `id_apartment`, `value`, `id_mod_type`, `id_upkeep`) VALUES
(5181, 20, 45, 8, 3, 62),
(5182, 10, 45, 8, 3, 62),
(5183, 20, 46, 5, 3, 62),
(5184, 10, 46, 5, 3, 62),
(5185, 20, 47, 5, 3, 62),
(5186, 10, 47, 5, 3, 62),
(5187, 20, 48, 7, 3, 62),
(5188, 10, 48, 7, 3, 62),
(5189, 20, 49, 5, 3, 62),
(5190, 10, 49, 5, 3, 62),
(5191, 20, 50, 5, 3, 62),
(5192, 10, 50, 5, 3, 62),
(5193, 20, 51, 6, 3, 62),
(5194, 10, 51, 6, 3, 62),
(5195, 20, 52, 5, 3, 62),
(5196, 10, 52, 5, 3, 62),
(5197, 20, 53, 7, 3, 62),
(5198, 10, 53, 7, 3, 62),
(5199, 20, 54, 7, 3, 62),
(5200, 10, 54, 7, 3, 62),
(5201, 20, 55, 7, 3, 62),
(5202, 10, 55, 7, 3, 62),
(5203, 20, 56, 5, 3, 62),
(5204, 10, 56, 5, 3, 62),
(5205, 20, 57, 7, 3, 62),
(5206, 10, 57, 7, 3, 62),
(5207, 20, 58, 6, 3, 62),
(5208, 10, 58, 6, 3, 62),
(5209, 20, 59, 5, 3, 62),
(5210, 10, 59, 5, 3, 62),
(5211, 20, 60, 6, 3, 62),
(5212, 10, 60, 6, 3, 62),
(5213, 20, 61, 6, 3, 62),
(5214, 10, 61, 6, 3, 62),
(5215, 20, 62, 7, 3, 62),
(5216, 10, 62, 7, 3, 62),
(5217, 20, 63, 3.3, 3, 62),
(5218, 10, 63, 3.3, 3, 62),
(5219, 20, 64, 5, 3, 62),
(5220, 10, 64, 5, 3, 62),
(5221, 20, 65, 6, 3, 62),
(5222, 10, 65, 6, 3, 62),
(5223, 20, 66, 4, 3, 62),
(5224, 10, 66, 4, 3, 62),
(5225, 20, 67, 6, 3, 62),
(5226, 10, 67, 6, 3, 62),
(5227, 20, 68, 5, 3, 62),
(5228, 10, 68, 5, 3, 62),
(5229, 20, 69, 7, 3, 62),
(5230, 10, 69, 7, 3, 62),
(5231, 20, 70, 5, 3, 62),
(5232, 10, 70, 5, 3, 62),
(5233, 20, 71, 5, 3, 62),
(5234, 10, 71, 5, 3, 62),
(5235, 20, 72, 0, 3, 62),
(5236, 10, 72, 0, 3, 62),
(5237, 20, 73, 6, 3, 62),
(5238, 10, 73, 6, 3, 62),
(5239, 20, 74, 7, 3, 62),
(5240, 10, 74, 7, 3, 62),
(5241, 20, 75, 7, 3, 62),
(5242, 10, 75, 7, 3, 62),
(5243, 20, 21, 4.66, 3, 63),
(5244, 10, 21, 4.66, 3, 63),
(5245, 20, 22, 7, 3, 63),
(5246, 10, 22, 7, 3, 63),
(5247, 20, 23, 7, 3, 63),
(5248, 10, 23, 7, 3, 63),
(5249, 20, 25, 5, 3, 63),
(5250, 10, 25, 5, 3, 63),
(5251, 20, 24, 5, 3, 63),
(5252, 10, 24, 5, 3, 63),
(5253, 20, 26, 5, 3, 63),
(5254, 10, 26, 5, 3, 63),
(5255, 20, 27, 6, 3, 63),
(5256, 10, 27, 6, 3, 63),
(5257, 20, 28, 7, 3, 63),
(5258, 10, 28, 7, 3, 63),
(5259, 20, 29, 6, 3, 63),
(5260, 10, 29, 6, 3, 63),
(5261, 20, 30, 6, 3, 63),
(5262, 10, 30, 6, 3, 63),
(5263, 20, 31, 5, 3, 63),
(5264, 10, 31, 5, 3, 63),
(5265, 20, 32, 7, 3, 63),
(5266, 10, 32, 7, 3, 63),
(5267, 20, 33, 5, 3, 63),
(5268, 10, 33, 5, 3, 63),
(5269, 20, 34, 7, 3, 63),
(5270, 10, 34, 7, 3, 63),
(5271, 20, 35, 6, 3, 63),
(5272, 10, 35, 6, 3, 63),
(5273, 20, 36, 4, 3, 63),
(5274, 10, 36, 4, 3, 63),
(5275, 20, 37, 6, 3, 63),
(5276, 10, 37, 6, 3, 63),
(5277, 20, 38, 5, 3, 63),
(5278, 10, 38, 5, 3, 63),
(5279, 20, 39, 4, 3, 63),
(5280, 10, 39, 4, 3, 63),
(5281, 20, 40, 4, 3, 63),
(5282, 10, 40, 4, 3, 63),
(5283, 20, 41, 0, 3, 63),
(5284, 10, 41, 0, 3, 63),
(5285, 20, 42, 6, 3, 63),
(5286, 10, 42, 6, 3, 63),
(5287, 20, 43, 5, 3, 63),
(5288, 10, 43, 5, 3, 63),
(5289, 20, 44, 5, 3, 63),
(5290, 10, 44, 5, 3, 63),
(5291, 20, 45, 7, 3, 63),
(5292, 10, 45, 7, 3, 63),
(5293, 20, 46, 4, 3, 63),
(5294, 10, 46, 4, 3, 63),
(5295, 20, 47, 4, 3, 63),
(5296, 10, 47, 4, 3, 63),
(5297, 20, 48, 6, 3, 63),
(5298, 10, 48, 6, 3, 63),
(5299, 20, 49, 4, 3, 63),
(5300, 10, 49, 4, 3, 63),
(5301, 20, 50, 4, 3, 63),
(5302, 10, 50, 4, 3, 63),
(5303, 20, 51, 5, 3, 63),
(5304, 10, 51, 5, 3, 63),
(5305, 20, 52, 4, 3, 63),
(5306, 10, 52, 4, 3, 63),
(5307, 20, 53, 6, 3, 63),
(5308, 10, 53, 6, 3, 63),
(5309, 20, 54, 6, 3, 63),
(5310, 10, 54, 6, 3, 63),
(5311, 20, 55, 6, 3, 63),
(5312, 10, 55, 6, 3, 63),
(5313, 20, 56, 4, 3, 63),
(5314, 10, 56, 4, 3, 63),
(5315, 20, 57, 6, 3, 63),
(5316, 10, 57, 6, 3, 63),
(5317, 20, 58, 5, 3, 63),
(5318, 10, 58, 5, 3, 63),
(5319, 20, 59, 9, 3, 63),
(5320, 10, 59, 9, 3, 63),
(5321, 20, 60, 5, 3, 63),
(5322, 10, 60, 5, 3, 63),
(5323, 20, 61, 5, 3, 63),
(5324, 10, 61, 5, 3, 63),
(5325, 20, 62, 6, 3, 63),
(5326, 10, 62, 6, 3, 63),
(5327, 20, 63, 4.84, 3, 63),
(5328, 10, 63, 4.84, 3, 63),
(5329, 20, 64, 5, 3, 63),
(5330, 10, 64, 5, 3, 63),
(5331, 20, 65, 6, 3, 63),
(5332, 10, 65, 6, 3, 63),
(5333, 20, 66, 5, 3, 63),
(5334, 10, 66, 5, 3, 63),
(5335, 20, 67, 7, 3, 63),
(5336, 10, 67, 7, 3, 63),
(5337, 20, 68, 4, 3, 63),
(5338, 10, 68, 4, 3, 63),
(5339, 20, 69, 8, 3, 63),
(5340, 10, 69, 8, 3, 63),
(5341, 20, 70, 7, 3, 63),
(5342, 10, 70, 7, 3, 63),
(5343, 20, 71, 7, 3, 63),
(5344, 10, 71, 7, 3, 63),
(5345, 20, 72, 0, 3, 63),
(5346, 10, 72, 0, 3, 63),
(5347, 20, 73, 8, 3, 63),
(5348, 10, 73, 8, 3, 63),
(5349, 20, 74, 10, 3, 63),
(5350, 10, 74, 10, 3, 63),
(5351, 20, 75, 0, 3, 63),
(5352, 10, 75, 0, 3, 63),
(5353, 20, 21, 4.9, 3, 64),
(5354, 10, 21, 4.9, 3, 64),
(5355, 20, 22, 7, 3, 64),
(5356, 10, 22, 7, 3, 64),
(5357, 20, 23, 7, 3, 64),
(5358, 10, 23, 7, 3, 64),
(5359, 20, 25, 8, 3, 64),
(5360, 10, 25, 8, 3, 64),
(5361, 20, 24, 8, 3, 64),
(5362, 10, 24, 8, 3, 64),
(5363, 20, 26, 8, 3, 64),
(5364, 10, 26, 8, 3, 64),
(5365, 20, 27, 6, 3, 64),
(5366, 10, 27, 6, 3, 64),
(5367, 20, 28, 7, 3, 64),
(5368, 10, 28, 7, 3, 64),
(5369, 20, 29, 6, 3, 64),
(5370, 10, 29, 6, 3, 64),
(5371, 20, 30, 6, 3, 64),
(5372, 10, 30, 6, 3, 64),
(5373, 20, 31, 5, 3, 64),
(5374, 10, 31, 5, 3, 64),
(5375, 20, 32, 7, 3, 64),
(5376, 10, 32, 7, 3, 64),
(5377, 20, 33, 5, 3, 64),
(5378, 10, 33, 5, 3, 64),
(5379, 20, 34, 7, 3, 64),
(5380, 10, 34, 7, 3, 64),
(5381, 20, 35, 6, 3, 64),
(5382, 10, 35, 6, 3, 64),
(5383, 20, 36, 4, 3, 64),
(5384, 10, 36, 4, 3, 64),
(5385, 20, 37, 6, 3, 64),
(5386, 10, 37, 6, 3, 64),
(5387, 20, 38, 5, 3, 64),
(5388, 10, 38, 5, 3, 64),
(5389, 20, 39, 4, 3, 64),
(5390, 10, 39, 4, 3, 64),
(5391, 20, 40, 4, 3, 64),
(5392, 10, 40, 4, 3, 64),
(5393, 20, 41, 0, 3, 64),
(5394, 10, 41, 0, 3, 64),
(5395, 20, 42, 6, 3, 64),
(5396, 10, 42, 6, 3, 64),
(5397, 20, 43, 5, 3, 64),
(5398, 10, 43, 5, 3, 64),
(5399, 20, 44, 5, 3, 64),
(5400, 10, 44, 5, 3, 64),
(5401, 20, 45, 7, 3, 64),
(5402, 10, 45, 7, 3, 64),
(5403, 20, 46, 4, 3, 64),
(5404, 10, 46, 4, 3, 64),
(5405, 20, 47, 4, 3, 64),
(5406, 10, 47, 4, 3, 64),
(5407, 20, 48, 0, 3, 64),
(5408, 10, 48, 0, 3, 64),
(5409, 20, 49, 0, 3, 64),
(5410, 10, 49, 0, 3, 64),
(5411, 20, 50, 8, 3, 64),
(5412, 10, 50, 8, 3, 64),
(5413, 20, 51, 8, 3, 64),
(5414, 10, 51, 8, 3, 64),
(5415, 20, 52, 8, 3, 64),
(5416, 10, 52, 8, 3, 64),
(5417, 20, 53, 6, 3, 64),
(5418, 10, 53, 6, 3, 64),
(5419, 20, 54, 6, 3, 64),
(5420, 10, 54, 6, 3, 64),
(5421, 20, 55, 6, 3, 64),
(5422, 10, 55, 6, 3, 64),
(5423, 20, 56, 4, 3, 64),
(5424, 10, 56, 4, 3, 64),
(5425, 20, 57, 9, 3, 64),
(5426, 10, 57, 9, 3, 64),
(5427, 20, 58, 0, 3, 64),
(5428, 10, 58, 0, 3, 64),
(5429, 20, 59, 4, 3, 64),
(5430, 10, 59, 4, 3, 64),
(5431, 20, 60, 7, 3, 64),
(5432, 10, 60, 7, 3, 64),
(5433, 20, 61, 4, 3, 64),
(5434, 10, 61, 4, 3, 64),
(5435, 20, 62, 6, 3, 64),
(5436, 10, 62, 6, 3, 64),
(5437, 20, 63, 1.1, 3, 64),
(5438, 10, 63, 1.1, 3, 64),
(5439, 20, 64, 4, 3, 64),
(5440, 10, 64, 4, 3, 64),
(5441, 20, 65, 5, 3, 64),
(5442, 10, 65, 5, 3, 64),
(5443, 20, 66, 7, 3, 64),
(5444, 10, 66, 7, 3, 64),
(5445, 20, 67, 9, 3, 64),
(5446, 10, 67, 9, 3, 64),
(5447, 20, 68, 5, 3, 64),
(5448, 10, 68, 5, 3, 64),
(5449, 20, 69, 6, 3, 64),
(5450, 10, 69, 6, 3, 64),
(5451, 20, 70, 5, 3, 64),
(5452, 10, 70, 5, 3, 64),
(5453, 20, 71, 5, 3, 64),
(5454, 10, 71, 5, 3, 64),
(5455, 20, 72, 0, 3, 64),
(5456, 10, 72, 0, 3, 64),
(5457, 20, 73, 9, 3, 64),
(5458, 10, 73, 9, 3, 64),
(5459, 20, 74, 10, 3, 64),
(5460, 10, 74, 10, 3, 64),
(5461, 20, 75, 10, 3, 64),
(5462, 10, 75, 10, 3, 64),
(5463, 20, 21, 4.4, 3, 65),
(5464, 10, 21, 4.4, 3, 65),
(5465, 20, 22, 7, 3, 65),
(5466, 10, 22, 7, 3, 65),
(5467, 20, 23, 7, 3, 65),
(5468, 10, 23, 7, 3, 65),
(5469, 20, 25, 6, 3, 65),
(5470, 10, 25, 6, 3, 65),
(5471, 20, 24, 5, 3, 65),
(5472, 10, 24, 5, 3, 65),
(5473, 20, 26, 5, 3, 65),
(5474, 10, 26, 5, 3, 65),
(5475, 20, 27, NULL, 3, 65),
(5476, 10, 27, 6, 3, 65),
(5477, 20, 28, 7, 3, 65),
(5478, 10, 28, 7, 3, 65),
(5479, 20, 29, 6, 3, 65),
(5480, 10, 29, 6, 3, 65),
(5481, 20, 30, 6, 3, 65),
(5482, 10, 30, 6, 3, 65),
(5483, 20, 31, 5, 3, 65),
(5484, 10, 31, 5, 3, 65),
(5485, 20, 32, 7, 3, 65),
(5486, 10, 32, 7, 3, 65),
(5487, 20, 33, 5, 3, 65),
(5488, 10, 33, 5, 3, 65),
(5489, 20, 34, 7, 3, 65),
(5490, 10, 34, 7, 3, 65),
(5491, 20, 35, 6, 3, 65),
(5492, 10, 35, 6, 3, 65),
(5493, 20, 36, 4, 3, 65),
(5494, 10, 36, 4, 3, 65),
(5495, 20, 37, 6, 3, 65),
(5496, 10, 37, 6, 3, 65),
(5497, 20, 38, 5, 3, 65),
(5498, 10, 38, 5, 3, 65),
(5499, 20, 39, 4, 3, 65),
(5500, 10, 39, 4, 3, 65),
(5501, 20, 40, 4, 3, 65),
(5502, 10, 40, 4, 3, 65),
(5503, 20, 41, 0, 3, 65),
(5504, 10, 41, 0, 3, 65),
(5505, 20, 42, 6, 3, 65),
(5506, 10, 42, 6, 3, 65),
(5507, 20, 43, 5, 3, 65),
(5508, 10, 43, 5, 3, 65),
(5509, 20, 44, 5, 3, 65),
(5510, 10, 44, 5, 3, 65),
(5511, 20, 45, 7, 3, 65),
(5512, 10, 45, 7, 3, 65),
(5513, 20, 46, 4, 3, 65),
(5514, 10, 46, 4, 3, 65),
(5515, 20, 47, 4, 3, 65),
(5516, 10, 47, 4, 3, 65),
(5517, 20, 48, 0, 3, 65),
(5518, 10, 48, 0, 3, 65),
(5519, 20, 49, 4, 3, 65),
(5520, 10, 49, 4, 3, 65),
(5521, 20, 50, 4, 3, 65),
(5522, 10, 50, 4, 3, 65),
(5523, 20, 51, 5, 3, 65),
(5524, 10, 51, 5, 3, 65),
(5525, 20, 52, 4, 3, 65),
(5526, 10, 52, 4, 3, 65),
(5527, 20, 53, 6, 3, 65),
(5528, 10, 53, 6, 3, 65),
(5529, 20, 54, 6, 3, 65),
(5530, 10, 54, 6, 3, 65),
(5531, 20, 55, 6, 3, 65),
(5532, 10, 55, 6, 3, 65),
(5533, 20, 56, 4, 3, 65),
(5534, 10, 56, 4, 3, 65),
(5535, 20, 57, 6, 3, 65),
(5536, 10, 57, 6, 3, 65),
(5537, 20, 58, 4, 3, 65),
(5538, 10, 58, 4, 3, 65),
(5539, 20, 59, 5, 3, 65),
(5540, 10, 59, 5, 3, 65),
(5541, 20, 60, 5, 3, 65),
(5542, 10, 60, 5, 3, 65),
(5543, 20, 61, 4, 3, 65),
(5544, 10, 61, 4, 3, 65),
(5545, 20, 62, 6, 3, 65),
(5546, 10, 62, 6, 3, 65),
(5547, 20, 63, 3.3, 3, 65),
(5548, 10, 63, 3.3, 3, 65),
(5549, 20, 64, 4, 3, 65),
(5550, 10, 64, 4, 3, 65),
(5551, 20, 65, 0, 3, 65),
(5552, 10, 65, 0, 3, 65),
(5553, 20, 66, 3, 3, 65),
(5554, 10, 66, 3, 3, 65),
(5555, 20, 67, 3, 3, 65),
(5556, 10, 67, 3, 3, 65),
(5557, 20, 68, 5, 3, 65),
(5558, 10, 68, 5, 3, 65),
(5559, 20, 69, 4, 3, 65),
(5560, 10, 69, 4, 3, 65),
(5561, 20, 70, 3, 3, 65),
(5562, 10, 70, 3, 3, 65),
(5563, 20, 71, 4, 3, 65),
(5564, 10, 71, 4, 3, 65),
(5565, 20, 72, 0, 3, 65),
(5566, 10, 72, 0, 3, 65),
(5567, 20, 73, 0, 3, 65),
(5568, 10, 73, 0, 3, 65),
(5569, 20, 74, 5, 3, 65),
(5570, 10, 74, 5, 3, 65),
(5571, 20, 75, 4, 3, 65),
(5572, 10, 75, 4, 3, 65),
(5573, 4, 27, NULL, 1, 65),
(5574, 8, 27, NULL, 1, 65),
(5575, 21, 27, NULL, 1, 65),
(5576, 7, 27, NULL, 1, 65),
(5577, 3, 27, NULL, 1, 65),
(5578, 2, 27, NULL, 1, 65),
(5579, 9, 27, NULL, 1, 65),
(5580, 6, 27, NULL, 1, 65),
(5581, 4, 21, NULL, 1, 65),
(5582, 8, 21, NULL, 1, 65),
(5583, 21, 21, NULL, 1, 65),
(5584, 7, 21, NULL, 1, 65),
(5585, 3, 21, NULL, 1, 65),
(5586, 2, 21, NULL, 1, 65),
(5587, 9, 21, NULL, 1, 65),
(5588, 6, 21, NULL, 1, 65);
INSERT INTO `coefficient_mod_values` (`id`, `id_expense`, `id_apartment`, `value`, `id_mod_type`, `id_upkeep`) VALUES
(5589, 20, 21, 4.8, 3, 66),
(5590, 10, 21, 4.8, 3, 66),
(5591, 20, 22, 7, 3, 66),
(5592, 10, 22, 7, 3, 66),
(5593, 20, 23, 7, 3, 66),
(5594, 10, 23, 7, 3, 66),
(5595, 20, 25, 6, 3, 66),
(5596, 10, 25, 6, 3, 66),
(5597, 20, 24, 5, 3, 66),
(5598, 10, 24, 5, 3, 66),
(5599, 20, 26, 5, 3, 66),
(5600, 10, 26, 5, 3, 66),
(5601, 20, 27, 6, 3, 66),
(5602, 10, 27, 6, 3, 66),
(5603, 20, 28, 7, 3, 66),
(5604, 10, 28, 7, 3, 66),
(5605, 20, 29, 6, 3, 66),
(5606, 10, 29, 6, 3, 66),
(5607, 20, 30, 6, 3, 66),
(5608, 10, 30, 6, 3, 66),
(5609, 20, 31, 5, 3, 66),
(5610, 10, 31, 5, 3, 66),
(5611, 20, 32, 7, 3, 66),
(5612, 10, 32, 7, 3, 66),
(5613, 20, 33, 5, 3, 66),
(5614, 10, 33, 5, 3, 66),
(5615, 20, 34, 7, 3, 66),
(5616, 10, 34, NULL, 3, 66),
(5617, 20, 35, 6, 3, 66),
(5618, 10, 35, 6, 3, 66),
(5619, 20, 36, 4, 3, 66),
(5620, 10, 36, 4, 3, 66),
(5621, 20, 37, 6, 3, 66),
(5622, 10, 37, 6, 3, 66),
(5623, 20, 38, 5, 3, 66),
(5624, 10, 38, 5, 3, 66),
(5625, 20, 39, 4, 3, 66),
(5626, 10, 39, 4, 3, 66),
(5627, 20, 40, 4, 3, 66),
(5628, 10, 40, 4, 3, 66),
(5629, 20, 41, 0, 3, 66),
(5630, 10, 41, 0, 3, 66),
(5631, 20, 42, 6, 3, 66),
(5632, 10, 42, 6, 3, 66),
(5633, 20, 43, 5, 3, 66),
(5634, 10, 43, 5, 3, 66),
(5635, 20, 44, 5, 3, 66),
(5636, 10, 44, 5, 3, 66),
(5637, 20, 45, 7, 3, 66),
(5638, 10, 45, 7, 3, 66),
(5639, 20, 46, 4, 3, 66),
(5640, 10, 46, 4, 3, 66),
(5641, 20, 47, 4, 3, 66),
(5642, 10, 47, 4, 3, 66),
(5643, 20, 48, 0, 3, 66),
(5644, 10, 48, 0, 3, 66),
(5645, 20, 49, 4, 3, 66),
(5646, 10, 49, 4, 3, 66),
(5647, 20, 50, 4, 3, 66),
(5648, 10, 50, 4, 3, 66),
(5649, 20, 51, 5, 3, 66),
(5650, 10, 51, 5, 3, 66),
(5651, 20, 52, 4, 3, 66),
(5652, 10, 52, 4, 3, 66),
(5653, 20, 53, 6, 3, 66),
(5654, 10, 53, 6, 3, 66),
(5655, 20, 54, 6, 3, 66),
(5656, 10, 54, 6, 3, 66),
(5657, 20, 55, 0, 3, 66),
(5658, 10, 55, 0, 3, 66),
(5659, 20, 56, 4, 3, 66),
(5660, 10, 56, 4, 3, 66),
(5661, 20, 57, 0, 3, 66),
(5662, 10, 57, 0, 3, 66),
(5663, 20, 58, 0, 3, 66),
(5664, 10, 58, 0, 3, 66),
(5665, 20, 59, 5, 3, 66),
(5666, 10, 59, 5, 3, 66),
(5667, 20, 60, 5, 3, 66),
(5668, 10, 60, 5, 3, 66),
(5669, 20, 61, 0, 3, 66),
(5670, 10, 61, 0, 3, 66),
(5671, 20, 62, 6, 3, 66),
(5672, 10, 62, 6, 3, 66),
(5673, 20, 63, 2.2, 3, 66),
(5674, 10, 63, 2.2, 3, 66),
(5675, 20, 64, 4, 3, 66),
(5676, 10, 64, 4, 3, 66),
(5677, 20, 65, 0, 3, 66),
(5678, 10, 65, 0, 3, 66),
(5679, 20, 66, 4, 3, 66),
(5680, 10, 66, 4, 3, 66),
(5681, 20, 67, 5, 3, 66),
(5682, 10, 67, 5, 3, 66),
(5683, 20, 68, 3, 3, 66),
(5684, 10, 68, 3, 3, 66),
(5685, 20, 69, 5, 3, 66),
(5686, 10, 69, 5, 3, 66),
(5687, 20, 70, 7, 3, 66),
(5688, 10, 70, 7, 3, 66),
(5689, 20, 71, 7, 3, 66),
(5690, 10, 71, 7, 3, 66),
(5691, 20, 72, 0, 3, 66),
(5692, 10, 72, 0, 3, 66),
(5693, 20, 73, 6, 3, 66),
(5694, 10, 73, 6, 3, 66),
(5695, 20, 74, 8, 3, 66),
(5696, 10, 74, 8, 3, 66),
(5697, 20, 75, 8, 3, 66),
(5698, 10, 75, 8, 3, 66),
(5699, 4, 34, NULL, 1, 66),
(5700, 8, 34, NULL, 1, 66),
(5701, 21, 34, NULL, 1, 66),
(5702, 7, 34, NULL, 1, 66),
(5703, 3, 34, NULL, 1, 66),
(5704, 2, 34, NULL, 1, 66),
(5705, 9, 34, NULL, 1, 66),
(5706, 6, 34, NULL, 1, 66),
(5707, 4, 28, NULL, 1, 66),
(5708, 8, 28, NULL, 1, 66),
(5709, 21, 28, NULL, 1, 66),
(5710, 7, 28, NULL, 1, 66),
(5711, 3, 28, NULL, 1, 66),
(5712, 2, 28, NULL, 1, 66),
(5713, 9, 28, NULL, 1, 66),
(5714, 6, 28, NULL, 1, 66),
(5715, 20, 21, 4.1, 3, 67),
(5716, 10, 21, 4.1, 3, 67),
(5717, 20, 22, 7, 3, 67),
(5718, 10, 22, 7, 3, 67),
(5719, 20, 23, 7, 3, 67),
(5720, 10, 23, 7, 3, 67),
(5721, 20, 25, 6, 3, 67),
(5722, 10, 25, 6, 3, 67),
(5723, 20, 24, 5, 3, 67),
(5724, 10, 24, 5, 3, 67),
(5725, 20, 26, 5, 3, 67),
(5726, 10, 26, 5, 3, 67),
(5727, 20, 27, 6, 3, 67),
(5728, 10, 27, 6, 3, 67),
(5729, 20, 28, 7, 3, 67),
(5730, 10, 28, 7, 3, 67),
(5731, 20, 29, 6, 3, 67),
(5732, 10, 29, 6, 3, 67),
(5733, 20, 30, 6, 3, 67),
(5734, 10, 30, 6, 3, 67),
(5735, 20, 31, 5, 3, 67),
(5736, 10, 31, 5, 3, 67),
(5737, 20, 32, 7, 3, 67),
(5738, 10, 32, 7, 3, 67),
(5739, 20, 33, 6, 3, 67),
(5740, 10, 33, 6, 3, 67),
(5741, 20, 34, 7, 3, 67),
(5742, 10, 34, 7, 3, 67),
(5743, 20, 35, 6, 3, 67),
(5744, 10, 35, 6, 3, 67),
(5745, 20, 36, 4, 3, 67),
(5746, 10, 36, 4, 3, 67),
(5747, 20, 37, 6, 3, 67),
(5748, 10, 37, 6, 3, 67),
(5749, 20, 38, 5, 3, 67),
(5750, 10, 38, 5, 3, 67),
(5751, 20, 39, 4, 3, 67),
(5752, 10, 39, 4, 3, 67),
(5753, 20, 40, 4, 3, 67),
(5754, 10, 40, 4, 3, 67),
(5755, 20, 41, 0, 3, 67),
(5756, 10, 41, 0, 3, 67),
(5757, 20, 42, 6, 3, 67),
(5758, 10, 42, 6, 3, 67),
(5759, 20, 43, 5, 3, 67),
(5760, 10, 43, 5, 3, 67),
(5761, 20, 44, 5, 3, 67),
(5762, 10, 44, 5, 3, 67),
(5763, 20, 45, 7, 3, 67),
(5764, 10, 45, 7, 3, 67),
(5765, 20, 46, 4, 3, 67),
(5766, 10, 46, 4, 3, 67),
(5767, 20, 47, 4, 3, 67),
(5768, 10, 47, 4, 3, 67),
(5769, 20, 48, 0, 3, 67),
(5770, 10, 48, 0, 3, 67),
(5771, 20, 49, 6, 3, 67),
(5772, 10, 49, 6, 3, 67),
(5773, 20, 50, 4, 3, 67),
(5774, 10, 50, 4, 3, 67),
(5775, 20, 51, 5, 3, 67),
(5776, 10, 51, 5, 3, 67),
(5777, 20, 52, 4, 3, 67),
(5778, 10, 52, 4, 3, 67),
(5779, 20, 53, 6, 3, 67),
(5780, 10, 53, 6, 3, 67),
(5781, 20, 54, 6, 3, 67),
(5782, 10, 54, 6, 3, 67),
(5783, 20, 55, 0, 3, 67),
(5784, 10, 55, 0, 3, 67),
(5785, 20, 56, 4, 3, 67),
(5786, 10, 56, 4, 3, 67),
(5787, 20, 57, 0, 3, 67),
(5788, 10, 57, 0, 3, 67),
(5789, 20, 58, 0, 3, 67),
(5790, 10, 58, 0, 3, 67),
(5791, 20, 59, 5, 3, 67),
(5792, 10, 59, 5, 3, 67),
(5793, 20, 60, 5, 3, 67),
(5794, 10, 60, 5, 3, 67),
(5795, 20, 61, 0, 3, 67),
(5796, 10, 61, 0, 3, 67),
(5797, 20, 62, 6, 3, 67),
(5798, 10, 62, 6, 3, 67),
(5799, 20, 63, 5.1, 3, 67),
(5800, 10, 63, 5.1, 3, 67),
(5801, 20, 64, 4, 3, 67),
(5802, 10, 64, 4, 3, 67),
(5803, 20, 65, 8, 3, 67),
(5804, 10, 65, 8, 3, 67),
(5805, 20, 66, 4, 3, 67),
(5806, 10, 66, 4, 3, 67),
(5807, 20, 67, 6, 3, 67),
(5808, 10, 67, 6, 3, 67),
(5809, 20, 68, 7, 3, 67),
(5810, 10, 68, 7, 3, 67),
(5811, 20, 69, 5, 3, 67),
(5812, 10, 69, 5, 3, 67),
(5813, 20, 70, 6, 3, 67),
(5814, 10, 70, 6, 3, 67),
(5815, 20, 71, 6, 3, 67),
(5816, 10, 71, 6, 3, 67),
(5817, 20, 72, 0, 3, 67),
(5818, 10, 72, 0, 3, 67),
(5819, 20, 73, 6, 3, 67),
(5820, 10, 73, 6, 3, 67),
(5821, 20, 74, 8, 3, 67),
(5822, 10, 74, 8, 3, 67),
(5823, 20, 75, 8, 3, 67),
(5824, 10, 75, 8, 3, 67),
(5825, 4, 22, NULL, 1, 67),
(5826, 8, 22, NULL, 1, 67),
(5827, 21, 22, NULL, 1, 67),
(5828, 7, 22, NULL, 1, 67),
(5829, 3, 22, NULL, 1, 67),
(5830, 2, 22, NULL, 1, 67),
(5831, 9, 22, NULL, 1, 67),
(5832, 6, 22, NULL, 1, 67),
(5833, 4, 21, NULL, 1, 67),
(5834, 8, 21, NULL, 1, 67),
(5835, 21, 21, NULL, 1, 67),
(5836, 7, 21, NULL, 1, 67),
(5837, 3, 21, NULL, 1, 67),
(5838, 2, 21, NULL, 1, 67),
(5839, 9, 21, NULL, 1, 67),
(5840, 6, 21, NULL, 1, 67),
(5841, 20, 21, 4.4, 3, 68),
(5842, 10, 21, 4.4, 3, 68),
(5843, 20, 22, 10, 3, 68),
(5844, 10, 22, 10, 3, 68),
(5845, 20, 23, 10, 3, 68),
(5846, 10, 23, 10, 3, 68),
(5847, 20, 25, 8, 3, 68),
(5848, 10, 25, 8, 3, 68),
(5849, 20, 24, 6, 3, 68),
(5850, 10, 24, 6, 3, 68),
(5851, 20, 26, 5, 3, 68),
(5852, 10, 26, 5, 3, 68),
(5853, 20, 27, 6, 3, 68),
(5854, 10, 27, 6, 3, 68),
(5855, 20, 28, 7, 3, 68),
(5856, 10, 28, 7, 3, 68),
(5857, 20, 29, 6, 3, 68),
(5858, 10, 29, 6, 3, 68),
(5859, 20, 30, 6, 3, 68),
(5860, 10, 30, 6, 3, 68),
(5861, 20, 31, 8, 3, 68),
(5862, 10, 31, 8, 3, 68),
(5863, 20, 32, 7, 3, 68),
(5864, 10, 32, 7, 3, 68),
(5865, 20, 33, 5, 3, 68),
(5866, 10, 33, 5, 3, 68),
(5867, 20, 34, 8, 3, 68),
(5868, 10, 34, 8, 3, 68),
(5869, 20, 35, 7, 3, 68),
(5870, 10, 35, 7, 3, 68),
(5871, 20, 36, 5, 3, 68),
(5872, 10, 36, 5, 3, 68),
(5873, 20, 37, 7, 3, 68),
(5874, 10, 37, 7, 3, 68),
(5875, 20, 38, 6, 3, 68),
(5876, 10, 38, 6, 3, 68),
(5877, 20, 39, 5, 3, 68),
(5878, 10, 39, 5, 3, 68),
(5879, 20, 40, 5, 3, 68),
(5880, 10, 40, 5, 3, 68),
(5881, 20, 41, 0, 3, 68),
(5882, 10, 41, 0, 3, 68),
(5883, 20, 42, 7, 3, 68),
(5884, 10, 42, 7, 3, 68),
(5885, 20, 43, 6, 3, 68),
(5886, 10, 43, 6, 3, 68),
(5887, 20, 44, 6, 3, 68),
(5888, 10, 44, 6, 3, 68),
(5889, 20, 45, 8, 3, 68),
(5890, 10, 45, 8, 3, 68),
(5891, 20, 46, 9, 3, 68),
(5892, 10, 46, 9, 3, 68),
(5893, 20, 47, 9, 3, 68),
(5894, 10, 47, 9, 3, 68),
(5895, 20, 48, 0, 3, 68),
(5896, 10, 48, 0, 3, 68),
(5897, 20, 49, 5, 3, 68),
(5898, 10, 49, 5, 3, 68),
(5899, 20, 50, 5, 3, 68),
(5900, 10, 50, 5, 3, 68),
(5901, 20, 51, 6, 3, 68),
(5902, 10, 51, 6, 3, 68),
(5903, 20, 52, 5, 3, 68),
(5904, 10, 52, 5, 3, 68),
(5905, 20, 53, 7, 3, 68),
(5906, 10, 53, 7, 3, 68),
(5907, 20, 54, 7, 3, 68),
(5908, 10, 54, 7, 3, 68),
(5909, 20, 55, 7, 3, 68),
(5910, 10, 55, 7, 3, 68),
(5911, 20, 56, 5, 3, 68),
(5912, 10, 56, 5, 3, 68),
(5913, 20, 57, 7, 3, 68),
(5914, 10, 57, 7, 3, 68),
(5915, 20, 58, 5, 3, 68),
(5916, 10, 58, 5, 3, 68),
(5917, 20, 59, 6, 3, 68),
(5918, 10, 59, 6, 3, 68),
(5919, 20, 60, 6, 3, 68),
(5920, 10, 60, 6, 3, 68),
(5921, 20, 61, 5, 3, 68),
(5922, 10, 61, 5, 3, 68),
(5923, 20, 62, 7, 3, 68),
(5924, 10, 62, 7, 3, 68),
(5925, 20, 63, 4.4, 3, 68),
(5926, 10, 63, 4.4, 3, 68),
(5927, 20, 64, 5, 3, 68),
(5928, 10, 64, 5, 3, 68),
(5929, 20, 65, 6, 3, 68),
(5930, 10, 65, 6, 3, 68),
(5931, 20, 66, 9, 3, 68),
(5932, 10, 66, 9, 3, 68),
(5933, 20, 67, 9, 3, 68),
(5934, 10, 67, 9, 3, 68),
(5935, 20, 68, 5, 3, 68),
(5936, 10, 68, 5, 3, 68),
(5937, 20, 69, 7, 3, 68),
(5938, 10, 69, 7, 3, 68),
(5939, 20, 70, 8, 3, 68),
(5940, 10, 70, 8, 3, 68),
(5941, 20, 71, 9, 3, 68),
(5942, 10, 71, 9, 3, 68),
(5943, 20, 72, 0, 3, 68),
(5944, 10, 72, 0, 3, 68),
(5945, 20, 73, 9, 3, 68),
(5946, 10, 73, 9, 3, 68),
(5947, 20, 74, 10, 3, 68),
(5948, 10, 74, 10, 3, 68),
(5949, 20, 75, 10, 3, 68),
(5950, 10, 75, 10, 3, 68),
(5951, 20, 21, 4.7, 3, 69),
(5952, 10, 21, 4.7, 3, 69),
(5953, 20, 22, 10, 3, 69),
(5954, 10, 22, 10, 3, 69),
(5955, 20, 23, 10, 3, 69),
(5956, 10, 23, 10, 3, 69),
(5957, 20, 25, 6, 3, 69),
(5958, 10, 25, 6, 3, 69),
(5959, 20, 24, 6, 3, 69),
(5960, 10, 24, 6, 3, 69),
(5961, 20, 26, 5, 3, 69),
(5962, 10, 26, 5, 3, 69),
(5963, 20, 27, NULL, 3, 69),
(5964, 10, 27, 6, 3, 69),
(5965, 20, 28, 7, 3, 69),
(5966, 10, 28, 7, 3, 69),
(5967, 20, 29, 6, 3, 69),
(5968, 10, 29, 6, 3, 69),
(5969, 20, 30, 6, 3, 69),
(5970, 10, 30, 6, 3, 69),
(5971, 20, 31, 5, 3, 69),
(5972, 10, 31, 5, 3, 69),
(5973, 20, 32, 7, 3, 69),
(5974, 10, 32, 7, 3, 69),
(5975, 20, 33, 5, 3, 69),
(5976, 10, 33, 5, 3, 69),
(5977, 20, 34, 8, 3, 69),
(5978, 10, 34, 8, 3, 69),
(5979, 20, 35, 7, 3, 69),
(5980, 10, 35, 7, 3, 69),
(5981, 20, 36, 5, 3, 69),
(5982, 10, 36, 5, 3, 69),
(5983, 20, 37, 7, 3, 69),
(5984, 10, 37, 7, 3, 69),
(5985, 20, 38, 6, 3, 69),
(5986, 10, 38, 6, 3, 69),
(5987, 20, 39, 5, 3, 69),
(5988, 10, 39, 5, 3, 69),
(5989, 20, 40, 5, 3, 69),
(5990, 10, 40, 5, 3, 69),
(5991, 20, 41, 0, 3, 69),
(5992, 10, 41, 0, 3, 69),
(5993, 20, 42, 7, 3, 69),
(5994, 10, 42, 7, 3, 69),
(5995, 20, 43, 6, 3, 69);
INSERT INTO `coefficient_mod_values` (`id`, `id_expense`, `id_apartment`, `value`, `id_mod_type`, `id_upkeep`) VALUES
(5996, 10, 43, 6, 3, 69),
(5997, 20, 44, 6, 3, 69),
(5998, 10, 44, 6, 3, 69),
(5999, 20, 45, 8, 3, 69),
(6000, 10, 45, 8, 3, 69),
(6001, 20, 46, 5, 3, 69),
(6002, 10, 46, 5, 3, 69),
(6003, 20, 47, 5, 3, 69),
(6004, 10, 47, 5, 3, 69),
(6005, 20, 48, 0, 3, 69),
(6006, 10, 48, 0, 3, 69),
(6007, 20, 49, 5, 3, 69),
(6008, 10, 49, 5, 3, 69),
(6009, 20, 50, 5, 3, 69),
(6010, 10, 50, 5, 3, 69),
(6011, 20, 51, 6, 3, 69),
(6012, 10, 51, 6, 3, 69),
(6013, 20, 52, 5, 3, 69),
(6014, 10, 52, 5, 3, 69),
(6015, 20, 53, 7, 3, 69),
(6016, 10, 53, 7, 3, 69),
(6017, 20, 54, 8, 3, 69),
(6018, 10, 54, 8, 3, 69),
(6019, 20, 55, 7, 3, 69),
(6020, 10, 55, 7, 3, 69),
(6021, 20, 56, 9, 3, 69),
(6022, 10, 56, 9, 3, 69),
(6023, 20, 57, 7, 3, 69),
(6024, 10, 57, 7, 3, 69),
(6025, 20, 58, 5, 3, 69),
(6026, 10, 58, 5, 3, 69),
(6027, 20, 59, 5, 3, 69),
(6028, 10, 59, 5, 3, 69),
(6029, 20, 60, 9, 3, 69),
(6030, 10, 60, 9, 3, 69),
(6031, 20, 61, 6, 3, 69),
(6032, 10, 61, 6, 3, 69),
(6033, 20, 62, 7, 3, 69),
(6034, 10, 62, 7, 3, 69),
(6035, 20, 63, 3.3, 3, 69),
(6036, 10, 63, 3.3, 3, 69),
(6037, 20, 64, 5, 3, 69),
(6038, 10, 64, 5, 3, 69),
(6039, 20, 65, 6, 3, 69),
(6040, 10, 65, 6, 3, 69),
(6041, 20, 66, 6, 3, 69),
(6042, 10, 66, 6, 3, 69),
(6043, 20, 67, 6, 3, 69),
(6044, 10, 67, 6, 3, 69),
(6045, 20, 68, 5, 3, 69),
(6046, 10, 68, 5, 3, 69),
(6047, 20, 69, 7, 3, 69),
(6048, 10, 69, 7, 3, 69),
(6049, 20, 70, 5, 3, 69),
(6050, 10, 70, 5, 3, 69),
(6051, 20, 71, 5, 3, 69),
(6052, 10, 71, 5, 3, 69),
(6053, 20, 72, 0, 3, 69),
(6054, 10, 72, 0, 3, 69),
(6055, 20, 73, 6, 3, 69),
(6056, 10, 73, 6, 3, 69),
(6057, 20, 74, 10, 3, 69),
(6058, 10, 74, 10, 3, 69),
(6059, 20, 75, 10, 3, 69),
(6060, 10, 75, 10, 3, 69),
(6061, 4, 25, NULL, 1, 69),
(6062, 8, 25, NULL, 1, 69),
(6063, 21, 25, NULL, 1, 69),
(6064, 7, 25, NULL, 1, 69),
(6065, 3, 25, NULL, 1, 69),
(6066, 2, 25, NULL, 1, 69),
(6067, 9, 25, NULL, 1, 69),
(6068, 6, 25, NULL, 1, 69),
(6069, 4, 27, NULL, 1, 69),
(6070, 8, 27, NULL, 1, 69),
(6071, 21, 27, NULL, 1, 69),
(6072, 7, 27, NULL, 1, 69),
(6073, 3, 27, NULL, 1, 69),
(6074, 2, 27, NULL, 1, 69),
(6075, 9, 27, NULL, 1, 69),
(6076, 6, 27, NULL, 1, 69),
(6077, 20, 21, 4.7, 3, 70),
(6078, 10, 21, 4.7, 3, 70),
(6079, 20, 22, 11, 3, 70),
(6080, 10, 22, 11, 3, 70),
(6081, 20, 23, 11, 3, 70),
(6082, 10, 23, 11, 3, 70),
(6083, 20, 25, 10, 3, 70),
(6084, 10, 25, 10, 3, 70),
(6085, 20, 24, 5, 3, 70),
(6086, 10, 24, 5, 3, 70),
(6087, 20, 26, 5, 3, 70),
(6088, 10, 26, 5, 3, 70),
(6089, 20, 27, 7, 3, 70),
(6090, 10, 27, 7, 3, 70),
(6091, 20, 28, 8, 3, 70),
(6092, 10, 28, 8, 3, 70),
(6093, 20, 29, 7, 3, 70),
(6094, 10, 29, 7, 3, 70),
(6095, 20, 30, 7, 3, 70),
(6096, 10, 30, 7, 3, 70),
(6097, 20, 31, 5, 3, 70),
(6098, 10, 31, 5, 3, 70),
(6099, 20, 32, 8, 3, 70),
(6100, 10, 32, 8, 3, 70),
(6101, 20, 33, 5, 3, 70),
(6102, 10, 33, 5, 3, 70),
(6103, 20, 34, 8, 3, 70),
(6104, 10, 34, 8, 3, 70),
(6105, 20, 35, 8, 3, 70),
(6106, 10, 35, 8, 3, 70),
(6107, 20, 36, 5, 3, 70),
(6108, 10, 36, 5, 3, 70),
(6109, 20, 37, 8, 3, 70),
(6110, 10, 37, 8, 3, 70),
(6111, 20, 38, 6, 3, 70),
(6112, 10, 38, 6, 3, 70),
(6113, 20, 39, 7, 3, 70),
(6114, 10, 39, 7, 3, 70),
(6115, 20, 40, 5, 3, 70),
(6116, 10, 40, 5, 3, 70),
(6117, 20, 41, 0, 3, 70),
(6118, 10, 41, 0, 3, 70),
(6119, 20, 42, 7, 3, 70),
(6120, 10, 42, 7, 3, 70),
(6121, 20, 43, 6, 3, 70),
(6122, 10, 43, 6, 3, 70),
(6123, 20, 44, 6, 3, 70),
(6124, 10, 44, 6, 3, 70),
(6125, 20, 45, 8, 3, 70),
(6126, 10, 45, 8, 3, 70),
(6127, 20, 46, 9, 3, 70),
(6128, 10, 46, 9, 3, 70),
(6129, 20, 47, 9, 3, 70),
(6130, 10, 47, 9, 3, 70),
(6131, 20, 48, 0, 3, 70),
(6132, 10, 48, 0, 3, 70),
(6133, 20, 49, 9, 3, 70),
(6134, 10, 49, 9, 3, 70),
(6135, 20, 50, 9, 3, 70),
(6136, 10, 50, 9, 3, 70),
(6137, 20, 51, 6, 3, 70),
(6138, 10, 51, 6, 3, 70),
(6139, 20, 52, 5, 3, 70),
(6140, 10, 52, 5, 3, 70),
(6141, 20, 53, 7, 3, 70),
(6142, 10, 53, 7, 3, 70),
(6143, 20, 54, 7, 3, 70),
(6144, 10, 54, 7, 3, 70),
(6145, 20, 55, 7, 3, 70),
(6146, 10, 55, 7, 3, 70),
(6147, 20, 56, 9, 3, 70),
(6148, 10, 56, 9, 3, 70),
(6149, 20, 57, 7, 3, 70),
(6150, 10, 57, 7, 3, 70),
(6151, 20, 58, 5, 3, 70),
(6152, 10, 58, 5, 3, 70),
(6153, 20, 59, 5, 3, 70),
(6154, 10, 59, 5, 3, 70),
(6155, 20, 60, 9, 3, 70),
(6156, 10, 60, 9, 3, 70),
(6157, 20, 61, 6, 3, 70),
(6158, 10, 61, 6, 3, 70),
(6159, 20, 62, 7, 3, 70),
(6160, 10, 62, 7, 3, 70),
(6161, 20, 63, 3.3, 3, 70),
(6162, 10, 63, 3.3, 3, 70),
(6163, 20, 64, 5, 3, 70),
(6164, 10, 64, 5, 3, 70),
(6165, 20, 65, 9, 3, 70),
(6166, 10, 65, 9, 3, 70),
(6167, 20, 66, 9, 3, 70),
(6168, 10, 66, 9, 3, 70),
(6169, 20, 67, 6, 3, 70),
(6170, 10, 67, 6, 3, 70),
(6171, 20, 68, 5, 3, 70),
(6172, 10, 68, 5, 3, 70),
(6173, 20, 69, 7, 3, 70),
(6174, 10, 69, 7, 3, 70),
(6175, 20, 70, 5, 3, 70),
(6176, 10, 70, 5, 3, 70),
(6177, 20, 71, 9, 3, 70),
(6178, 10, 71, 9, 3, 70),
(6179, 20, 72, 0, 3, 70),
(6180, 10, 72, 0, 3, 70),
(6181, 20, 73, 6, 3, 70),
(6182, 10, 73, 6, 3, 70),
(6183, 20, 74, 10, 3, 70),
(6184, 10, 74, 10, 3, 70),
(6185, 20, 75, 10, 3, 70),
(6186, 10, 75, 10, 3, 70),
(6187, 4, 21, 1, 1, 71),
(6188, 20, 29, NULL, 1, 71),
(6189, 10, 29, 3, 3, 71),
(6190, 4, 29, NULL, 1, 71),
(6191, 8, 29, NULL, 1, 71),
(6192, 21, 29, NULL, 1, 71),
(6193, 7, 29, NULL, 1, 71),
(6194, 2, 29, NULL, 1, 71),
(6195, 3, 29, NULL, 1, 71),
(6196, 9, 29, NULL, 1, 71),
(6197, 6, 29, NULL, 1, 71),
(6198, 20, 21, NULL, 3, 71),
(6199, 10, 21, 6, 3, 71),
(6200, 8, 21, NULL, 1, 71),
(6201, 21, 21, NULL, 1, 71),
(6202, 7, 21, NULL, 1, 71),
(6203, 2, 21, NULL, 1, 71),
(6204, 3, 21, NULL, 1, 71),
(6205, 9, 21, NULL, 1, 71),
(6206, 6, 21, NULL, 1, 71),
(6207, 20, 23, NULL, 1, 71),
(6208, 10, 23, NULL, 2, 71),
(6209, 4, 23, NULL, 1, 71),
(6210, 8, 23, NULL, 1, 71),
(6211, 21, 23, NULL, 1, 71),
(6212, 7, 23, NULL, 1, 71),
(6213, 2, 23, NULL, 1, 71),
(6214, 3, 23, NULL, 1, 71),
(6215, 9, 23, NULL, 1, 71),
(6216, 6, 23, NULL, 1, 71),
(6217, 20, 25, NULL, 1, 71),
(6218, 10, 25, 3, 3, 71),
(6219, 4, 25, NULL, 1, 71),
(6220, 8, 25, NULL, 1, 71),
(6221, 21, 25, NULL, 1, 71),
(6222, 7, 25, NULL, 1, 71),
(6223, 2, 25, NULL, 1, 71),
(6224, 3, 25, NULL, 1, 71),
(6225, 9, 25, NULL, 1, 71),
(6226, 6, 25, NULL, 1, 71),
(6227, 20, 22, NULL, 1, 71),
(6228, 10, 22, NULL, 2, 71),
(6229, 4, 22, NULL, 1, 71),
(6230, 8, 22, NULL, 1, 71),
(6231, 21, 22, NULL, 1, 71),
(6232, 7, 22, NULL, 1, 71),
(6233, 2, 22, NULL, 1, 71),
(6234, 3, 22, NULL, 1, 71),
(6235, 9, 22, NULL, 1, 71),
(6236, 6, 22, NULL, 1, 71),
(6237, 20, 24, NULL, 1, 71),
(6238, 10, 24, 9, 3, 71),
(6239, 4, 24, NULL, 1, 71),
(6240, 8, 24, NULL, 1, 71),
(6241, 21, 24, NULL, 1, 71),
(6242, 7, 24, NULL, 1, 71),
(6243, 2, 24, NULL, 1, 71),
(6244, 3, 24, NULL, 1, 71),
(6245, 9, 24, NULL, 1, 71),
(6246, 6, 24, NULL, 1, 71),
(6247, 20, 26, NULL, 1, 71),
(6248, 10, 26, 3, 3, 71),
(6249, 4, 26, NULL, 1, 71),
(6250, 8, 26, NULL, 1, 71),
(6251, 21, 26, NULL, 1, 71),
(6252, 7, 26, NULL, 1, 71),
(6253, 2, 26, NULL, 1, 71),
(6254, 3, 26, NULL, 1, 71),
(6255, 9, 26, NULL, 1, 71),
(6256, 6, 26, NULL, 1, 71),
(6257, 20, 28, NULL, 1, 71),
(6258, 10, 28, 3, 1, 71),
(6259, 4, 28, NULL, 1, 71),
(6260, 8, 28, NULL, 1, 71),
(6261, 21, 28, NULL, 1, 71),
(6262, 7, 28, NULL, 1, 71),
(6263, 2, 28, NULL, 1, 71),
(6264, 3, 28, NULL, 1, 71),
(6265, 9, 28, NULL, 1, 71),
(6266, 6, 28, NULL, 1, 71),
(6267, 20, 27, NULL, 1, 71),
(6268, 10, 27, 3, 3, 71),
(6269, 4, 27, NULL, 1, 71),
(6270, 8, 27, NULL, 1, 71),
(6271, 21, 27, NULL, 1, 71),
(6272, 7, 27, NULL, 1, 71),
(6273, 2, 27, NULL, 1, 71),
(6274, 3, 27, NULL, 1, 71),
(6275, 9, 27, NULL, 1, 71),
(6276, 6, 27, NULL, 1, 71),
(6282, 10, 21, 1, 1, 72),
(6283, 13, 76, NULL, 2, 74),
(6284, 13, 77, NULL, 2, 74),
(6285, 13, 78, NULL, 2, 74),
(6286, 13, 79, NULL, 2, 74),
(6287, 13, 80, NULL, 2, 74),
(6288, 13, 81, NULL, 2, 74),
(6289, 13, 82, NULL, 2, 74),
(6290, 13, 83, NULL, 2, 74),
(6291, 16, 76, NULL, 2, 84),
(6292, 16, 77, NULL, 2, 84),
(6293, 16, 78, NULL, 2, 84),
(6294, 6, 21, 5, 1, 86),
(6295, 8, 21, NULL, 1, 86),
(6296, 8, 22, NULL, 1, 86),
(6297, 8, 23, NULL, 1, 86),
(6298, 8, 25, NULL, 1, 86),
(6299, 8, 24, NULL, 1, 86),
(6300, 10, 23, NULL, 1, 101),
(6301, 10, 22, 5, 3, 101),
(6302, 10, 29, 1, 3, 101),
(6303, 20, 21, NULL, 1, 101),
(6304, 10, 21, 9, 3, 101),
(6305, 4, 21, NULL, 1, 101),
(6306, 8, 21, NULL, 1, 101),
(6307, 21, 21, NULL, 1, 101),
(6308, 7, 21, NULL, 1, 101),
(6309, 2, 21, NULL, 1, 101),
(6310, 3, 21, NULL, 1, 101),
(6311, 9, 21, NULL, 1, 101),
(6312, 6, 21, NULL, 1, 101),
(6313, 20, 22, NULL, 1, 101),
(6314, 4, 22, NULL, 1, 101),
(6315, 8, 22, NULL, 1, 101),
(6316, 21, 22, NULL, 1, 101),
(6317, 7, 22, NULL, 1, 101),
(6318, 2, 22, NULL, 1, 101),
(6319, 3, 22, NULL, 1, 101),
(6320, 9, 22, NULL, 1, 101),
(6321, 6, 22, NULL, 1, 101),
(6322, 20, 25, NULL, 1, 101),
(6323, 10, 25, 3, 3, 101),
(6324, 4, 25, NULL, 1, 101),
(6325, 8, 25, NULL, 1, 101),
(6326, 21, 25, NULL, 1, 101),
(6327, 7, 25, NULL, 1, 101),
(6328, 2, 25, NULL, 1, 101),
(6329, 3, 25, NULL, 1, 101),
(6330, 9, 25, NULL, 1, 101),
(6331, 6, 25, NULL, 1, 101),
(6332, 20, 23, NULL, 1, 101),
(6333, 4, 23, NULL, 1, 101),
(6334, 8, 23, NULL, 1, 101),
(6335, 21, 23, NULL, 1, 101),
(6336, 7, 23, NULL, 1, 101),
(6337, 2, 23, NULL, 1, 101),
(6338, 3, 23, NULL, 1, 101),
(6339, 9, 23, NULL, 1, 101),
(6340, 6, 23, NULL, 1, 101),
(6341, 20, 24, NULL, 1, 101),
(6342, 10, 24, NULL, 2, 101),
(6343, 4, 24, NULL, 1, 101),
(6344, 8, 24, NULL, 1, 101),
(6345, 21, 24, NULL, 1, 101),
(6346, 7, 24, NULL, 1, 101),
(6347, 2, 24, NULL, 1, 101),
(6348, 3, 24, NULL, 1, 101),
(6349, 9, 24, NULL, 1, 101),
(6350, 6, 24, NULL, 1, 101),
(6351, 20, 26, NULL, 1, 101),
(6352, 10, 26, 1, 3, 101),
(6353, 4, 26, NULL, 1, 101),
(6354, 8, 26, NULL, 1, 101),
(6355, 21, 26, NULL, 1, 101),
(6356, 7, 26, NULL, 1, 101),
(6357, 2, 26, NULL, 1, 101),
(6358, 3, 26, NULL, 1, 101),
(6359, 9, 26, NULL, 1, 101),
(6360, 6, 26, NULL, 1, 101),
(6361, 20, 28, NULL, 1, 101),
(6362, 10, 28, 3, 3, 101),
(6363, 4, 28, NULL, 1, 101),
(6364, 8, 28, NULL, 1, 101),
(6365, 21, 28, NULL, 1, 101),
(6366, 7, 28, NULL, 1, 101),
(6367, 2, 28, NULL, 1, 101),
(6368, 3, 28, NULL, 1, 101),
(6369, 9, 28, NULL, 1, 101),
(6370, 6, 28, NULL, 1, 101),
(6371, 20, 29, NULL, 1, 101),
(6372, 4, 29, NULL, 1, 101),
(6373, 8, 29, NULL, 1, 101),
(6374, 21, 29, NULL, 1, 101),
(6375, 7, 29, NULL, 1, 101),
(6376, 2, 29, NULL, 1, 101),
(6377, 3, 29, NULL, 1, 101),
(6378, 9, 29, NULL, 1, 101),
(6379, 6, 29, NULL, 1, 101),
(6380, 20, 27, NULL, 1, 101),
(6381, 10, 27, 1, 3, 101),
(6382, 4, 27, NULL, 1, 101),
(6383, 8, 27, NULL, 1, 101),
(6384, 21, 27, NULL, 1, 101),
(6385, 7, 27, NULL, 1, 101),
(6386, 2, 27, NULL, 1, 101),
(6387, 3, 27, NULL, 1, 101),
(6388, 9, 27, NULL, 1, 101);
INSERT INTO `coefficient_mod_values` (`id`, `id_expense`, `id_apartment`, `value`, `id_mod_type`, `id_upkeep`) VALUES
(6389, 6, 27, NULL, 1, 101),
(6390, 10, 23, 4, 3, 102),
(6391, 10, 22, 8, 3, 102),
(6392, 10, 29, 1, 3, 102),
(6393, 20, 21, NULL, 1, 102),
(6394, 10, 21, 3.16279, 3, 102),
(6395, 4, 21, NULL, 1, 102),
(6396, 8, 21, NULL, 1, 102),
(6397, 21, 21, NULL, 1, 102),
(6398, 7, 21, NULL, 1, 102),
(6399, 2, 21, NULL, 1, 102),
(6400, 3, 21, NULL, 1, 102),
(6401, 9, 21, NULL, 1, 102),
(6402, 6, 21, NULL, 1, 102),
(6403, 20, 29, NULL, 1, 102),
(6404, 4, 29, NULL, 1, 102),
(6405, 8, 29, NULL, 1, 102),
(6406, 21, 29, NULL, 1, 102),
(6407, 7, 29, NULL, 1, 102),
(6408, 2, 29, NULL, 1, 102),
(6409, 3, 29, NULL, 1, 102),
(6410, 9, 29, NULL, 1, 102),
(6411, 6, 29, NULL, 1, 102),
(6412, 20, 22, NULL, 1, 102),
(6413, 4, 22, NULL, 1, 102),
(6414, 8, 22, NULL, 1, 102),
(6415, 21, 22, NULL, 1, 102),
(6416, 7, 22, NULL, 1, 102),
(6417, 2, 22, NULL, 1, 102),
(6418, 3, 22, NULL, 1, 102),
(6419, 9, 22, NULL, 1, 102),
(6420, 6, 22, NULL, 1, 102),
(6421, 20, 23, NULL, 1, 102),
(6422, 4, 23, NULL, 1, 102),
(6423, 8, 23, NULL, 1, 102),
(6424, 21, 23, NULL, 1, 102),
(6425, 7, 23, NULL, 1, 102),
(6426, 2, 23, NULL, 1, 102),
(6427, 3, 23, NULL, 1, 102),
(6428, 9, 23, NULL, 1, 102),
(6429, 6, 23, NULL, 1, 102),
(6430, 20, 25, NULL, 1, 102),
(6432, 4, 25, NULL, 1, 102),
(6433, 8, 25, NULL, 1, 102),
(6434, 21, 25, NULL, 1, 102),
(6435, 7, 25, NULL, 1, 102),
(6436, 2, 25, NULL, 1, 102),
(6437, 3, 25, NULL, 1, 102),
(6438, 9, 25, NULL, 1, 102),
(6439, 6, 25, NULL, 1, 102),
(6440, 20, 24, NULL, 1, 102),
(6441, 10, 24, 9, 3, 102),
(6442, 4, 24, NULL, 1, 102),
(6443, 8, 24, NULL, 1, 102),
(6444, 21, 24, NULL, 1, 102),
(6445, 7, 24, NULL, 1, 102),
(6446, 2, 24, NULL, 1, 102),
(6447, 3, 24, NULL, 1, 102),
(6448, 9, 24, NULL, 1, 102),
(6449, 6, 24, NULL, 1, 102),
(6450, 20, 26, NULL, 1, 102),
(6451, 10, 26, 1, 3, 102),
(6452, 4, 26, NULL, 1, 102),
(6453, 8, 26, NULL, 1, 102),
(6454, 21, 26, NULL, 1, 102),
(6455, 7, 26, NULL, 1, 102),
(6456, 2, 26, NULL, 1, 102),
(6457, 3, 26, NULL, 1, 102),
(6458, 9, 26, NULL, 1, 102),
(6459, 6, 26, NULL, 1, 102),
(6460, 20, 27, NULL, 1, 102),
(6461, 10, 27, 1, 3, 102),
(6462, 4, 27, NULL, 1, 102),
(6463, 8, 27, NULL, 1, 102),
(6464, 21, 27, NULL, 1, 102),
(6465, 7, 27, NULL, 1, 102),
(6466, 2, 27, NULL, 1, 102),
(6467, 3, 27, NULL, 1, 102),
(6468, 9, 27, NULL, 1, 102),
(6469, 6, 27, NULL, 1, 102),
(6470, 20, 28, NULL, 1, 102),
(6471, 10, 28, NULL, 3, 102),
(6472, 4, 28, NULL, 1, 102),
(6473, 8, 28, NULL, 1, 102),
(6474, 21, 28, NULL, 1, 102),
(6475, 7, 28, NULL, 1, 102),
(6476, 2, 28, NULL, 1, 102),
(6477, 3, 28, NULL, 1, 102),
(6478, 9, 28, NULL, 1, 102),
(6479, 6, 28, NULL, 1, 102),
(6487, 20, 30, NULL, 1, 102),
(6488, 10, 30, 9, 3, 102),
(6489, 4, 30, NULL, 1, 102),
(6490, 8, 30, NULL, 1, 102),
(6491, 21, 30, NULL, 1, 102),
(6492, 7, 30, NULL, 1, 102),
(6493, 2, 30, NULL, 1, 102),
(6494, 3, 30, NULL, 1, 102),
(6495, 9, 30, NULL, 1, 102),
(6496, 6, 30, NULL, 1, 102),
(6497, 10, 23, NULL, 1, 103),
(6498, 20, 21, NULL, 1, 103),
(6499, 10, 21, NULL, 1, 103),
(6500, 4, 21, NULL, 1, 103),
(6501, 8, 21, NULL, 1, 103),
(6502, 21, 21, NULL, 1, 103),
(6503, 7, 21, NULL, 1, 103),
(6504, 2, 21, NULL, 1, 103),
(6505, 3, 21, NULL, 1, 103),
(6506, 9, 21, NULL, 1, 103),
(6507, 6, 21, NULL, 1, 103),
(6508, 20, 22, NULL, 1, 103),
(6509, 10, 22, NULL, 1, 103),
(6510, 4, 22, NULL, 1, 103),
(6511, 8, 22, NULL, 1, 103),
(6512, 21, 22, NULL, 1, 103),
(6513, 7, 22, NULL, 1, 103),
(6514, 2, 22, NULL, 1, 103),
(6515, 3, 22, NULL, 1, 103),
(6516, 9, 22, NULL, 1, 103),
(6517, 6, 22, NULL, 1, 103),
(6518, 20, 23, NULL, 1, 103),
(6519, 4, 23, NULL, 1, 103),
(6520, 8, 23, NULL, 1, 103),
(6521, 21, 23, NULL, 1, 103),
(6522, 7, 23, NULL, 1, 103),
(6523, 2, 23, NULL, 1, 103),
(6524, 3, 23, NULL, 1, 103),
(6525, 9, 23, NULL, 1, 103),
(6526, 6, 23, NULL, 1, 103),
(6527, 20, 25, NULL, 1, 103),
(6528, 10, 25, 3, 1, 103),
(6529, 4, 25, NULL, 1, 103),
(6530, 8, 25, NULL, 1, 103),
(6531, 21, 25, NULL, 1, 103),
(6532, 7, 25, NULL, 1, 103),
(6533, 2, 25, NULL, 1, 103),
(6534, 3, 25, NULL, 1, 103),
(6535, 9, 25, NULL, 1, 103),
(6536, 6, 25, NULL, 1, 103),
(6537, 10, 23, NULL, 3, 104),
(6538, 20, 21, NULL, 1, 104),
(6539, 10, 21, 1, 3, 104),
(6540, 4, 21, NULL, 1, 104),
(6541, 8, 21, NULL, 1, 104),
(6542, 21, 21, NULL, 1, 104),
(6543, 7, 21, NULL, 1, 104),
(6544, 2, 21, NULL, 1, 104),
(6545, 3, 21, NULL, 1, 104),
(6546, 9, 21, NULL, 1, 104),
(6547, 6, 21, NULL, 1, 104),
(6548, 10, 23, 0, 3, 105),
(6549, 20, 21, NULL, 1, 105),
(6550, 10, 21, 0, 3, 105),
(6551, 4, 21, NULL, 1, 105),
(6552, 8, 21, NULL, 1, 105),
(6553, 21, 21, NULL, 1, 105),
(6554, 7, 21, NULL, 1, 105),
(6555, 2, 21, NULL, 1, 105),
(6556, 3, 21, NULL, 1, 105),
(6557, 9, 21, NULL, 1, 105),
(6558, 6, 21, NULL, 1, 105),
(6559, 20, 22, NULL, 1, 105),
(6560, 10, 22, 0, 3, 105),
(6561, 4, 22, NULL, 1, 105),
(6562, 8, 22, NULL, 1, 105),
(6563, 21, 22, NULL, 1, 105),
(6564, 7, 22, NULL, 1, 105),
(6565, 2, 22, NULL, 1, 105),
(6566, 3, 22, NULL, 1, 105),
(6567, 9, 22, NULL, 1, 105),
(6568, 6, 22, NULL, 1, 105),
(6569, 20, 23, NULL, 1, 105),
(6570, 4, 23, NULL, 1, 105),
(6571, 8, 23, NULL, 1, 105),
(6572, 21, 23, NULL, 1, 105),
(6573, 7, 23, NULL, 1, 105),
(6574, 2, 23, NULL, 1, 105),
(6575, 3, 23, NULL, 1, 105),
(6576, 9, 23, NULL, 1, 105),
(6577, 6, 23, NULL, 1, 105),
(6578, 20, 24, NULL, 1, 105),
(6579, 10, 24, 1.50481, 3, 105),
(6580, 4, 24, NULL, 1, 105),
(6581, 8, 24, NULL, 1, 105),
(6582, 21, 24, NULL, 1, 105),
(6583, 7, 24, NULL, 1, 105),
(6584, 2, 24, NULL, 1, 105),
(6585, 3, 24, NULL, 1, 105),
(6586, 9, 24, NULL, 1, 105),
(6587, 6, 24, NULL, 1, 105),
(6588, 20, 26, NULL, 1, 105),
(6589, 10, 26, 0, 3, 105),
(6590, 4, 26, NULL, 1, 105),
(6591, 8, 26, NULL, 1, 105),
(6592, 21, 26, NULL, 1, 105),
(6593, 7, 26, NULL, 1, 105),
(6594, 2, 26, NULL, 1, 105),
(6595, 3, 26, NULL, 1, 105),
(6596, 9, 26, NULL, 1, 105),
(6597, 6, 26, NULL, 1, 105),
(6598, 20, 27, NULL, 1, 105),
(6599, 10, 27, 0, 3, 105),
(6600, 4, 27, NULL, 1, 105),
(6601, 8, 27, NULL, 1, 105),
(6602, 21, 27, NULL, 1, 105),
(6603, 7, 27, NULL, 1, 105),
(6604, 2, 27, NULL, 1, 105),
(6605, 3, 27, NULL, 1, 105),
(6606, 9, 27, NULL, 1, 105),
(6607, 6, 27, NULL, 1, 105),
(6608, 20, 28, NULL, 1, 105),
(6609, 10, 28, 0, 3, 105),
(6610, 4, 28, NULL, 1, 105),
(6611, 8, 28, NULL, 1, 105),
(6612, 21, 28, NULL, 1, 105),
(6613, 7, 28, NULL, 1, 105),
(6614, 2, 28, NULL, 1, 105),
(6615, 3, 28, NULL, 1, 105),
(6616, 9, 28, NULL, 1, 105),
(6617, 6, 28, NULL, 1, 105),
(6618, 20, 29, NULL, 1, 105),
(6619, 10, 29, 0, 3, 105),
(6620, 4, 29, NULL, 1, 105),
(6621, 8, 29, NULL, 1, 105),
(6622, 21, 29, NULL, 1, 105),
(6623, 7, 29, NULL, 1, 105),
(6624, 2, 29, NULL, 1, 105),
(6625, 3, 29, NULL, 1, 105),
(6626, 9, 29, NULL, 1, 105),
(6627, 6, 29, NULL, 1, 105),
(6628, 20, 30, NULL, 1, 105),
(6629, 10, 30, 14.0096, 3, 105),
(6630, 4, 30, NULL, 1, 105),
(6631, 8, 30, NULL, 1, 105),
(6632, 21, 30, NULL, 1, 105),
(6633, 7, 30, NULL, 1, 105),
(6634, 2, 30, NULL, 1, 105),
(6635, 3, 30, NULL, 1, 105),
(6636, 9, 30, NULL, 1, 105),
(6637, 6, 30, NULL, 1, 105),
(6638, 20, 31, NULL, 1, 105),
(6639, 10, 31, NULL, 2, 105),
(6640, 4, 31, NULL, 1, 105),
(6641, 8, 31, NULL, 1, 105),
(6642, 21, 31, NULL, 1, 105),
(6643, 7, 31, NULL, 1, 105),
(6644, 2, 31, NULL, 1, 105),
(6645, 3, 31, NULL, 1, 105),
(6646, 9, 31, NULL, 1, 105),
(6647, 6, 31, NULL, 1, 105),
(6648, 20, 32, NULL, 1, 105),
(6649, 10, 32, 0.5, 2, 105),
(6650, 4, 32, NULL, 1, 105),
(6651, 8, 32, NULL, 1, 105),
(6652, 21, 32, NULL, 1, 105),
(6653, 7, 32, NULL, 1, 105),
(6654, 2, 32, NULL, 1, 105),
(6655, 3, 32, NULL, 1, 105),
(6656, 9, 32, NULL, 1, 105),
(6657, 6, 32, NULL, 1, 105),
(6658, 20, 33, NULL, 1, 105),
(6659, 10, 33, 0.75, 2, 105),
(6660, 4, 33, NULL, 1, 105),
(6661, 8, 33, NULL, 1, 105),
(6662, 21, 33, NULL, 1, 105),
(6663, 7, 33, NULL, 1, 105),
(6664, 2, 33, NULL, 1, 105),
(6665, 3, 33, NULL, 1, 105),
(6666, 9, 33, NULL, 1, 105),
(6667, 6, 33, NULL, 1, 105),
(6676, 10, 31, NULL, 2, 106),
(6677, 10, 32, NULL, 3, 106),
(6678, 10, 33, 0.75, 2, 106),
(6679, 10, 23, NULL, 3, 106),
(6680, 20, 23, NULL, 1, 106),
(6681, 4, 23, NULL, 1, 106),
(6682, 8, 23, NULL, 1, 106),
(6683, 21, 23, NULL, 1, 106),
(6684, 7, 23, NULL, 1, 106),
(6685, 2, 23, NULL, 1, 106),
(6686, 3, 23, NULL, 1, 106),
(6687, 9, 23, NULL, 1, 106),
(6688, 6, 23, NULL, 1, 106),
(6689, 20, 21, NULL, 1, 106),
(6690, 10, 21, 0, 3, 106),
(6691, 4, 21, NULL, 1, 106),
(6692, 8, 21, NULL, 1, 106),
(6693, 21, 21, NULL, 1, 106),
(6694, 7, 21, NULL, 1, 106),
(6695, 2, 21, NULL, 1, 106),
(6696, 3, 21, NULL, 1, 106),
(6697, 9, 21, NULL, 1, 106),
(6698, 6, 21, NULL, 1, 106),
(6699, 20, 30, NULL, 1, 106),
(6700, 10, 30, 0, 3, 106),
(6701, 4, 30, NULL, 1, 106),
(6702, 8, 30, NULL, 1, 106),
(6703, 21, 30, NULL, 1, 106),
(6704, 7, 30, NULL, 1, 106),
(6705, 2, 30, NULL, 1, 106),
(6706, 3, 30, NULL, 1, 106),
(6707, 9, 30, NULL, 1, 106),
(6708, 6, 30, NULL, 1, 106),
(6709, 20, 22, NULL, 1, 106),
(6710, 10, 22, 0, 3, 106),
(6711, 4, 22, NULL, 1, 106),
(6712, 8, 22, NULL, 1, 106),
(6713, 21, 22, NULL, 1, 106),
(6714, 7, 22, NULL, 1, 106),
(6715, 2, 22, NULL, 1, 106),
(6716, 3, 22, NULL, 1, 106),
(6717, 9, 22, NULL, 1, 106),
(6718, 6, 22, NULL, 1, 106),
(6719, 20, 25, NULL, 1, 106),
(6720, 10, 25, NULL, 1, 106),
(6721, 4, 25, NULL, 1, 106),
(6722, 8, 25, NULL, 1, 106),
(6723, 21, 25, NULL, 1, 106),
(6724, 7, 25, NULL, 1, 106),
(6725, 2, 25, NULL, 1, 106),
(6726, 3, 25, NULL, 1, 106),
(6727, 9, 25, NULL, 1, 106),
(6728, 6, 25, NULL, 1, 106),
(6729, 20, 27, NULL, 1, 106),
(6730, 10, 27, 6.68859, 3, 106),
(6731, 4, 27, NULL, 1, 106),
(6732, 8, 27, NULL, 1, 106),
(6733, 21, 27, NULL, 1, 106),
(6734, 7, 27, NULL, 1, 106),
(6735, 2, 27, NULL, 1, 106),
(6736, 3, 27, NULL, 1, 106),
(6737, 9, 27, NULL, 1, 106),
(6738, 6, 27, NULL, 1, 106),
(6739, 20, 24, NULL, 1, 106),
(6740, 4, 24, NULL, 1, 106),
(6741, 8, 24, NULL, 1, 106),
(6742, 21, 24, NULL, 1, 106),
(6743, 7, 24, NULL, 1, 106),
(6744, 2, 24, NULL, 1, 106),
(6745, 3, 24, NULL, 1, 106),
(6746, 9, 24, NULL, 1, 106),
(6747, 6, 24, NULL, 1, 106),
(6748, 20, 26, NULL, 1, 106),
(6749, 10, 26, 0.344297, 3, 106),
(6750, 4, 26, NULL, 1, 106),
(6751, 8, 26, NULL, 1, 106),
(6752, 21, 26, NULL, 1, 106),
(6753, 7, 26, NULL, 1, 106),
(6754, 2, 26, NULL, 1, 106),
(6755, 3, 26, NULL, 1, 106),
(6756, 9, 26, NULL, 1, 106),
(6757, 6, 26, NULL, 1, 106),
(6758, 20, 28, NULL, 1, 106),
(6759, 10, 28, 0, 3, 106),
(6760, 4, 28, NULL, 1, 106),
(6761, 8, 28, NULL, 1, 106),
(6762, 21, 28, NULL, 1, 106),
(6763, 7, 28, NULL, 1, 106),
(6764, 2, 28, NULL, 1, 106),
(6765, 3, 28, NULL, 1, 106),
(6766, 9, 28, NULL, 1, 106),
(6767, 6, 28, NULL, 1, 106);
INSERT INTO `coefficient_mod_values` (`id`, `id_expense`, `id_apartment`, `value`, `id_mod_type`, `id_upkeep`) VALUES
(6768, 20, 29, NULL, 1, 106),
(6769, 10, 29, NULL, 2, 106),
(6770, 4, 29, NULL, 1, 106),
(6771, 8, 29, NULL, 1, 106),
(6772, 21, 29, NULL, 1, 106),
(6773, 7, 29, NULL, 1, 106),
(6774, 2, 29, NULL, 1, 106),
(6775, 3, 29, NULL, 1, 106),
(6776, 9, 29, NULL, 1, 106),
(6777, 6, 29, NULL, 1, 106),
(6778, 20, 32, NULL, 1, 106),
(6779, 4, 32, NULL, 1, 106),
(6780, 8, 32, NULL, 1, 106),
(6781, 21, 32, NULL, 1, 106),
(6782, 7, 32, NULL, 1, 106),
(6783, 2, 32, NULL, 1, 106),
(6784, 3, 32, NULL, 1, 106),
(6785, 9, 32, NULL, 1, 106),
(6786, 6, 32, NULL, 1, 106),
(6787, 20, 34, NULL, 1, 106),
(6788, 10, 34, NULL, 2, 106),
(6789, 4, 34, NULL, 1, 106),
(6790, 8, 34, NULL, 1, 106),
(6791, 21, 34, NULL, 1, 106),
(6792, 7, 34, NULL, 1, 106),
(6793, 2, 34, NULL, 1, 106),
(6794, 3, 34, NULL, 1, 106),
(6795, 9, 34, NULL, 1, 106),
(6796, 6, 34, NULL, 1, 106),
(6803, 10, 31, NULL, 2, 107),
(6804, 10, 33, 0.75, 2, 107),
(6805, 10, 29, NULL, 2, 107),
(6806, 10, 34, NULL, 2, 107),
(6807, 10, 32, NULL, 3, 107),
(6808, 20, 21, NULL, 1, 107),
(6809, 10, 21, 0, 3, 107),
(6810, 4, 21, NULL, 1, 107),
(6811, 8, 21, NULL, 1, 107),
(6812, 21, 21, NULL, 1, 107),
(6813, 7, 21, NULL, 1, 107),
(6814, 2, 21, NULL, 1, 107),
(6815, 3, 21, NULL, 1, 107),
(6816, 9, 21, NULL, 1, 107),
(6817, 6, 21, NULL, 1, 107),
(6818, 20, 25, NULL, 1, 107),
(6819, 10, 25, NULL, 3, 107),
(6820, 4, 25, NULL, 1, 107),
(6821, 8, 25, NULL, 1, 107),
(6822, 21, 25, NULL, 1, 107),
(6823, 7, 25, NULL, 1, 107),
(6824, 2, 25, NULL, 1, 107),
(6825, 3, 25, NULL, 1, 107),
(6826, 9, 25, NULL, 1, 107),
(6827, 6, 25, NULL, 1, 107),
(6828, 20, 24, NULL, 1, 107),
(6829, 4, 24, NULL, 1, 107),
(6830, 8, 24, NULL, 1, 107),
(6831, 21, 24, NULL, 1, 107),
(6832, 7, 24, NULL, 1, 107),
(6833, 2, 24, NULL, 1, 107),
(6834, 3, 24, NULL, 1, 107),
(6835, 9, 24, NULL, 1, 107),
(6836, 6, 24, NULL, 1, 107),
(6837, 20, 22, NULL, 1, 107),
(6838, 10, 22, 85.0862, 3, 107),
(6839, 4, 22, NULL, 1, 107),
(6840, 8, 22, NULL, 1, 107),
(6841, 21, 22, NULL, 1, 107),
(6842, 7, 22, NULL, 1, 107),
(6843, 2, 22, NULL, 1, 107),
(6844, 3, 22, NULL, 1, 107),
(6845, 9, 22, NULL, 1, 107),
(6846, 6, 22, NULL, 1, 107),
(6847, 20, 23, NULL, 1, 107),
(6848, 10, 23, 0, 3, 107),
(6849, 4, 23, NULL, 1, 107),
(6850, 8, 23, NULL, 1, 107),
(6851, 21, 23, NULL, 1, 107),
(6852, 7, 23, NULL, 1, 107),
(6853, 2, 23, NULL, 1, 107),
(6854, 3, 23, NULL, 1, 107),
(6855, 9, 23, NULL, 1, 107),
(6856, 6, 23, NULL, 1, 107),
(6857, 20, 26, NULL, 1, 107),
(6858, 10, 26, 1.01583, 3, 107),
(6859, 4, 26, NULL, 1, 107),
(6860, 8, 26, NULL, 1, 107),
(6861, 21, 26, NULL, 1, 107),
(6862, 7, 26, NULL, 1, 107),
(6863, 2, 26, NULL, 1, 107),
(6864, 3, 26, NULL, 1, 107),
(6865, 9, 26, NULL, 1, 107),
(6866, 6, 26, NULL, 1, 107),
(6867, 20, 27, NULL, 1, 107),
(6868, 10, 27, 2.00881, 3, 107),
(6869, 4, 27, NULL, 1, 107),
(6870, 8, 27, NULL, 1, 107),
(6871, 21, 27, NULL, 1, 107),
(6872, 7, 27, NULL, 1, 107),
(6873, 2, 27, NULL, 1, 107),
(6874, 3, 27, NULL, 1, 107),
(6875, 9, 27, NULL, 1, 107),
(6876, 6, 27, NULL, 1, 107),
(6877, 20, 28, NULL, 1, 107),
(6878, 10, 28, 3.15886, 3, 107),
(6879, 4, 28, NULL, 1, 107),
(6880, 8, 28, NULL, 1, 107),
(6881, 21, 28, NULL, 1, 107),
(6882, 7, 28, NULL, 1, 107),
(6883, 2, 28, NULL, 1, 107),
(6884, 3, 28, NULL, 1, 107),
(6885, 9, 28, NULL, 1, 107),
(6886, 6, 28, NULL, 1, 107),
(6887, 20, 30, NULL, 1, 107),
(6888, 10, 30, 2.10591, 3, 107),
(6889, 4, 30, NULL, 1, 107),
(6890, 8, 30, NULL, 1, 107),
(6891, 21, 30, NULL, 1, 107),
(6892, 7, 30, NULL, 1, 107),
(6893, 2, 30, NULL, 1, 107),
(6894, 3, 30, NULL, 1, 107),
(6895, 9, 30, NULL, 1, 107),
(6896, 6, 30, NULL, 1, 107),
(6897, 10, 24, NULL, 3, 107),
(6898, 10, 31, NULL, 2, 108),
(6899, 10, 33, 0.75, 2, 108),
(6900, 10, 29, NULL, 2, 108),
(6901, 10, 34, NULL, 2, 108),
(6902, 10, 32, NULL, 3, 108),
(6903, 10, 21, NULL, 3, 108),
(6904, 10, 25, NULL, 3, 108),
(6905, 10, 22, NULL, 3, 108),
(6906, 10, 23, NULL, 3, 108),
(6907, 10, 26, NULL, 3, 108),
(6908, 10, 27, NULL, 3, 108),
(6909, 10, 28, NULL, 3, 108),
(6910, 10, 30, NULL, 3, 108),
(6911, 10, 24, NULL, 3, 108),
(6912, 10, 31, NULL, 2, 109),
(6913, 10, 33, 0.75, 2, 109),
(6914, 10, 29, NULL, 2, 109),
(6915, 10, 34, NULL, 2, 109),
(6916, 10, 32, NULL, 3, 109),
(6917, 10, 21, NULL, 3, 109),
(6918, 10, 25, NULL, 3, 109),
(6919, 10, 22, NULL, 3, 109),
(6920, 10, 23, NULL, 3, 109),
(6921, 10, 26, NULL, 3, 109),
(6922, 10, 27, NULL, 3, 109),
(6923, 10, 28, NULL, 3, 109),
(6924, 10, 30, NULL, 3, 109),
(6925, 10, 24, NULL, 3, 109),
(6926, 10, 31, NULL, 2, 110),
(6927, 10, 33, 0.75, 2, 110),
(6928, 10, 29, NULL, 2, 110),
(6929, 10, 34, NULL, 2, 110),
(6930, 10, 32, NULL, 3, 110),
(6931, 10, 21, NULL, 3, 110),
(6932, 10, 25, NULL, 3, 110),
(6933, 10, 22, NULL, 3, 110),
(6934, 10, 23, NULL, 3, 110),
(6935, 10, 26, NULL, 3, 110),
(6936, 10, 27, NULL, 3, 110),
(6937, 10, 28, NULL, 3, 110),
(6938, 10, 30, NULL, 3, 110),
(6939, 10, 24, NULL, 3, 110),
(6940, 10, 23, NULL, 3, 111),
(6941, 10, 21, NULL, 3, 111),
(7437, 20, 21, 5.85, 3, 56),
(7438, 10, 21, 5.85, 3, 56),
(7439, 20, 22, 10, 3, 56),
(7440, 10, 22, 10, 3, 56),
(7441, 20, 23, 10, 3, 56),
(7442, 10, 23, 10, 3, 56),
(7443, 20, 25, 6, 3, 56),
(7444, 10, 25, 6, 3, 56),
(7445, 20, 24, 5, 3, 56),
(7446, 10, 24, 5, 3, 56),
(7447, 20, 26, 5, 3, 56),
(7448, 10, 26, 5, 3, 56),
(7449, 20, 27, 6, 3, 56),
(7450, 10, 27, 6, 3, 56),
(7451, 20, 28, 9, 3, 56),
(7452, 10, 28, 9, 3, 56),
(7453, 20, 29, 6, 3, 56),
(7454, 10, 29, 6, 3, 56),
(7455, 20, 30, 6, 3, 56),
(7456, 10, 30, 6, 3, 56),
(7457, 20, 31, 5, 3, 56),
(7458, 10, 31, 5, 3, 56),
(7459, 20, 32, 7, 3, 56),
(7460, 10, 32, 7, 3, 56),
(7461, 20, 33, 5, 3, 56),
(7462, 10, 33, 5, 3, 56),
(7463, 20, 34, 8, 3, 56),
(7464, 10, 34, 8, 3, 56),
(7465, 20, 35, 7, 3, 56),
(7466, 10, 35, 7, 3, 56),
(7467, 20, 36, 5, 3, 56),
(7468, 10, 36, 5, 3, 56),
(7469, 20, 37, 7, 3, 56),
(7470, 10, 37, 7, 3, 56),
(7471, 20, 38, 5, 3, 56),
(7472, 10, 38, 5, 3, 56),
(7473, 20, 39, 5, 3, 56),
(7474, 10, 39, 5, 3, 56),
(7475, 20, 40, 0, 3, 56),
(7476, 10, 40, 0, 3, 56),
(7477, 20, 41, 0, 3, 56),
(7478, 10, 41, 0, 3, 56),
(7479, 20, 42, 7, 3, 56),
(7480, 10, 42, 7, 3, 56),
(7481, 20, 43, 6, 3, 56),
(7482, 10, 43, 6, 3, 56),
(7483, 20, 44, 6, 3, 56),
(7484, 10, 44, 6, 3, 56),
(7485, 20, 45, 8, 3, 56),
(7486, 10, 45, 8, 3, 56),
(7487, 20, 46, 5, 3, 56),
(7488, 10, 46, 5, 3, 56),
(7489, 20, 47, 5, 3, 56),
(7490, 10, 47, 5, 3, 56),
(7491, 20, 48, 0, 3, 56),
(7492, 10, 48, 0, 3, 56),
(7493, 20, 49, 5, 3, 56),
(7494, 10, 49, 5, 3, 56),
(7495, 20, 50, 5, 3, 56),
(7496, 10, 50, 5, 3, 56),
(7497, 20, 51, 6, 3, 56),
(7498, 10, 51, 6, 3, 56),
(7499, 20, 52, 5, 3, 56),
(7500, 10, 52, 5, 3, 56),
(7501, 20, 53, 7, 3, 56),
(7502, 10, 53, 7, 3, 56),
(7503, 20, 54, 7, 3, 56),
(7504, 10, 54, 7, 3, 56),
(7505, 20, 55, 7, 3, 56),
(7506, 10, 55, 7, 3, 56),
(7507, 20, 56, 6, 3, 56),
(7508, 10, 56, 6, 3, 56),
(7509, 20, 57, 7, 3, 56),
(7510, 10, 57, 7, 3, 56),
(7511, 20, 58, 0, 3, 56),
(7512, 10, 58, 0, 3, 56),
(7513, 20, 59, 5, 3, 56),
(7514, 10, 59, 5, 3, 56),
(7515, 20, 60, 6, 3, 56),
(7516, 10, 60, 6, 3, 56),
(7517, 20, 61, 9, 3, 56),
(7518, 10, 61, 9, 3, 56),
(7519, 20, 62, 7, 3, 56),
(7520, 10, 62, 7, 3, 56),
(7521, 20, 63, 3.85, 3, 56),
(7522, 10, 63, 3.85, 3, 56),
(7523, 20, 64, 5, 3, 56),
(7524, 10, 64, 5, 3, 56),
(7525, 20, 65, 6, 3, 56),
(7526, 10, 65, 6, 3, 56),
(7527, 20, 66, 6, 3, 56),
(7528, 10, 66, 6, 3, 56),
(7529, 20, 67, 6, 3, 56),
(7530, 10, 67, 6, 3, 56),
(7531, 20, 68, 5, 3, 56),
(7532, 10, 68, 5, 3, 56),
(7533, 20, 69, 7, 3, 56),
(7534, 10, 69, 7, 3, 56),
(7535, 20, 70, 5, 3, 56),
(7536, 10, 70, 5, 3, 56),
(7537, 20, 71, 5, 3, 56),
(7538, 10, 71, 5, 3, 56),
(7539, 20, 72, 0, 3, 56),
(7540, 10, 72, 0, 3, 56),
(7541, 20, 73, 7, 3, 56),
(7542, 10, 73, 7, 3, 56),
(7543, 20, 74, 5, 3, 56),
(7544, 10, 74, 5, 3, 56),
(7545, 20, 75, 7, 3, 56),
(7546, 10, 75, 7, 3, 56),
(7547, 24, 120, NULL, 1, 88),
(7548, 22, 120, NULL, 1, 88),
(7549, 23, 120, NULL, 2, 88),
(7550, 26, 120, NULL, 1, 88),
(7551, 25, 120, NULL, 1, 88),
(7552, 24, 121, NULL, 1, 88),
(7553, 22, 121, NULL, 1, 88),
(7554, 23, 121, NULL, 2, 88),
(7555, 26, 121, NULL, 1, 88),
(7556, 25, 121, NULL, 1, 88),
(7557, 24, 122, NULL, 1, 88),
(7558, 22, 122, NULL, 1, 88),
(7559, 23, 122, NULL, 2, 88),
(7560, 26, 122, NULL, 1, 88),
(7561, 25, 122, NULL, 1, 88),
(7562, 24, 123, NULL, 1, 88),
(7563, 22, 123, NULL, 1, 88),
(7564, 23, 123, NULL, 2, 88),
(7565, 26, 123, NULL, 1, 88),
(7566, 25, 123, NULL, 1, 88),
(7567, 24, 124, NULL, 1, 88),
(7568, 22, 124, NULL, 1, 88),
(7569, 23, 124, NULL, 2, 88),
(7570, 26, 124, NULL, 1, 88),
(7571, 25, 124, NULL, 1, 88),
(7572, 24, 125, NULL, 1, 88),
(7573, 22, 125, NULL, 1, 88),
(7574, 23, 125, NULL, 2, 88),
(7575, 26, 125, NULL, 1, 88),
(7576, 25, 125, NULL, 1, 88),
(7577, 24, 126, NULL, 1, 88),
(7578, 22, 126, NULL, 1, 88),
(7579, 23, 126, NULL, 2, 88),
(7580, 26, 126, NULL, 1, 88),
(7581, 25, 126, NULL, 1, 88),
(7582, 24, 127, NULL, 1, 88),
(7583, 22, 127, NULL, 1, 88),
(7584, 23, 127, NULL, 2, 88),
(7585, 26, 127, NULL, 1, 88),
(7586, 25, 127, NULL, 1, 88),
(7587, 24, 120, NULL, 1, 90),
(7588, 22, 120, NULL, 1, 90),
(7589, 23, 120, NULL, 2, 90),
(7590, 26, 120, NULL, 1, 90),
(7591, 25, 120, NULL, 1, 90),
(7592, 24, 121, NULL, 1, 90),
(7593, 22, 121, NULL, 1, 90),
(7594, 23, 121, NULL, 2, 90),
(7595, 26, 121, NULL, 1, 90),
(7596, 25, 121, NULL, 1, 90),
(7597, 24, 122, NULL, 1, 90),
(7598, 22, 122, NULL, 1, 90),
(7599, 23, 122, NULL, 2, 90),
(7600, 26, 122, NULL, 1, 90),
(7601, 25, 122, NULL, 1, 90),
(7602, 24, 123, NULL, 1, 90),
(7603, 22, 123, NULL, 1, 90),
(7604, 23, 123, NULL, 2, 90),
(7605, 26, 123, NULL, 1, 90),
(7606, 25, 123, NULL, 1, 90),
(7607, 24, 124, NULL, 1, 90),
(7608, 22, 124, NULL, 1, 90),
(7609, 23, 124, NULL, 2, 90),
(7610, 26, 124, NULL, 1, 90),
(7611, 25, 124, NULL, 1, 90),
(7612, 24, 125, NULL, 1, 90),
(7613, 22, 125, NULL, 1, 90),
(7614, 23, 125, NULL, 2, 90),
(7615, 26, 125, NULL, 1, 90),
(7616, 25, 125, NULL, 1, 90),
(7617, 24, 126, NULL, 1, 90),
(7618, 22, 126, NULL, 1, 90),
(7619, 23, 126, NULL, 2, 90),
(7620, 26, 126, NULL, 1, 90),
(7621, 25, 126, NULL, 1, 90),
(7622, 24, 127, NULL, 1, 90),
(7623, 22, 127, NULL, 1, 90),
(7624, 23, 127, NULL, 2, 90),
(7625, 26, 127, NULL, 1, 90),
(7626, 25, 127, NULL, 1, 90),
(7627, 24, 154, NULL, 1, 90),
(7628, 22, 154, NULL, 1, 90),
(7629, 23, 154, NULL, 2, 90),
(7630, 26, 154, NULL, 1, 90),
(7631, 25, 154, NULL, 1, 90),
(7632, 24, 120, NULL, 1, 91),
(7633, 22, 120, NULL, 1, 91),
(7634, 23, 120, NULL, 2, 91),
(7635, 26, 120, NULL, 1, 91),
(7636, 25, 120, NULL, 1, 91),
(7637, 24, 121, NULL, 1, 91),
(7638, 22, 121, NULL, 1, 91);
INSERT INTO `coefficient_mod_values` (`id`, `id_expense`, `id_apartment`, `value`, `id_mod_type`, `id_upkeep`) VALUES
(7639, 23, 121, NULL, 2, 91),
(7640, 26, 121, NULL, 1, 91),
(7641, 25, 121, NULL, 1, 91),
(7642, 24, 122, NULL, 1, 91),
(7643, 22, 122, NULL, 1, 91),
(7644, 23, 122, NULL, 2, 91),
(7645, 26, 122, NULL, 1, 91),
(7646, 25, 122, NULL, 1, 91),
(7647, 24, 123, NULL, 1, 91),
(7648, 22, 123, NULL, 1, 91),
(7649, 23, 123, NULL, 2, 91),
(7650, 26, 123, NULL, 1, 91),
(7651, 25, 123, NULL, 1, 91),
(7652, 24, 124, NULL, 1, 91),
(7653, 22, 124, NULL, 1, 91),
(7654, 23, 124, NULL, 2, 91),
(7655, 26, 124, NULL, 1, 91),
(7656, 25, 124, NULL, 1, 91),
(7657, 24, 125, NULL, 1, 91),
(7658, 22, 125, NULL, 1, 91),
(7659, 23, 125, NULL, 2, 91),
(7660, 26, 125, NULL, 1, 91),
(7661, 25, 125, NULL, 1, 91),
(7662, 24, 126, NULL, 1, 91),
(7663, 22, 126, NULL, 1, 91),
(7664, 23, 126, NULL, 2, 91),
(7665, 26, 126, NULL, 1, 91),
(7666, 25, 126, NULL, 1, 91),
(7667, 24, 127, NULL, 1, 91),
(7668, 22, 127, NULL, 1, 91),
(7669, 23, 127, NULL, 2, 91),
(7670, 26, 127, NULL, 1, 91),
(7671, 25, 127, NULL, 1, 91),
(7672, 24, 154, NULL, 1, 91),
(7673, 22, 154, NULL, 1, 91),
(7674, 23, 154, NULL, 2, 91),
(7675, 26, 154, NULL, 1, 91),
(7676, 25, 154, NULL, 1, 91),
(7677, 24, 120, NULL, 1, 92),
(7678, 22, 120, NULL, 1, 92),
(7679, 23, 120, NULL, 2, 92),
(7680, 26, 120, NULL, 1, 92),
(7681, 25, 120, NULL, 1, 92),
(7682, 24, 121, NULL, 1, 92),
(7683, 22, 121, NULL, 1, 92),
(7684, 23, 121, NULL, 2, 92),
(7685, 26, 121, NULL, 1, 92),
(7686, 25, 121, NULL, 1, 92),
(7687, 24, 122, NULL, 1, 92),
(7688, 22, 122, NULL, 1, 92),
(7689, 23, 122, NULL, 2, 92),
(7690, 26, 122, NULL, 1, 92),
(7691, 25, 122, NULL, 1, 92),
(7692, 24, 123, NULL, 1, 92),
(7693, 22, 123, NULL, 1, 92),
(7694, 23, 123, NULL, 2, 92),
(7695, 26, 123, NULL, 1, 92),
(7696, 25, 123, NULL, 1, 92),
(7697, 24, 124, NULL, 1, 92),
(7698, 22, 124, NULL, 1, 92),
(7699, 23, 124, NULL, 2, 92),
(7700, 26, 124, NULL, 1, 92),
(7701, 25, 124, NULL, 1, 92),
(7702, 24, 125, NULL, 1, 92),
(7703, 22, 125, NULL, 1, 92),
(7704, 23, 125, NULL, 2, 92),
(7705, 26, 125, NULL, 1, 92),
(7706, 25, 125, NULL, 1, 92),
(7707, 24, 126, NULL, 1, 92),
(7708, 22, 126, NULL, 1, 92),
(7709, 23, 126, NULL, 2, 92),
(7710, 26, 126, NULL, 1, 92),
(7711, 25, 126, NULL, 1, 92),
(7712, 24, 127, NULL, 1, 92),
(7713, 22, 127, NULL, 1, 92),
(7714, 23, 127, NULL, 2, 92),
(7715, 26, 127, NULL, 1, 92),
(7716, 25, 127, NULL, 1, 92),
(7717, 24, 154, NULL, 1, 92),
(7718, 22, 154, NULL, 1, 92),
(7719, 23, 154, NULL, 2, 92),
(7720, 26, 154, NULL, 1, 92),
(7721, 25, 154, NULL, 1, 92),
(7722, 24, 154, NULL, 1, 93),
(7723, 22, 154, NULL, 1, 93),
(7724, 23, 154, NULL, 2, 93),
(7725, 26, 154, NULL, 1, 93),
(7726, 25, 154, NULL, 1, 93),
(7727, 24, 137, NULL, 1, 94),
(7728, 22, 137, NULL, 1, 94),
(7729, 23, 137, NULL, 2, 94),
(7730, 26, 137, NULL, 1, 94),
(7731, 25, 137, NULL, 1, 94),
(7732, 24, 137, NULL, 1, 95),
(7733, 22, 137, NULL, 1, 95),
(7734, 23, 137, NULL, 2, 95),
(7735, 26, 137, NULL, 1, 95),
(7736, 25, 137, NULL, 1, 95),
(7737, 24, 137, NULL, 1, 96),
(7738, 22, 137, NULL, 1, 96),
(7739, 23, 137, NULL, 2, 96),
(7740, 26, 137, NULL, 1, 96),
(7741, 25, 137, NULL, 1, 96),
(7742, 24, 137, NULL, 1, 97),
(7743, 22, 137, NULL, 1, 97),
(7744, 23, 137, NULL, 2, 97),
(7745, 26, 137, NULL, 1, 97),
(7746, 25, 137, NULL, 1, 97),
(7747, 24, 137, NULL, 1, 98),
(7748, 22, 137, NULL, 1, 98),
(7749, 23, 137, NULL, 2, 98),
(7750, 26, 137, NULL, 1, 98),
(7751, 25, 137, NULL, 1, 98),
(7752, 24, 137, NULL, 1, 99),
(7753, 22, 137, NULL, 1, 99),
(7754, 23, 137, NULL, 2, 99),
(7755, 26, 137, NULL, 1, 99),
(7756, 25, 137, NULL, 1, 99),
(8088, 10, 21, 295.191, 3, 113),
(8089, 10, 23, NULL, 3, 113),
(8091, 20, 21, NULL, 1, 113),
(8092, 4, 21, NULL, 1, 113),
(8093, 8, 21, NULL, 1, 113),
(8094, 21, 21, NULL, 1, 113),
(8095, 7, 21, NULL, 1, 113),
(8096, 2, 21, NULL, 1, 113),
(8097, 3, 21, NULL, 1, 113),
(8098, 9, 21, NULL, 1, 113),
(8099, 6, 21, NULL, 1, 113),
(8103, 31, 167, 3.85454, 3, 114),
(8104, 31, 168, 2, 3, 114),
(8105, 31, 169, 3.36364, 3, 114),
(8106, 31, 172, 9, 3, 114),
(8107, 31, 175, 6.3637, 3, 114),
(8108, 31, 177, 3, 3, 114),
(8109, 31, 178, 5.80909, 3, 114),
(8110, 31, 183, 2, 3, 114),
(8111, 31, 188, 4.9728, 3, 114),
(8112, 31, 189, 6.11818, 3, 114),
(8113, 31, 195, 2.82727, 3, 114),
(8114, 31, 198, 4.07273, 3, 114),
(8115, 31, 199, 4.25455, 3, 114),
(8116, 31, 200, 1.2, 3, 114),
(8117, 31, 202, 4, 3, 114),
(8118, 31, 204, 4.29091, 3, 114),
(8119, 31, 205, 2, 3, 114),
(8120, 31, 207, 3, 3, 114),
(8121, 31, 208, 8.04545, 3, 114),
(8122, 31, 209, 4.54545, 3, 114),
(8123, 31, 210, 2.46364, 3, 114),
(8124, 31, 211, 1.09091, 3, 114),
(8125, 31, 213, 8.7, 3, 114),
(8126, 31, 214, 4.54545, 3, 114),
(8127, 31, 217, 4.63636, 3, 114),
(8128, 31, 218, 7.76364, 3, 114),
(8129, 31, 219, 4.47273, 3, 114);

-- --------------------------------------------------------

--
-- Structura de tabel pentru tabelul `coefficient_values`
--
-- Creare: 05 Mar 2015 la 11:21
--

DROP TABLE IF EXISTS `coefficient_values`;
CREATE TABLE IF NOT EXISTS `coefficient_values` (
  `id` int(10) unsigned NOT NULL AUTO_INCREMENT,
  `id_coefficient` int(10) unsigned NOT NULL,
  `id_apartment` int(10) unsigned NOT NULL,
  `value` float unsigned NOT NULL,
  `id_upkeep` int(10) unsigned NOT NULL,
  PRIMARY KEY (`id`),
  UNIQUE KEY `id_upkeep` (`id_upkeep`,`id_coefficient`,`id_apartment`),
  KEY `id_apartment` (`id_apartment`),
  KEY `id_coefficient` (`id_coefficient`)
) ENGINE=InnoDB  DEFAULT CHARSET=utf8 COLLATE=utf8_romanian_ci AUTO_INCREMENT=13899 ;

--
-- RELAȚII PENTRU TABEL `coefficient_values`:
--   `id_upkeep`
--       `upkeeps` -> `id`
--   `id_apartment`
--       `apartments` -> `id`
--   `id_coefficient`
--       `coefficients` -> `id`
--

--
-- Salvarea datelor din tabel `coefficient_values`
--

INSERT INTO `coefficient_values` (`id`, `id_coefficient`, `id_apartment`, `value`, `id_upkeep`) VALUES
(5547, 3, 76, 1, 73),
(5548, 2, 76, 0, 73),
(5549, 3, 78, 2, 73),
(5550, 2, 78, 0, 73),
(5551, 2, 79, 0, 73),
(5552, 3, 79, 1, 73),
(5553, 3, 80, 2, 73),
(5554, 2, 80, 0, 73),
(5555, 2, 81, 0, 73),
(5556, 3, 81, 2, 73),
(5557, 3, 82, 1, 73),
(5558, 2, 82, 0, 73),
(5559, 2, 83, 0, 73),
(5560, 3, 83, 3, 73),
(5561, 3, 84, 2, 73),
(5562, 2, 84, 0, 73),
(5563, 2, 85, 0, 73),
(5564, 3, 85, 4, 73),
(5565, 2, 86, 0, 73),
(5566, 3, 86, 2, 73),
(5567, 2, 87, 0, 73),
(5568, 3, 87, 2, 73),
(5569, 2, 88, 0, 73),
(5570, 3, 88, 1, 73),
(5571, 3, 89, 2, 73),
(5572, 2, 89, 0, 73),
(5573, 2, 90, 0, 73),
(5574, 3, 90, 3, 73),
(5575, 2, 92, 0, 73),
(5576, 3, 92, 1, 73),
(5577, 3, 91, 1, 73),
(5578, 2, 91, 0, 73),
(5579, 3, 93, 4, 73),
(5580, 2, 93, 0, 73),
(5581, 2, 94, 0, 73),
(5582, 3, 94, 1, 73),
(5583, 3, 95, 2, 73),
(5584, 2, 95, 0, 73),
(5585, 2, 96, 0, 73),
(5586, 3, 96, 3, 73),
(5587, 2, 98, 0, 73),
(5588, 3, 98, 3, 73),
(5589, 3, 97, 1, 73),
(5590, 2, 97, 0, 73),
(5591, 2, 99, 0, 73),
(5592, 3, 99, 3, 73),
(5593, 2, 100, 0, 73),
(5594, 3, 100, 3, 73),
(5595, 3, 101, 2, 73),
(5596, 2, 101, 0, 73),
(5597, 2, 102, 0, 73),
(5598, 3, 102, 2, 73),
(5599, 3, 103, 2, 73),
(5600, 2, 103, 0, 73),
(5601, 2, 104, 0, 73),
(5602, 3, 104, 2, 73),
(5603, 3, 105, 2, 73),
(5604, 2, 105, 0, 73),
(5605, 2, 106, 0, 73),
(5606, 3, 106, 1, 73),
(5607, 2, 107, 0, 73),
(5608, 3, 107, 2, 73),
(5609, 3, 108, 1, 73),
(5610, 2, 108, 0, 73),
(5611, 2, 109, 0, 73),
(5612, 3, 109, 2, 73),
(5613, 3, 110, 2, 73),
(5614, 2, 110, 0, 73),
(5615, 2, 111, 0, 73),
(5616, 3, 111, 2, 73),
(5617, 3, 112, 3, 73),
(5618, 2, 112, 0, 73),
(5619, 2, 113, 0, 73),
(5620, 3, 113, 4, 73),
(5621, 3, 114, 3, 73),
(5622, 2, 114, 0, 73),
(5623, 2, 115, 0, 73),
(5624, 3, 115, 3, 73),
(5625, 3, 116, 2, 73),
(5626, 2, 116, 0, 73),
(5627, 2, 117, 0, 73),
(5628, 3, 117, 2, 73),
(5629, 3, 118, 1, 73),
(5630, 2, 118, 0, 73),
(5631, 2, 119, 0, 73),
(5632, 3, 119, 1, 73),
(5639, 2, 26, 0.78, 86),
(5640, 3, 26, 1, 86),
(5641, 3, 27, 2, 86),
(5642, 2, 27, 1.97, 86),
(5643, 2, 28, 1.97, 86),
(5644, 3, 28, 3, 86),
(5645, 3, 29, 2, 86),
(5646, 2, 29, 1.97, 86),
(5647, 2, 31, 0.78, 86),
(5648, 3, 31, 1, 86),
(5649, 2, 32, 1.97, 86),
(5650, 3, 32, 3, 86),
(5651, 2, 33, 1.97, 86),
(5652, 3, 33, 1, 86),
(5653, 2, 34, 1.97, 86),
(5654, 3, 34, 4, 86),
(5655, 2, 35, 2.49, 86),
(5656, 3, 35, 3, 86),
(5657, 2, 36, 0.78, 86),
(5658, 3, 36, 1, 86),
(5659, 2, 30, 2.49, 86),
(5660, 3, 30, 2, 86),
(5661, 2, 37, 1.97, 86),
(5662, 3, 37, 3, 86),
(5663, 2, 38, 1.97, 86),
(5664, 3, 38, 1, 86),
(5665, 2, 39, 1.97, 86),
(5666, 3, 39, 1, 86),
(5667, 3, 40, 0, 86),
(5668, 2, 40, 2.49, 86),
(5669, 2, 41, 0.78, 86),
(5670, 3, 41, 0, 86),
(5671, 3, 42, 3, 86),
(5672, 2, 42, 1.97, 86),
(5673, 2, 43, 1.97, 86),
(5674, 3, 43, 2, 86),
(5675, 3, 44, 2, 86),
(5676, 2, 44, 1.97, 86),
(5677, 2, 45, 2.49, 86),
(5678, 3, 45, 4, 86),
(5679, 2, 46, 0.78, 86),
(5680, 3, 46, 1, 86),
(5681, 2, 47, 1.97, 86),
(5682, 3, 47, 1, 86),
(5683, 2, 48, 1.97, 86),
(5684, 3, 48, 0, 86),
(5685, 2, 49, 1.97, 86),
(5686, 3, 49, 1, 86),
(5687, 2, 50, 2.49, 86),
(5688, 3, 50, 1, 86),
(5689, 2, 51, 0.78, 86),
(5690, 3, 51, 2, 86),
(5691, 2, 52, 1.97, 86),
(5692, 3, 52, 1, 86),
(5693, 2, 53, 1.97, 86),
(5694, 3, 53, 3, 86),
(5695, 2, 54, 1.97, 86),
(5696, 3, 54, 3, 86),
(5697, 3, 55, 3, 86),
(5698, 2, 55, 2.49, 86),
(5699, 2, 56, 0.78, 86),
(5700, 3, 56, 1, 86),
(5701, 3, 57, 3, 86),
(5702, 2, 57, 1.97, 86),
(5703, 2, 58, 1.97, 86),
(5704, 3, 58, 0, 86),
(5705, 3, 59, 1, 86),
(5706, 2, 59, 1.97, 86),
(5707, 2, 60, 2.49, 86),
(5708, 3, 60, 2, 86),
(5709, 2, 62, 1.97, 86),
(5710, 3, 62, 3, 86),
(5711, 3, 72, 0, 86),
(5712, 2, 72, 1.97, 86),
(5713, 2, 67, 1.97, 86),
(5714, 3, 67, 2, 86),
(5715, 3, 61, 2, 86),
(5716, 2, 61, 0.78, 86),
(5717, 2, 66, 0.78, 86),
(5718, 3, 66, 2, 86),
(5719, 2, 71, 0.78, 86),
(5720, 3, 71, 1, 86),
(5721, 2, 70, 2.49, 86),
(5722, 3, 70, 1, 86),
(5723, 2, 68, 1.97, 86),
(5724, 3, 68, 1, 86),
(5725, 2, 63, 1.97, 86),
(5726, 3, 63, 2, 86),
(5727, 2, 73, 1.97, 86),
(5728, 3, 73, 2, 86),
(5729, 2, 64, 1.97, 86),
(5730, 3, 64, 1, 86),
(5731, 2, 65, 2.49, 86),
(5732, 3, 65, 2, 86),
(5733, 3, 74, 1, 86),
(5734, 2, 74, 1.97, 86),
(5735, 2, 69, 1.97, 86),
(5736, 3, 69, 3, 86),
(5737, 3, 75, 3, 86),
(5738, 2, 75, 2.49, 86),
(5739, 3, 76, 1, 74),
(5740, 2, 76, 1, 74),
(5741, 3, 78, 2, 74),
(5742, 2, 78, 1, 74),
(5743, 3, 79, 1, 74),
(5744, 2, 79, 1, 74),
(5745, 3, 80, 2, 74),
(5746, 2, 80, 1.395, 74),
(5747, 3, 81, 2, 74),
(5748, 2, 81, 1, 74),
(5749, 3, 82, 1, 74),
(5750, 2, 82, 1, 74),
(5751, 3, 83, 4, 74),
(5752, 2, 83, 1, 74),
(5753, 3, 84, 2, 74),
(5754, 2, 84, 1.395, 74),
(5755, 2, 85, 1, 74),
(5756, 3, 85, 4, 74),
(5757, 2, 86, 1, 74),
(5758, 3, 86, 2, 74),
(5759, 2, 87, 1, 74),
(5760, 3, 87, 2, 74),
(5761, 2, 88, 1, 74),
(5762, 3, 88, 1, 74),
(5763, 2, 89, 1, 74),
(5764, 3, 89, 2, 74),
(5765, 2, 90, 1, 74),
(5766, 3, 90, 3, 74),
(5767, 2, 91, 1, 74),
(5768, 3, 91, 1, 74),
(5769, 2, 92, 1.395, 74),
(5770, 3, 92, 1, 74),
(5771, 2, 93, 1, 74),
(5772, 3, 93, 4, 74),
(5773, 2, 94, 1, 74),
(5774, 3, 94, 1, 74),
(5775, 2, 95, 1, 74),
(5776, 3, 95, 2, 74),
(5777, 2, 96, 1.395, 74),
(5778, 3, 96, 3, 74),
(5779, 2, 97, 1, 74),
(5780, 3, 97, 1, 74),
(5781, 2, 98, 1, 74),
(5782, 3, 98, 3, 74),
(5783, 2, 99, 1, 74),
(5784, 3, 99, 3, 74),
(5785, 2, 100, 1.395, 74),
(5786, 3, 100, 3, 74),
(5787, 2, 101, 1, 74),
(5788, 3, 101, 2, 74),
(5789, 2, 102, 1, 74),
(5790, 3, 102, 2, 74),
(5791, 2, 103, 1, 74),
(5792, 3, 103, 2, 74),
(5793, 2, 104, 1.395, 74),
(5794, 3, 104, 2, 74),
(5795, 2, 105, 1, 74),
(5796, 3, 105, 2, 74),
(5797, 2, 106, 1, 74),
(5798, 3, 106, 1, 74),
(5799, 2, 107, 1, 74),
(5800, 3, 107, 2, 74),
(5801, 2, 108, 1.395, 74),
(5802, 3, 108, 1, 74),
(5803, 2, 109, 1, 74),
(5804, 3, 109, 2, 74),
(5805, 2, 111, 1, 74),
(5806, 3, 111, 2, 74),
(5807, 2, 112, 1.395, 74),
(5808, 3, 112, 3, 74),
(5809, 2, 113, 1, 74),
(5810, 3, 113, 4, 74),
(5811, 2, 114, 1, 74),
(5812, 3, 114, 3, 74),
(5813, 2, 115, 1, 74),
(5814, 3, 115, 3, 74),
(5815, 2, 116, 1.395, 74),
(5816, 3, 116, 2, 74),
(5817, 2, 117, 1, 74),
(5818, 3, 117, 2, 74),
(5819, 2, 118, 1, 74),
(5820, 3, 118, 1, 74),
(5821, 2, 119, 1, 74),
(5822, 3, 119, 1, 74),
(5823, 3, 77, 0, 74),
(5824, 2, 77, 1, 74),
(5825, 3, 110, 0, 74),
(5826, 2, 110, 1, 74),
(5827, 2, 21, 0.78, 56),
(5828, 3, 21, 1, 56),
(5829, 2, 22, 1.97, 56),
(5830, 3, 22, 4, 56),
(5831, 2, 23, 1.97, 56),
(5832, 3, 23, 4, 56),
(5833, 2, 25, 1.97, 56),
(5834, 3, 25, 2, 56),
(5835, 2, 24, 2.49, 56),
(5836, 3, 24, 1, 56),
(5837, 2, 26, 0.78, 56),
(5838, 3, 26, 1, 56),
(5839, 2, 27, 1.97, 56),
(5840, 3, 27, 2, 56),
(5841, 2, 28, 1.97, 56),
(5842, 3, 28, 3, 56),
(5843, 2, 29, 1.97, 56),
(5844, 3, 29, 2, 56),
(5845, 2, 30, 2.49, 56),
(5846, 3, 30, 2, 56),
(5847, 2, 31, 0.78, 56),
(5848, 3, 31, 1, 56),
(5849, 2, 32, 1.97, 56),
(5850, 3, 32, 3, 56),
(5851, 2, 33, 1.97, 56),
(5852, 3, 33, 1, 56),
(5853, 2, 34, 1.97, 56),
(5854, 3, 34, 4, 56),
(5855, 2, 35, 2.49, 56),
(5856, 3, 35, 3, 56),
(5857, 2, 36, 0.78, 56),
(5858, 3, 36, 1, 56),
(5859, 2, 37, 1.97, 56),
(5860, 3, 37, 3, 56),
(5861, 2, 38, 1.97, 56),
(5862, 3, 38, 1, 56),
(5863, 2, 39, 1.97, 56),
(5864, 3, 39, 1, 56),
(5865, 2, 40, 2.49, 56),
(5866, 3, 40, 0, 56),
(5867, 2, 41, 0.78, 56),
(5868, 3, 41, 0, 56),
(5869, 2, 42, 1.97, 56),
(5870, 3, 42, 3, 56),
(5871, 2, 43, 1.97, 56),
(5872, 3, 43, 2, 56),
(5873, 2, 44, 1.97, 56),
(5874, 3, 44, 2, 56),
(5875, 2, 45, 2.49, 56),
(5876, 3, 45, 4, 56),
(5877, 2, 46, 0.78, 56),
(5878, 3, 46, 1, 56),
(5879, 2, 47, 1.97, 56),
(5880, 3, 47, 1, 56),
(5881, 2, 48, 1.97, 56),
(5882, 3, 48, 0, 56),
(5883, 2, 49, 1.97, 56),
(5884, 3, 49, 1, 56),
(5885, 2, 50, 2.49, 56),
(5886, 3, 50, 1, 56),
(5887, 2, 51, 0.78, 56),
(5888, 3, 51, 2, 56),
(5889, 2, 52, 1.97, 56),
(5890, 3, 52, 1, 56),
(5891, 2, 53, 1.97, 56),
(5892, 3, 53, 3, 56),
(5893, 2, 54, 1.97, 56),
(5894, 3, 54, 3, 56),
(5895, 2, 55, 2.49, 56),
(5896, 3, 55, 3, 56),
(5897, 2, 56, 0.78, 56),
(5898, 3, 56, 1, 56),
(5899, 2, 57, 1.97, 56),
(5900, 3, 57, 3, 56),
(5901, 2, 58, 1.97, 56),
(5902, 3, 58, 0, 56),
(5903, 2, 59, 1.97, 56),
(5904, 3, 59, 1, 56),
(5905, 2, 60, 2.49, 56),
(5906, 3, 60, 2, 56),
(5907, 2, 61, 0.78, 56),
(5908, 3, 61, 2, 56),
(5909, 2, 62, 1.97, 56),
(5910, 3, 62, 3, 56),
(5911, 2, 63, 1.97, 56),
(5912, 3, 63, 2, 56),
(5913, 2, 64, 1.97, 56),
(5914, 3, 64, 1, 56),
(5915, 2, 65, 2.49, 56),
(5916, 3, 65, 2, 56),
(5917, 2, 66, 0.78, 56),
(5918, 3, 66, 2, 56),
(5919, 2, 67, 1.97, 56),
(5920, 3, 67, 2, 56),
(5921, 2, 68, 1.97, 56),
(5922, 3, 68, 1, 56),
(5923, 2, 69, 1.97, 56),
(5924, 3, 69, 3, 56),
(5925, 2, 70, 2.49, 56),
(5926, 3, 70, 1, 56),
(5927, 2, 71, 0.78, 56),
(5928, 3, 71, 1, 56),
(5929, 2, 72, 1.97, 56),
(5930, 3, 72, 0, 56),
(5931, 2, 73, 1.97, 56),
(5932, 3, 73, 2, 56),
(5933, 2, 74, 1.97, 56),
(5934, 3, 74, 1, 56),
(5935, 2, 75, 2.49, 56),
(5936, 3, 75, 3, 56),
(5937, 2, 21, 0, 86),
(5938, 3, 21, 0, 86),
(5939, 2, 22, 0, 86),
(5940, 3, 22, 0, 86),
(5941, 2, 23, 0, 86),
(5942, 3, 23, 0, 86),
(5943, 2, 25, 0, 86),
(5944, 3, 25, 0, 86),
(5945, 2, 24, 0, 86),
(5946, 3, 24, 0, 86),
(5947, 3, 21, 1, 55),
(5948, 2, 21, 0.78, 55),
(5949, 3, 22, 4, 55),
(5950, 2, 22, 1.97, 55),
(5951, 3, 23, 4, 55),
(5952, 2, 23, 1.97, 55),
(5953, 3, 25, 2, 55),
(5954, 2, 25, 1.97, 55),
(5955, 3, 24, 1, 55),
(5956, 2, 24, 2.49, 55),
(5957, 3, 26, 1, 55),
(5958, 2, 26, 0.78, 55),
(5959, 3, 27, 2, 55),
(5960, 2, 27, 1.97, 55),
(5961, 3, 28, 3, 55),
(5962, 2, 28, 1.97, 55),
(5963, 3, 29, 2, 55),
(5964, 2, 29, 1.97, 55),
(5965, 3, 30, 2, 55),
(5966, 2, 30, 2.49, 55),
(5967, 3, 31, 1, 55),
(5968, 2, 31, 0.78, 55),
(5969, 3, 32, 3, 55),
(5970, 2, 32, 1.97, 55),
(5971, 3, 33, 1, 55),
(5972, 2, 33, 1.97, 55),
(5973, 3, 34, 4, 55),
(5974, 2, 34, 1.97, 55),
(5975, 3, 35, 3, 55),
(5976, 2, 35, 2.49, 55),
(5977, 3, 36, 1, 55),
(5978, 2, 36, 0.78, 55),
(5979, 3, 37, 3, 55),
(5980, 2, 37, 1.97, 55),
(5981, 3, 38, 1, 55),
(5982, 2, 38, 1.97, 55),
(5983, 3, 39, 1, 55),
(5984, 2, 39, 1.97, 55),
(5985, 3, 40, 0, 55),
(5986, 2, 40, 2.49, 55),
(5987, 3, 41, 0, 55),
(5988, 2, 41, 0.78, 55),
(5989, 3, 42, 3, 55),
(5990, 2, 42, 1.97, 55),
(5991, 3, 43, 2, 55),
(5992, 2, 43, 1.97, 55),
(5993, 3, 44, 2, 55),
(5994, 2, 44, 1.97, 55),
(5995, 3, 45, 4, 55),
(5996, 2, 45, 2.49, 55),
(5997, 3, 46, 1, 55),
(5998, 2, 46, 0.78, 55),
(5999, 3, 47, 1, 55),
(6000, 2, 47, 1.97, 55),
(6001, 3, 48, 0, 55),
(6002, 2, 48, 1.97, 55),
(6003, 3, 49, 1, 55),
(6004, 2, 49, 1.97, 55),
(6005, 3, 50, 1, 55),
(6006, 2, 50, 2.49, 55),
(6007, 3, 51, 2, 55),
(6008, 2, 51, 0.78, 55),
(6009, 3, 52, 1, 55),
(6010, 2, 52, 1.97, 55),
(6011, 3, 53, 3, 55),
(6012, 2, 53, 1.97, 55),
(6013, 3, 54, 3, 55),
(6014, 2, 54, 1.97, 55),
(6015, 3, 55, 3, 55),
(6016, 2, 55, 2.49, 55),
(6017, 3, 56, 1, 55),
(6018, 2, 56, 0.78, 55),
(6019, 3, 57, 3, 55);
INSERT INTO `coefficient_values` (`id`, `id_coefficient`, `id_apartment`, `value`, `id_upkeep`) VALUES
(6020, 2, 57, 1.97, 55),
(6021, 3, 58, 0, 55),
(6022, 2, 58, 1.97, 55),
(6023, 3, 59, 1, 55),
(6024, 2, 59, 1.97, 55),
(6025, 3, 60, 2, 55),
(6026, 2, 60, 2.49, 55),
(6027, 3, 61, 2, 55),
(6028, 2, 61, 0.78, 55),
(6029, 3, 62, 3, 55),
(6030, 2, 62, 1.97, 55),
(6031, 3, 63, 2, 55),
(6032, 2, 63, 1.97, 55),
(6033, 3, 64, 1, 55),
(6034, 2, 64, 1.97, 55),
(6035, 3, 65, 2, 55),
(6036, 2, 65, 2.49, 55),
(6037, 3, 66, 2, 55),
(6038, 2, 66, 0.78, 55),
(6039, 3, 67, 2, 55),
(6040, 2, 67, 1.97, 55),
(6041, 3, 68, 1, 55),
(6042, 2, 68, 1.97, 55),
(6043, 3, 69, 3, 55),
(6044, 2, 69, 1.97, 55),
(6045, 3, 70, 1, 55),
(6046, 2, 70, 2.49, 55),
(6047, 3, 71, 1, 55),
(6048, 2, 71, 0.78, 55),
(6049, 3, 72, 0, 55),
(6050, 2, 72, 1.97, 55),
(6051, 3, 73, 2, 55),
(6052, 2, 73, 1.97, 55),
(6053, 3, 74, 1, 55),
(6054, 2, 74, 1.97, 55),
(6055, 3, 75, 3, 55),
(6056, 2, 75, 2.49, 55),
(6057, 4, 21, 0.00804924, 55),
(6058, 4, 22, 0.0194129, 55),
(6059, 4, 23, 0.0194129, 55),
(6060, 4, 25, 0.0194129, 55),
(6061, 4, 24, 0.0246212, 55),
(6062, 4, 26, 0.00804924, 55),
(6063, 4, 27, 0.0194129, 55),
(6064, 4, 28, 0.0194129, 55),
(6065, 4, 29, 0.0194129, 55),
(6066, 4, 30, 0.0246212, 55),
(6067, 4, 31, 0.00804924, 55),
(6068, 4, 32, 0.0194129, 55),
(6069, 4, 33, 0.0194129, 55),
(6070, 4, 34, 0.0194129, 55),
(6071, 4, 35, 0.0246212, 55),
(6072, 4, 36, 0.00804924, 55),
(6073, 4, 37, 0.0194129, 55),
(6074, 4, 38, 0.0194129, 55),
(6075, 4, 39, 0.0194129, 55),
(6076, 4, 40, 0.0246212, 55),
(6077, 4, 41, 0.00804924, 55),
(6078, 4, 42, 0.0194129, 55),
(6079, 4, 43, 0.0194129, 55),
(6080, 4, 44, 0.0194129, 55),
(6081, 4, 45, 0.0246212, 55),
(6082, 4, 46, 0.00804924, 55),
(6083, 4, 47, 0.0194129, 55),
(6084, 4, 48, 0.0194129, 55),
(6085, 4, 49, 0.0194129, 55),
(6086, 4, 50, 0.0246212, 55),
(6087, 4, 51, 0.00804924, 55),
(6088, 4, 52, 0.0194129, 55),
(6089, 4, 53, 0.0194129, 55),
(6090, 4, 54, 0.0194129, 55),
(6091, 4, 55, 0.0246212, 55),
(6092, 4, 56, 0.00804924, 55),
(6093, 4, 57, 0.0194129, 55),
(6094, 4, 58, 0.0194129, 55),
(6095, 4, 59, 0.0194129, 55),
(6096, 4, 60, 0.0246212, 55),
(6097, 4, 61, 0.00804924, 55),
(6098, 4, 62, 0.0194129, 55),
(6099, 4, 63, 0.0194129, 55),
(6100, 4, 64, 0.0194129, 55),
(6101, 4, 65, 0.0246212, 55),
(6102, 4, 66, 0.00804924, 55),
(6103, 4, 67, 0.0194129, 55),
(6104, 4, 68, 0.0194129, 55),
(6105, 4, 69, 0.0194129, 55),
(6106, 4, 70, 0.0246212, 55),
(6107, 4, 71, 0.00804924, 55),
(6108, 4, 72, 0.0194129, 55),
(6109, 4, 73, 0.0194129, 55),
(6110, 4, 74, 0.0194129, 55),
(6111, 4, 75, 0.0246212, 55),
(6112, 4, 21, 0.00804924, 56),
(6113, 4, 22, 0.0194129, 56),
(6114, 4, 23, 0.0194129, 56),
(6115, 4, 25, 0.0194129, 56),
(6116, 4, 24, 0.0246212, 56),
(6117, 4, 26, 0.00804924, 56),
(6118, 4, 27, 0.0194129, 56),
(6119, 4, 28, 0.0194129, 56),
(6120, 4, 29, 0.0194129, 56),
(6121, 4, 30, 0.0246212, 56),
(6122, 4, 31, 0.00804924, 56),
(6123, 4, 32, 0.0194129, 56),
(6124, 4, 33, 0.0194129, 56),
(6125, 4, 34, 0.0194129, 56),
(6126, 4, 35, 0.0246212, 56),
(6127, 4, 36, 0.00804924, 56),
(6128, 4, 37, 0.0194129, 56),
(6129, 4, 38, 0.0194129, 56),
(6130, 4, 39, 0.0194129, 56),
(6131, 4, 40, 0.0246212, 56),
(6132, 4, 41, 0.00804924, 56),
(6133, 4, 42, 0.0194129, 56),
(6134, 4, 43, 0.0194129, 56),
(6135, 4, 44, 0.0194129, 56),
(6136, 4, 45, 0.0246212, 56),
(6137, 4, 46, 0.00804924, 56),
(6138, 4, 47, 0.0194129, 56),
(6139, 4, 48, 0.0194129, 56),
(6140, 4, 49, 0.0194129, 56),
(6141, 4, 50, 0.0246212, 56),
(6142, 4, 51, 0.00804924, 56),
(6143, 4, 52, 0.0194129, 56),
(6144, 4, 53, 0.0194129, 56),
(6145, 4, 54, 0.0194129, 56),
(6146, 4, 55, 0.0246212, 56),
(6147, 4, 56, 0.00804924, 56),
(6148, 4, 57, 0.0194129, 56),
(6149, 4, 58, 0.0194129, 56),
(6150, 4, 59, 0.0194129, 56),
(6151, 4, 60, 0.0246212, 56),
(6152, 4, 61, 0.00804924, 56),
(6153, 4, 62, 0.0194129, 56),
(6154, 4, 63, 0.0194129, 56),
(6155, 4, 64, 0.0194129, 56),
(6156, 4, 65, 0.0246212, 56),
(6157, 4, 66, 0.00804924, 56),
(6158, 4, 67, 0.0194129, 56),
(6159, 4, 68, 0.0194129, 56),
(6160, 4, 69, 0.0194129, 56),
(6161, 4, 70, 0.0246212, 56),
(6162, 4, 71, 0.00804924, 56),
(6163, 4, 72, 0.0194129, 56),
(6164, 4, 73, 0.0194129, 56),
(6165, 4, 74, 0.0194129, 56),
(6166, 4, 75, 0.0246212, 56),
(6167, 3, 21, 1, 57),
(6168, 2, 21, 0.78, 57),
(6169, 4, 21, 0.00804924, 57),
(6170, 3, 22, 4, 57),
(6171, 2, 22, 1.97, 57),
(6172, 4, 22, 0.0194129, 57),
(6173, 3, 23, 4, 57),
(6174, 2, 23, 1.97, 57),
(6175, 4, 23, 0.0194129, 57),
(6176, 3, 25, 2, 57),
(6177, 2, 25, 1.97, 57),
(6178, 4, 25, 0.0194129, 57),
(6179, 3, 24, 1, 57),
(6180, 2, 24, 2.49, 57),
(6181, 4, 24, 0.0246212, 57),
(6182, 3, 26, 1, 57),
(6183, 2, 26, 0.78, 57),
(6184, 4, 26, 0.00804924, 57),
(6185, 3, 27, 2, 57),
(6186, 2, 27, 1.97, 57),
(6187, 4, 27, 0.0194129, 57),
(6188, 3, 28, 3, 57),
(6189, 2, 28, 1.97, 57),
(6190, 4, 28, 0.0194129, 57),
(6191, 3, 29, 2, 57),
(6192, 2, 29, 1.97, 57),
(6193, 4, 29, 0.0194129, 57),
(6194, 3, 30, 2, 57),
(6195, 2, 30, 2.49, 57),
(6196, 4, 30, 0.0246212, 57),
(6197, 3, 31, 1, 57),
(6198, 2, 31, 0.78, 57),
(6199, 4, 31, 0.00804924, 57),
(6200, 3, 32, 3, 57),
(6201, 2, 32, 1.97, 57),
(6202, 4, 32, 0.0194129, 57),
(6203, 3, 33, 1, 57),
(6204, 2, 33, 1.97, 57),
(6205, 4, 33, 0.0194129, 57),
(6206, 3, 34, 4, 57),
(6207, 2, 34, 1.97, 57),
(6208, 4, 34, 0.0194129, 57),
(6209, 3, 35, 3, 57),
(6210, 2, 35, 2.49, 57),
(6211, 4, 35, 0.0246212, 57),
(6212, 3, 36, 1, 57),
(6213, 2, 36, 0.78, 57),
(6214, 4, 36, 0.00804924, 57),
(6215, 3, 37, 3, 57),
(6216, 2, 37, 1.97, 57),
(6217, 4, 37, 0.0194129, 57),
(6218, 3, 38, 1, 57),
(6219, 2, 38, 1.97, 57),
(6220, 4, 38, 0.0194129, 57),
(6221, 3, 39, 1, 57),
(6222, 2, 39, 1.97, 57),
(6223, 4, 39, 0.0194129, 57),
(6224, 3, 40, 0, 57),
(6225, 2, 40, 2.49, 57),
(6226, 4, 40, 0.0246212, 57),
(6227, 3, 41, 0, 57),
(6228, 2, 41, 0.78, 57),
(6229, 4, 41, 0.00804924, 57),
(6230, 3, 42, 3, 57),
(6231, 2, 42, 1.97, 57),
(6232, 4, 42, 0.0194129, 57),
(6233, 3, 43, 2, 57),
(6234, 2, 43, 1.97, 57),
(6235, 4, 43, 0.0194129, 57),
(6236, 3, 44, 2, 57),
(6237, 2, 44, 1.97, 57),
(6238, 4, 44, 0.0194129, 57),
(6239, 3, 45, 4, 57),
(6240, 2, 45, 2.49, 57),
(6241, 4, 45, 0.0246212, 57),
(6242, 3, 46, 1, 57),
(6243, 2, 46, 0.78, 57),
(6244, 4, 46, 0.00804924, 57),
(6245, 3, 47, 1, 57),
(6246, 2, 47, 1.97, 57),
(6247, 4, 47, 0.0194129, 57),
(6248, 3, 48, 0, 57),
(6249, 2, 48, 1.97, 57),
(6250, 4, 48, 0.0194129, 57),
(6251, 3, 49, 1, 57),
(6252, 2, 49, 1.97, 57),
(6253, 4, 49, 0.0194129, 57),
(6254, 3, 50, 1, 57),
(6255, 2, 50, 2.49, 57),
(6256, 4, 50, 0.0246212, 57),
(6257, 3, 51, 2, 57),
(6258, 2, 51, 0.78, 57),
(6259, 4, 51, 0.00804924, 57),
(6260, 3, 52, 1, 57),
(6261, 2, 52, 1.97, 57),
(6262, 4, 52, 0.0194129, 57),
(6263, 3, 53, 3, 57),
(6264, 2, 53, 1.97, 57),
(6265, 4, 53, 0.0194129, 57),
(6266, 3, 54, 2, 57),
(6267, 2, 54, 1.97, 57),
(6268, 4, 54, 0.0194129, 57),
(6269, 3, 55, 3, 57),
(6270, 2, 55, 2.49, 57),
(6271, 4, 55, 0.0246212, 57),
(6272, 3, 56, 1, 57),
(6273, 2, 56, 0.78, 57),
(6274, 4, 56, 0.00804924, 57),
(6275, 3, 57, 3, 57),
(6276, 2, 57, 1.97, 57),
(6277, 4, 57, 0.0194129, 57),
(6278, 3, 58, 0, 57),
(6279, 2, 58, 1.97, 57),
(6280, 4, 58, 0.0194129, 57),
(6281, 3, 59, 1, 57),
(6282, 2, 59, 1.97, 57),
(6283, 4, 59, 0.0194129, 57),
(6284, 3, 60, 2, 57),
(6285, 2, 60, 2.49, 57),
(6286, 4, 60, 0.0246212, 57),
(6287, 3, 61, 2, 57),
(6288, 2, 61, 0.78, 57),
(6289, 4, 61, 0.00804924, 57),
(6290, 3, 62, 3, 57),
(6291, 2, 62, 1.97, 57),
(6292, 4, 62, 0.0194129, 57),
(6293, 3, 63, 2, 57),
(6294, 2, 63, 1.97, 57),
(6295, 4, 63, 0.0194129, 57),
(6296, 3, 64, 1, 57),
(6297, 2, 64, 1.97, 57),
(6298, 4, 64, 0.0194129, 57),
(6299, 3, 65, 2, 57),
(6300, 2, 65, 2.49, 57),
(6301, 4, 65, 0.0246212, 57),
(6302, 3, 66, 2, 57),
(6303, 2, 66, 0.78, 57),
(6304, 4, 66, 0.00804924, 57),
(6305, 3, 67, 2, 57),
(6306, 2, 67, 1.97, 57),
(6307, 4, 67, 0.0194129, 57),
(6308, 3, 68, 1, 57),
(6309, 2, 68, 1.97, 57),
(6310, 4, 68, 0.0194129, 57),
(6311, 3, 69, 3, 57),
(6312, 2, 69, 1.97, 57),
(6313, 4, 69, 0.0194129, 57),
(6314, 3, 70, 1, 57),
(6315, 2, 70, 2.49, 57),
(6316, 4, 70, 0.0246212, 57),
(6317, 3, 71, 1, 57),
(6318, 2, 71, 0.78, 57),
(6319, 4, 71, 0.00804924, 57),
(6320, 3, 72, 0, 57),
(6321, 2, 72, 1.97, 57),
(6322, 4, 72, 0.0194129, 57),
(6323, 3, 73, 2, 57),
(6324, 2, 73, 1.97, 57),
(6325, 4, 73, 0.0194129, 57),
(6326, 3, 74, 1, 57),
(6327, 2, 74, 1.97, 57),
(6328, 4, 74, 0.0194129, 57),
(6329, 3, 75, 3, 57),
(6330, 2, 75, 2.49, 57),
(6331, 4, 75, 0.0246212, 57),
(6332, 3, 21, 1, 58),
(6333, 2, 21, 0.78, 58),
(6334, 4, 21, 0.00804924, 58),
(6335, 3, 22, 4, 58),
(6336, 2, 22, 1.97, 58),
(6337, 4, 22, 0.0194129, 58),
(6338, 3, 23, 4, 58),
(6339, 2, 23, 1.97, 58),
(6340, 4, 23, 0.0194129, 58),
(6341, 3, 25, 2, 58),
(6342, 2, 25, 1.97, 58),
(6343, 4, 25, 0.0194129, 58),
(6344, 3, 24, 1, 58),
(6345, 2, 24, 2.49, 58),
(6346, 4, 24, 0.0246212, 58),
(6347, 3, 26, 1, 58),
(6348, 2, 26, 0.78, 58),
(6349, 4, 26, 0.00804924, 58),
(6350, 3, 27, 2, 58),
(6351, 2, 27, 1.97, 58),
(6352, 4, 27, 0.0194129, 58),
(6353, 3, 28, 3, 58),
(6354, 2, 28, 1.97, 58),
(6355, 4, 28, 0.0194129, 58),
(6356, 3, 29, 2, 58),
(6357, 2, 29, 1.97, 58),
(6358, 4, 29, 0.0194129, 58),
(6359, 3, 30, 2, 58),
(6360, 2, 30, 2.49, 58),
(6361, 4, 30, 0.0246212, 58),
(6362, 3, 31, 1, 58),
(6363, 2, 31, 0.78, 58),
(6364, 4, 31, 0.00804924, 58),
(6365, 3, 32, 3, 58),
(6366, 2, 32, 1.97, 58),
(6367, 4, 32, 0.0194129, 58),
(6368, 3, 33, 1, 58),
(6369, 2, 33, 1.97, 58),
(6370, 4, 33, 0.0194129, 58),
(6371, 3, 34, 4, 58),
(6372, 2, 34, 1.97, 58),
(6373, 4, 34, 0.0194129, 58),
(6374, 3, 35, 3, 58),
(6375, 2, 35, 2.49, 58),
(6376, 4, 35, 0.0246212, 58),
(6377, 3, 36, 1, 58),
(6378, 2, 36, 0.78, 58),
(6379, 4, 36, 0.00804924, 58),
(6380, 3, 37, 3, 58),
(6381, 2, 37, 1.97, 58),
(6382, 4, 37, 0.0194129, 58),
(6383, 3, 38, 1, 58),
(6384, 2, 38, 1.97, 58),
(6385, 4, 38, 0.0194129, 58),
(6386, 3, 39, 1, 58),
(6387, 2, 39, 1.97, 58),
(6388, 4, 39, 0.0194129, 58),
(6389, 3, 40, 0, 58),
(6390, 2, 40, 2.49, 58),
(6391, 4, 40, 0.0246212, 58),
(6392, 3, 41, 0, 58),
(6393, 2, 41, 0.78, 58),
(6394, 4, 41, 0.00804924, 58),
(6395, 3, 42, 3, 58),
(6396, 2, 42, 1.97, 58),
(6397, 4, 42, 0.0194129, 58),
(6398, 3, 43, 2, 58),
(6399, 2, 43, 1.97, 58),
(6400, 4, 43, 0.0194129, 58),
(6401, 3, 44, 2, 58),
(6402, 2, 44, 1.97, 58),
(6403, 4, 44, 0.0194129, 58),
(6404, 3, 45, 4, 58),
(6405, 2, 45, 2.49, 58),
(6406, 4, 45, 0.0246212, 58),
(6407, 3, 46, 1, 58),
(6408, 2, 46, 0.78, 58),
(6409, 4, 46, 0.00804924, 58),
(6410, 3, 47, 1, 58),
(6411, 2, 47, 1.97, 58),
(6412, 4, 47, 0.0194129, 58),
(6413, 3, 48, 0, 58),
(6414, 2, 48, 1.97, 58),
(6415, 4, 48, 0.0194129, 58),
(6416, 3, 49, 1, 58),
(6417, 2, 49, 1.97, 58),
(6418, 4, 49, 0.0194129, 58);
INSERT INTO `coefficient_values` (`id`, `id_coefficient`, `id_apartment`, `value`, `id_upkeep`) VALUES
(6419, 3, 50, 1, 58),
(6420, 2, 50, 2.49, 58),
(6421, 4, 50, 0.0246212, 58),
(6422, 3, 51, 2, 58),
(6423, 2, 51, 0.78, 58),
(6424, 4, 51, 0.00804924, 58),
(6425, 3, 52, 1, 58),
(6426, 2, 52, 1.97, 58),
(6427, 4, 52, 0.0194129, 58),
(6428, 3, 53, 3, 58),
(6429, 2, 53, 1.97, 58),
(6430, 4, 53, 0.0194129, 58),
(6431, 3, 54, 2, 58),
(6432, 2, 54, 1.97, 58),
(6433, 4, 54, 0.0194129, 58),
(6434, 3, 55, 3, 58),
(6435, 2, 55, 2.49, 58),
(6436, 4, 55, 0.0246212, 58),
(6437, 3, 56, 0, 58),
(6438, 2, 56, 0.78, 58),
(6439, 4, 56, 0.00804924, 58),
(6440, 3, 57, 3, 58),
(6441, 2, 57, 1.97, 58),
(6442, 4, 57, 0.0194129, 58),
(6443, 3, 58, 1, 58),
(6444, 2, 58, 1.97, 58),
(6445, 4, 58, 0.0194129, 58),
(6446, 3, 59, 1, 58),
(6447, 2, 59, 1.97, 58),
(6448, 4, 59, 0.0194129, 58),
(6449, 3, 60, 2, 58),
(6450, 2, 60, 2.49, 58),
(6451, 4, 60, 0.0246212, 58),
(6452, 3, 61, 2, 58),
(6453, 2, 61, 0.78, 58),
(6454, 4, 61, 0.00804924, 58),
(6455, 3, 62, 3, 58),
(6456, 2, 62, 1.97, 58),
(6457, 4, 62, 0.0194129, 58),
(6458, 3, 63, 2, 58),
(6459, 2, 63, 1.97, 58),
(6460, 4, 63, 0.0194129, 58),
(6461, 3, 64, 1, 58),
(6462, 2, 64, 1.97, 58),
(6463, 4, 64, 0.0194129, 58),
(6464, 3, 65, 2, 58),
(6465, 2, 65, 2.49, 58),
(6466, 4, 65, 0.0246212, 58),
(6467, 3, 66, 2, 58),
(6468, 2, 66, 0.78, 58),
(6469, 4, 66, 0.00804924, 58),
(6470, 3, 67, 2, 58),
(6471, 2, 67, 1.97, 58),
(6472, 4, 67, 0.0194129, 58),
(6473, 3, 68, 1, 58),
(6474, 2, 68, 1.97, 58),
(6475, 4, 68, 0.0194129, 58),
(6476, 3, 69, 3, 58),
(6477, 2, 69, 1.97, 58),
(6478, 4, 69, 0.0194129, 58),
(6479, 3, 70, 1, 58),
(6480, 2, 70, 2.49, 58),
(6481, 4, 70, 0.0246212, 58),
(6482, 3, 71, 1, 58),
(6483, 2, 71, 0.78, 58),
(6484, 4, 71, 0.00804924, 58),
(6485, 3, 72, 0, 58),
(6486, 2, 72, 1.97, 58),
(6487, 4, 72, 0.0194129, 58),
(6488, 3, 73, 2, 58),
(6489, 2, 73, 1.97, 58),
(6490, 4, 73, 0.0194129, 58),
(6491, 3, 74, 1, 58),
(6492, 2, 74, 1.97, 58),
(6493, 4, 74, 0.0194129, 58),
(6494, 3, 75, 3, 58),
(6495, 2, 75, 2.49, 58),
(6496, 4, 75, 0.0246212, 58),
(6497, 3, 21, 1, 59),
(6498, 2, 21, 0.78, 59),
(6499, 4, 21, 0.00804924, 59),
(6500, 3, 22, 4, 59),
(6501, 2, 22, 1.97, 59),
(6502, 4, 22, 0.0194129, 59),
(6503, 3, 23, 4, 59),
(6504, 2, 23, 1.97, 59),
(6505, 4, 23, 0.0194129, 59),
(6506, 3, 25, 1, 59),
(6507, 2, 25, 1.97, 59),
(6508, 4, 25, 0.0194129, 59),
(6509, 3, 24, 1, 59),
(6510, 2, 24, 2.49, 59),
(6511, 4, 24, 0.0246212, 59),
(6512, 3, 26, 1, 59),
(6513, 2, 26, 0.78, 59),
(6514, 4, 26, 0.00804924, 59),
(6515, 3, 27, 2, 59),
(6516, 2, 27, 1.97, 59),
(6517, 4, 27, 0.0194129, 59),
(6518, 3, 28, 3, 59),
(6519, 2, 28, 1.97, 59),
(6520, 4, 28, 0.0194129, 59),
(6521, 3, 29, 0, 59),
(6522, 2, 29, 1.97, 59),
(6523, 4, 29, 0.0194129, 59),
(6524, 3, 30, 2, 59),
(6525, 2, 30, 2.49, 59),
(6526, 4, 30, 0.0246212, 59),
(6527, 3, 31, 1, 59),
(6528, 2, 31, 0.78, 59),
(6529, 4, 31, 0.00804924, 59),
(6530, 3, 32, 3, 59),
(6531, 2, 32, 1.97, 59),
(6532, 4, 32, 0.0194129, 59),
(6533, 3, 33, 1, 59),
(6534, 2, 33, 1.97, 59),
(6535, 4, 33, 0.0194129, 59),
(6536, 3, 34, 4, 59),
(6537, 2, 34, 1.97, 59),
(6538, 4, 34, 0.0194129, 59),
(6539, 3, 35, 3, 59),
(6540, 2, 35, 2.49, 59),
(6541, 4, 35, 0.0246212, 59),
(6542, 3, 36, 1, 59),
(6543, 2, 36, 0.78, 59),
(6544, 4, 36, 0.00804924, 59),
(6545, 3, 37, 3, 59),
(6546, 2, 37, 1.97, 59),
(6547, 4, 37, 0.0194129, 59),
(6548, 3, 38, 2, 59),
(6549, 2, 38, 1.97, 59),
(6550, 4, 38, 0.0194129, 59),
(6551, 3, 39, 1, 59),
(6552, 2, 39, 1.97, 59),
(6553, 4, 39, 0.0194129, 59),
(6554, 3, 40, 1, 59),
(6555, 2, 40, 2.49, 59),
(6556, 4, 40, 0.0246212, 59),
(6557, 3, 41, 0, 59),
(6558, 2, 41, 0.78, 59),
(6559, 4, 41, 0.00804924, 59),
(6560, 3, 42, 3, 59),
(6561, 2, 42, 1.97, 59),
(6562, 4, 42, 0.0194129, 59),
(6563, 3, 43, 2, 59),
(6564, 2, 43, 1.97, 59),
(6565, 4, 43, 0.0194129, 59),
(6566, 3, 44, 2, 59),
(6567, 2, 44, 1.97, 59),
(6568, 4, 44, 0.0194129, 59),
(6569, 3, 45, 4, 59),
(6570, 2, 45, 2.49, 59),
(6571, 4, 45, 0.0246212, 59),
(6572, 3, 46, 1, 59),
(6573, 2, 46, 0.78, 59),
(6574, 4, 46, 0.00804924, 59),
(6575, 3, 47, 1, 59),
(6576, 2, 47, 1.97, 59),
(6577, 4, 47, 0.0194129, 59),
(6578, 3, 48, 0, 59),
(6579, 2, 48, 1.97, 59),
(6580, 4, 48, 0.0194129, 59),
(6581, 3, 49, 1, 59),
(6582, 2, 49, 1.97, 59),
(6583, 4, 49, 0.0194129, 59),
(6584, 3, 50, 1, 59),
(6585, 2, 50, 2.49, 59),
(6586, 4, 50, 0.0246212, 59),
(6587, 3, 51, 2, 59),
(6588, 2, 51, 0.78, 59),
(6589, 4, 51, 0.00804924, 59),
(6590, 3, 52, 1, 59),
(6591, 2, 52, 1.97, 59),
(6592, 4, 52, 0.0194129, 59),
(6593, 3, 53, 3, 59),
(6594, 2, 53, 1.97, 59),
(6595, 4, 53, 0.0194129, 59),
(6596, 3, 54, 3, 59),
(6597, 2, 54, 1.97, 59),
(6598, 4, 54, 0.0194129, 59),
(6599, 3, 55, 3, 59),
(6600, 2, 55, 2.49, 59),
(6601, 4, 55, 0.0246212, 59),
(6602, 3, 56, 1, 59),
(6603, 2, 56, 0.78, 59),
(6604, 4, 56, 0.00804924, 59),
(6605, 3, 57, 2, 59),
(6606, 2, 57, 1.97, 59),
(6607, 4, 57, 0.0194129, 59),
(6608, 3, 58, 2, 59),
(6609, 2, 58, 1.97, 59),
(6610, 4, 58, 0.0194129, 59),
(6611, 3, 59, 1, 59),
(6612, 2, 59, 1.97, 59),
(6613, 4, 59, 0.0194129, 59),
(6614, 3, 60, 2, 59),
(6615, 2, 60, 2.49, 59),
(6616, 4, 60, 0.0246212, 59),
(6617, 3, 61, 2, 59),
(6618, 2, 61, 0.78, 59),
(6619, 4, 61, 0.00804924, 59),
(6620, 3, 62, 3, 59),
(6621, 2, 62, 1.97, 59),
(6622, 4, 62, 0.0194129, 59),
(6623, 3, 63, 2, 59),
(6624, 2, 63, 1.97, 59),
(6625, 4, 63, 0.0194129, 59),
(6626, 3, 64, 1, 59),
(6627, 2, 64, 1.97, 59),
(6628, 4, 64, 0.0194129, 59),
(6629, 3, 65, 2, 59),
(6630, 2, 65, 2.49, 59),
(6631, 4, 65, 0.0246212, 59),
(6632, 3, 66, 2, 59),
(6633, 2, 66, 0.78, 59),
(6634, 4, 66, 0.00804924, 59),
(6635, 3, 67, 2, 59),
(6636, 2, 67, 1.97, 59),
(6637, 4, 67, 0.0194129, 59),
(6638, 3, 68, 1, 59),
(6639, 2, 68, 1.97, 59),
(6640, 4, 68, 0.0194129, 59),
(6641, 3, 69, 3, 59),
(6642, 2, 69, 1.97, 59),
(6643, 4, 69, 0.0194129, 59),
(6644, 3, 70, 1, 59),
(6645, 2, 70, 2.49, 59),
(6646, 4, 70, 0.0246212, 59),
(6647, 3, 71, 1, 59),
(6648, 2, 71, 0.78, 59),
(6649, 4, 71, 0.00804924, 59),
(6650, 3, 72, 0, 59),
(6651, 2, 72, 1.97, 59),
(6652, 4, 72, 0.0194129, 59),
(6653, 3, 73, 2, 59),
(6654, 2, 73, 1.97, 59),
(6655, 4, 73, 0.0194129, 59),
(6656, 3, 74, 1, 59),
(6657, 2, 74, 1.97, 59),
(6658, 4, 74, 0.0194129, 59),
(6659, 3, 75, 3, 59),
(6660, 2, 75, 2.49, 59),
(6661, 4, 75, 0.0246212, 59),
(6662, 3, 21, 1, 60),
(6663, 2, 21, 0.78, 60),
(6664, 4, 21, 0.00804924, 60),
(6665, 3, 22, 4, 60),
(6666, 2, 22, 1.97, 60),
(6667, 4, 22, 0.0194129, 60),
(6668, 3, 23, 4, 60),
(6669, 2, 23, 1.97, 60),
(6670, 4, 23, 0.0194129, 60),
(6671, 3, 25, 1, 60),
(6672, 2, 25, 1.97, 60),
(6673, 4, 25, 0.0194129, 60),
(6674, 3, 24, 1, 60),
(6675, 2, 24, 2.49, 60),
(6676, 4, 24, 0.0246212, 60),
(6677, 3, 26, 1, 60),
(6678, 2, 26, 0.78, 60),
(6679, 4, 26, 0.00804924, 60),
(6680, 3, 27, 2, 60),
(6681, 2, 27, 1.97, 60),
(6682, 4, 27, 0.0194129, 60),
(6683, 3, 28, 3, 60),
(6684, 2, 28, 1.97, 60),
(6685, 4, 28, 0.0194129, 60),
(6686, 3, 29, 0, 60),
(6687, 2, 29, 1.97, 60),
(6688, 4, 29, 0.0194129, 60),
(6689, 3, 30, 2, 60),
(6690, 2, 30, 2.49, 60),
(6691, 4, 30, 0.0246212, 60),
(6692, 3, 31, 1, 60),
(6693, 2, 31, 0.78, 60),
(6694, 4, 31, 0.00804924, 60),
(6695, 3, 32, 3, 60),
(6696, 2, 32, 1.97, 60),
(6697, 4, 32, 0.0194129, 60),
(6698, 3, 33, 1, 60),
(6699, 2, 33, 1.97, 60),
(6700, 4, 33, 0.0194129, 60),
(6701, 3, 34, 4, 60),
(6702, 2, 34, 1.97, 60),
(6703, 4, 34, 0.0194129, 60),
(6704, 3, 35, 3, 60),
(6705, 2, 35, 2.49, 60),
(6706, 4, 35, 0.0246212, 60),
(6707, 3, 36, 1, 60),
(6708, 2, 36, 0.78, 60),
(6709, 4, 36, 0.00804924, 60),
(6710, 3, 37, 3, 60),
(6711, 2, 37, 1.97, 60),
(6712, 4, 37, 0.0194129, 60),
(6713, 3, 38, 2, 60),
(6714, 2, 38, 1.97, 60),
(6715, 4, 38, 0.0194129, 60),
(6716, 3, 39, 1, 60),
(6717, 2, 39, 1.97, 60),
(6718, 4, 39, 0.0194129, 60),
(6719, 3, 40, 1, 60),
(6720, 2, 40, 2.49, 60),
(6721, 4, 40, 0.0246212, 60),
(6722, 3, 41, 0, 60),
(6723, 2, 41, 0.78, 60),
(6724, 4, 41, 0.00804924, 60),
(6725, 3, 42, 3, 60),
(6726, 2, 42, 1.97, 60),
(6727, 4, 42, 0.0194129, 60),
(6728, 3, 43, 2, 60),
(6729, 2, 43, 1.97, 60),
(6730, 4, 43, 0.0194129, 60),
(6731, 3, 44, 2, 60),
(6732, 2, 44, 1.97, 60),
(6733, 4, 44, 0.0194129, 60),
(6734, 3, 45, 4, 60),
(6735, 2, 45, 2.49, 60),
(6736, 4, 45, 0.0246212, 60),
(6737, 3, 46, 1, 60),
(6738, 2, 46, 0.78, 60),
(6739, 4, 46, 0.00804924, 60),
(6740, 3, 47, 1, 60),
(6741, 2, 47, 1.97, 60),
(6742, 4, 47, 0.0194129, 60),
(6743, 3, 48, 0, 60),
(6744, 2, 48, 1.97, 60),
(6745, 4, 48, 0.0194129, 60),
(6746, 3, 49, 1, 60),
(6747, 2, 49, 1.97, 60),
(6748, 4, 49, 0.0194129, 60),
(6749, 3, 50, 1, 60),
(6750, 2, 50, 2.49, 60),
(6751, 4, 50, 0.0246212, 60),
(6752, 3, 51, 2, 60),
(6753, 2, 51, 0.78, 60),
(6754, 4, 51, 0.00804924, 60),
(6755, 3, 52, 1, 60),
(6756, 2, 52, 1.97, 60),
(6757, 4, 52, 0.0194129, 60),
(6758, 3, 53, 3, 60),
(6759, 2, 53, 1.97, 60),
(6760, 4, 53, 0.0194129, 60),
(6761, 3, 54, 3, 60),
(6762, 2, 54, 1.97, 60),
(6763, 4, 54, 0.0194129, 60),
(6764, 3, 55, 3, 60),
(6765, 2, 55, 2.49, 60),
(6766, 4, 55, 0.0246212, 60),
(6767, 3, 56, 1, 60),
(6768, 2, 56, 0.78, 60),
(6769, 4, 56, 0.00804924, 60),
(6770, 3, 57, 3, 60),
(6771, 2, 57, 1.97, 60),
(6772, 4, 57, 0.0194129, 60),
(6773, 3, 58, 2, 60),
(6774, 2, 58, 1.97, 60),
(6775, 4, 58, 0.0194129, 60),
(6776, 3, 59, 1, 60),
(6777, 2, 59, 1.97, 60),
(6778, 4, 59, 0.0194129, 60),
(6779, 3, 60, 2, 60),
(6780, 2, 60, 2.49, 60),
(6781, 4, 60, 0.0246212, 60),
(6782, 3, 61, 2, 60),
(6783, 2, 61, 0.78, 60),
(6784, 4, 61, 0.00804924, 60),
(6785, 3, 62, 3, 60),
(6786, 2, 62, 1.97, 60),
(6787, 4, 62, 0.0194129, 60),
(6788, 3, 63, 2, 60),
(6789, 2, 63, 1.97, 60),
(6790, 4, 63, 0.0194129, 60),
(6791, 3, 64, 1, 60),
(6792, 2, 64, 1.97, 60),
(6793, 4, 64, 0.0194129, 60),
(6794, 3, 65, 2, 60),
(6795, 2, 65, 2.49, 60),
(6796, 4, 65, 0.0246212, 60),
(6797, 3, 66, 2, 60),
(6798, 2, 66, 0.78, 60),
(6799, 4, 66, 0.00804924, 60),
(6800, 3, 67, 2, 60),
(6801, 2, 67, 1.97, 60),
(6802, 4, 67, 0.0194129, 60),
(6803, 3, 68, 1, 60),
(6804, 2, 68, 1.97, 60),
(6805, 4, 68, 0.0194129, 60),
(6806, 3, 69, 3, 60),
(6807, 2, 69, 1.97, 60),
(6808, 4, 69, 0.0194129, 60),
(6809, 3, 70, 1, 60),
(6810, 2, 70, 2.49, 60),
(6811, 4, 70, 0.0246212, 60),
(6812, 3, 71, 1, 60),
(6813, 2, 71, 0.78, 60),
(6814, 4, 71, 0.00804924, 60),
(6815, 3, 72, 0, 60),
(6816, 2, 72, 1.97, 60),
(6817, 4, 72, 0.0194129, 60),
(6818, 3, 73, 2, 60),
(6819, 2, 73, 1.97, 60),
(6820, 4, 73, 0.0194129, 60),
(6821, 3, 74, 0, 60),
(6822, 2, 74, 1.97, 60),
(6823, 4, 74, 0.0194129, 60),
(6824, 3, 75, 3, 60),
(6825, 2, 75, 2.49, 60),
(6826, 4, 75, 0.0246212, 60),
(6827, 3, 21, 1, 61),
(6828, 2, 21, 0.78, 61),
(6829, 4, 21, 0.00804924, 61),
(6830, 3, 22, 4, 61),
(6831, 2, 22, 1.97, 61),
(6832, 4, 22, 0.0194129, 61),
(6833, 3, 23, 4, 61),
(6834, 2, 23, 1.97, 61),
(6835, 4, 23, 0.0194129, 61);
INSERT INTO `coefficient_values` (`id`, `id_coefficient`, `id_apartment`, `value`, `id_upkeep`) VALUES
(6836, 3, 25, 1, 61),
(6837, 2, 25, 1.97, 61),
(6838, 4, 25, 0.0194129, 61),
(6839, 3, 24, 1, 61),
(6840, 2, 24, 2.49, 61),
(6841, 4, 24, 0.0246212, 61),
(6842, 3, 26, 1, 61),
(6843, 2, 26, 0.78, 61),
(6844, 4, 26, 0.00804924, 61),
(6845, 3, 27, 2, 61),
(6846, 2, 27, 1.97, 61),
(6847, 4, 27, 0.0194129, 61),
(6848, 3, 28, 3, 61),
(6849, 2, 28, 1.97, 61),
(6850, 4, 28, 0.0194129, 61),
(6851, 3, 29, 0, 61),
(6852, 2, 29, 1.97, 61),
(6853, 4, 29, 0.0194129, 61),
(6854, 3, 30, 2, 61),
(6855, 2, 30, 2.49, 61),
(6856, 4, 30, 0.0246212, 61),
(6857, 3, 31, 1, 61),
(6858, 2, 31, 0.78, 61),
(6859, 4, 31, 0.00804924, 61),
(6860, 3, 32, 3, 61),
(6861, 2, 32, 1.97, 61),
(6862, 4, 32, 0.0194129, 61),
(6863, 3, 33, 1, 61),
(6864, 2, 33, 1.97, 61),
(6865, 4, 33, 0.0194129, 61),
(6866, 3, 34, 4, 61),
(6867, 2, 34, 1.97, 61),
(6868, 4, 34, 0.0194129, 61),
(6869, 3, 35, 3, 61),
(6870, 2, 35, 2.49, 61),
(6871, 4, 35, 0.0246212, 61),
(6872, 3, 36, 1, 61),
(6873, 2, 36, 0.78, 61),
(6874, 4, 36, 0.00804924, 61),
(6875, 3, 37, 3, 61),
(6876, 2, 37, 1.97, 61),
(6877, 4, 37, 0.0194129, 61),
(6878, 3, 38, 2, 61),
(6879, 2, 38, 1.97, 61),
(6880, 4, 38, 0.0194129, 61),
(6881, 3, 39, 1, 61),
(6882, 2, 39, 1.97, 61),
(6883, 4, 39, 0.0194129, 61),
(6884, 3, 40, 1, 61),
(6885, 2, 40, 2.49, 61),
(6886, 4, 40, 0.0246212, 61),
(6887, 3, 41, 0, 61),
(6888, 2, 41, 0.78, 61),
(6889, 4, 41, 0.00804924, 61),
(6890, 3, 42, 3, 61),
(6891, 2, 42, 1.97, 61),
(6892, 4, 42, 0.0194129, 61),
(6893, 3, 43, 2, 61),
(6894, 2, 43, 1.97, 61),
(6895, 4, 43, 0.0194129, 61),
(6896, 3, 44, 3, 61),
(6897, 2, 44, 1.97, 61),
(6898, 4, 44, 0.0194129, 61),
(6899, 3, 45, 4, 61),
(6900, 2, 45, 2.49, 61),
(6901, 4, 45, 0.0246212, 61),
(6902, 3, 46, 1, 61),
(6903, 2, 46, 0.78, 61),
(6904, 4, 46, 0.00804924, 61),
(6905, 3, 47, 1, 61),
(6906, 2, 47, 1.97, 61),
(6907, 4, 47, 0.0194129, 61),
(6908, 3, 48, 4, 61),
(6909, 2, 48, 1.97, 61),
(6910, 4, 48, 0.0194129, 61),
(6911, 3, 49, 1, 61),
(6912, 2, 49, 1.97, 61),
(6913, 4, 49, 0.0194129, 61),
(6914, 3, 50, 1, 61),
(6915, 2, 50, 2.49, 61),
(6916, 4, 50, 0.0246212, 61),
(6917, 3, 51, 3, 61),
(6918, 2, 51, 0.78, 61),
(6919, 4, 51, 0.00804924, 61),
(6920, 3, 52, 1, 61),
(6921, 2, 52, 1.97, 61),
(6922, 4, 52, 0.0194129, 61),
(6923, 3, 53, 3, 61),
(6924, 2, 53, 1.97, 61),
(6925, 4, 53, 0.0194129, 61),
(6926, 3, 54, 3, 61),
(6927, 2, 54, 1.97, 61),
(6928, 4, 54, 0.0194129, 61),
(6929, 3, 55, 3, 61),
(6930, 2, 55, 2.49, 61),
(6931, 4, 55, 0.0246212, 61),
(6932, 3, 56, 1, 61),
(6933, 2, 56, 0.78, 61),
(6934, 4, 56, 0.00804924, 61),
(6935, 3, 57, 3, 61),
(6936, 2, 57, 1.97, 61),
(6937, 4, 57, 0.0194129, 61),
(6938, 3, 58, 2, 61),
(6939, 2, 58, 1.97, 61),
(6940, 4, 58, 0.0194129, 61),
(6941, 3, 59, 3, 61),
(6942, 2, 59, 1.97, 61),
(6943, 4, 59, 0.0194129, 61),
(6944, 3, 60, 2, 61),
(6945, 2, 60, 2.49, 61),
(6946, 4, 60, 0.0246212, 61),
(6947, 3, 61, 2, 61),
(6948, 2, 61, 0.78, 61),
(6949, 4, 61, 0.00804924, 61),
(6950, 3, 62, 3, 61),
(6951, 2, 62, 1.97, 61),
(6952, 4, 62, 0.0194129, 61),
(6953, 3, 63, 2, 61),
(6954, 2, 63, 1.97, 61),
(6955, 4, 63, 0.0194129, 61),
(6956, 3, 64, 1, 61),
(6957, 2, 64, 1.97, 61),
(6958, 4, 64, 0.0194129, 61),
(6959, 3, 65, 2, 61),
(6960, 2, 65, 2.49, 61),
(6961, 4, 65, 0.0246212, 61),
(6962, 3, 66, 2, 61),
(6963, 2, 66, 0.78, 61),
(6964, 4, 66, 0.00804924, 61),
(6965, 3, 67, 2, 61),
(6966, 2, 67, 1.97, 61),
(6967, 4, 67, 0.0194129, 61),
(6968, 3, 68, 1, 61),
(6969, 2, 68, 1.97, 61),
(6970, 4, 68, 0.0194129, 61),
(6971, 3, 69, 3, 61),
(6972, 2, 69, 1.97, 61),
(6973, 4, 69, 0.0194129, 61),
(6974, 3, 70, 1, 61),
(6975, 2, 70, 2.49, 61),
(6976, 4, 70, 0.0246212, 61),
(6977, 3, 71, 1, 61),
(6978, 2, 71, 0.78, 61),
(6979, 4, 71, 0.00804924, 61),
(6980, 3, 72, 0, 61),
(6981, 2, 72, 1.97, 61),
(6982, 4, 72, 0.0194129, 61),
(6983, 3, 73, 2, 61),
(6984, 2, 73, 1.97, 61),
(6985, 4, 73, 0.0194129, 61),
(6986, 3, 74, 0, 61),
(6987, 2, 74, 1.97, 61),
(6988, 4, 74, 0.0194129, 61),
(6989, 3, 75, 3, 61),
(6990, 2, 75, 2.49, 61),
(6991, 4, 75, 0.0246212, 61),
(6992, 3, 21, 1, 62),
(6993, 2, 21, 0.78, 62),
(6994, 4, 21, 0.00804924, 62),
(6995, 3, 22, 4, 62),
(6996, 2, 22, 1.97, 62),
(6997, 4, 22, 0.0194129, 62),
(6998, 3, 23, 4, 62),
(6999, 2, 23, 1.97, 62),
(7000, 4, 23, 0.0194129, 62),
(7001, 3, 25, 1, 62),
(7002, 2, 25, 1.97, 62),
(7003, 4, 25, 0.0194129, 62),
(7004, 3, 24, 1, 62),
(7005, 2, 24, 2.49, 62),
(7006, 4, 24, 0.0246212, 62),
(7007, 3, 26, 1, 62),
(7008, 2, 26, 0.78, 62),
(7009, 4, 26, 0.00804924, 62),
(7010, 3, 27, 2, 62),
(7011, 2, 27, 1.97, 62),
(7012, 4, 27, 0.0194129, 62),
(7013, 3, 28, 3, 62),
(7014, 2, 28, 1.97, 62),
(7015, 4, 28, 0.0194129, 62),
(7016, 3, 29, 2, 62),
(7017, 2, 29, 1.97, 62),
(7018, 4, 29, 0.0194129, 62),
(7019, 3, 30, 2, 62),
(7020, 2, 30, 2.49, 62),
(7021, 4, 30, 0.0246212, 62),
(7022, 3, 31, 1, 62),
(7023, 2, 31, 0.78, 62),
(7024, 4, 31, 0.00804924, 62),
(7025, 3, 32, 3, 62),
(7026, 2, 32, 1.97, 62),
(7027, 4, 32, 0.0194129, 62),
(7028, 3, 33, 1, 62),
(7029, 2, 33, 1.97, 62),
(7030, 4, 33, 0.0194129, 62),
(7031, 3, 34, 4, 62),
(7032, 2, 34, 1.97, 62),
(7033, 4, 34, 0.0194129, 62),
(7034, 3, 35, 3, 62),
(7035, 2, 35, 2.49, 62),
(7036, 4, 35, 0.0246212, 62),
(7037, 3, 36, 1, 62),
(7038, 2, 36, 0.78, 62),
(7039, 4, 36, 0.00804924, 62),
(7040, 3, 37, 3, 62),
(7041, 2, 37, 1.97, 62),
(7042, 4, 37, 0.0194129, 62),
(7043, 3, 38, 2, 62),
(7044, 2, 38, 1.97, 62),
(7045, 4, 38, 0.0194129, 62),
(7046, 3, 39, 1, 62),
(7047, 2, 39, 1.97, 62),
(7048, 4, 39, 0.0194129, 62),
(7049, 3, 40, 1, 62),
(7050, 2, 40, 2.49, 62),
(7051, 4, 40, 0.0246212, 62),
(7052, 3, 41, 0, 62),
(7053, 2, 41, 0.78, 62),
(7054, 4, 41, 0.00804924, 62),
(7055, 3, 42, 3, 62),
(7056, 2, 42, 1.97, 62),
(7057, 4, 42, 0.0194129, 62),
(7058, 3, 43, 2, 62),
(7059, 2, 43, 1.97, 62),
(7060, 4, 43, 0.0194129, 62),
(7061, 3, 44, 2, 62),
(7062, 2, 44, 1.97, 62),
(7063, 4, 44, 0.0194129, 62),
(7064, 3, 45, 4, 62),
(7065, 2, 45, 2.49, 62),
(7066, 4, 45, 0.0246212, 62),
(7067, 3, 46, 1, 62),
(7068, 2, 46, 0.78, 62),
(7069, 4, 46, 0.00804924, 62),
(7070, 3, 47, 1, 62),
(7071, 2, 47, 1.97, 62),
(7072, 4, 47, 0.0194129, 62),
(7073, 3, 48, 3, 62),
(7074, 2, 48, 1.97, 62),
(7075, 4, 48, 0.0194129, 62),
(7076, 3, 49, 1, 62),
(7077, 2, 49, 1.97, 62),
(7078, 4, 49, 0.0194129, 62),
(7079, 3, 50, 1, 62),
(7080, 2, 50, 2.49, 62),
(7081, 4, 50, 0.0246212, 62),
(7082, 3, 51, 2, 62),
(7083, 2, 51, 0.78, 62),
(7084, 4, 51, 0.00804924, 62),
(7085, 3, 52, 1, 62),
(7086, 2, 52, 1.97, 62),
(7087, 4, 52, 0.0194129, 62),
(7088, 3, 53, 3, 62),
(7089, 2, 53, 1.97, 62),
(7090, 4, 53, 0.0194129, 62),
(7091, 3, 54, 3, 62),
(7092, 2, 54, 1.97, 62),
(7093, 4, 54, 0.0194129, 62),
(7094, 3, 55, 3, 62),
(7095, 2, 55, 2.49, 62),
(7096, 4, 55, 0.0246212, 62),
(7097, 3, 56, 1, 62),
(7098, 2, 56, 0.78, 62),
(7099, 4, 56, 0.00804924, 62),
(7100, 3, 57, 3, 62),
(7101, 2, 57, 1.97, 62),
(7102, 4, 57, 0.0194129, 62),
(7103, 3, 58, 2, 62),
(7104, 2, 58, 1.97, 62),
(7105, 4, 58, 0.0194129, 62),
(7106, 3, 59, 1, 62),
(7107, 2, 59, 1.97, 62),
(7108, 4, 59, 0.0194129, 62),
(7109, 3, 60, 2, 62),
(7110, 2, 60, 2.49, 62),
(7111, 4, 60, 0.0246212, 62),
(7112, 3, 61, 2, 62),
(7113, 2, 61, 0.78, 62),
(7114, 4, 61, 0.00804924, 62),
(7115, 3, 62, 3, 62),
(7116, 2, 62, 1.97, 62),
(7117, 4, 62, 0.0194129, 62),
(7118, 3, 63, 2, 62),
(7119, 2, 63, 1.97, 62),
(7120, 4, 63, 0.0194129, 62),
(7121, 3, 64, 1, 62),
(7122, 2, 64, 1.97, 62),
(7123, 4, 64, 0.0194129, 62),
(7124, 3, 65, 2, 62),
(7125, 2, 65, 2.49, 62),
(7126, 4, 65, 0.0246212, 62),
(7127, 3, 66, 2, 62),
(7128, 2, 66, 0.78, 62),
(7129, 4, 66, 0.00804924, 62),
(7130, 3, 67, 2, 62),
(7131, 2, 67, 1.97, 62),
(7132, 4, 67, 0.0194129, 62),
(7133, 3, 68, 1, 62),
(7134, 2, 68, 1.97, 62),
(7135, 4, 68, 0.0194129, 62),
(7136, 3, 69, 3, 62),
(7137, 2, 69, 1.97, 62),
(7138, 4, 69, 0.0194129, 62),
(7139, 3, 70, 1, 62),
(7140, 2, 70, 2.49, 62),
(7141, 4, 70, 0.0246212, 62),
(7142, 3, 71, 1, 62),
(7143, 2, 71, 0.78, 62),
(7144, 4, 71, 0.00804924, 62),
(7145, 3, 72, 0, 62),
(7146, 2, 72, 1.97, 62),
(7147, 4, 72, 0.0194129, 62),
(7148, 3, 73, 2, 62),
(7149, 2, 73, 1.97, 62),
(7150, 4, 73, 0.0194129, 62),
(7151, 3, 74, 3, 62),
(7152, 2, 74, 1.97, 62),
(7153, 4, 74, 0.0194129, 62),
(7154, 3, 75, 3, 62),
(7155, 2, 75, 2.49, 62),
(7156, 4, 75, 0.0246212, 62),
(7157, 3, 21, 1, 63),
(7158, 2, 21, 0.78, 63),
(7159, 4, 21, 0.00804924, 63),
(7160, 3, 22, 4, 63),
(7161, 2, 22, 1.97, 63),
(7162, 4, 22, 0.0194129, 63),
(7163, 3, 23, 4, 63),
(7164, 2, 23, 1.97, 63),
(7165, 4, 23, 0.0194129, 63),
(7166, 3, 25, 1, 63),
(7167, 2, 25, 1.97, 63),
(7168, 4, 25, 0.0194129, 63),
(7169, 3, 24, 1, 63),
(7170, 2, 24, 2.49, 63),
(7171, 4, 24, 0.0246212, 63),
(7172, 3, 26, 1, 63),
(7173, 2, 26, 0.78, 63),
(7174, 4, 26, 0.00804924, 63),
(7175, 3, 27, 2, 63),
(7176, 2, 27, 1.97, 63),
(7177, 4, 27, 0.0194129, 63),
(7178, 3, 28, 3, 63),
(7179, 2, 28, 1.97, 63),
(7180, 4, 28, 0.0194129, 63),
(7181, 3, 29, 2, 63),
(7182, 2, 29, 1.97, 63),
(7183, 4, 29, 0.0194129, 63),
(7184, 3, 30, 2, 63),
(7185, 2, 30, 2.49, 63),
(7186, 4, 30, 0.0246212, 63),
(7187, 3, 31, 1, 63),
(7188, 2, 31, 0.78, 63),
(7189, 4, 31, 0.00804924, 63),
(7190, 3, 32, 3, 63),
(7191, 2, 32, 1.97, 63),
(7192, 4, 32, 0.0194129, 63),
(7193, 3, 33, 1, 63),
(7194, 2, 33, 1.97, 63),
(7195, 4, 33, 0.0194129, 63),
(7196, 3, 34, 4, 63),
(7197, 2, 34, 1.97, 63),
(7198, 4, 34, 0.0194129, 63),
(7199, 3, 35, 3, 63),
(7200, 2, 35, 2.49, 63),
(7201, 4, 35, 0.0246212, 63),
(7202, 3, 36, 1, 63),
(7203, 2, 36, 0.78, 63),
(7204, 4, 36, 0.00804924, 63),
(7205, 3, 37, 3, 63),
(7206, 2, 37, 1.97, 63),
(7207, 4, 37, 0.0194129, 63),
(7208, 3, 38, 2, 63),
(7209, 2, 38, 1.97, 63),
(7210, 4, 38, 0.0194129, 63),
(7211, 3, 39, 1, 63),
(7212, 2, 39, 1.97, 63),
(7213, 4, 39, 0.0194129, 63),
(7214, 3, 40, 1, 63),
(7215, 2, 40, 2.49, 63),
(7216, 4, 40, 0.0246212, 63),
(7217, 3, 41, 0, 63),
(7218, 2, 41, 0.78, 63),
(7219, 4, 41, 0.00804924, 63),
(7220, 3, 42, 3, 63),
(7221, 2, 42, 1.97, 63),
(7222, 4, 42, 0.0194129, 63),
(7223, 3, 43, 2, 63),
(7224, 2, 43, 1.97, 63),
(7225, 4, 43, 0.0194129, 63),
(7226, 3, 44, 2, 63),
(7227, 2, 44, 1.97, 63),
(7228, 4, 44, 0.0194129, 63),
(7229, 3, 45, 4, 63),
(7230, 2, 45, 2.49, 63),
(7231, 4, 45, 0.0246212, 63),
(7232, 3, 46, 1, 63),
(7233, 2, 46, 0.78, 63),
(7234, 4, 46, 0.00804924, 63),
(7235, 3, 47, 1, 63),
(7236, 2, 47, 1.97, 63),
(7237, 4, 47, 0.0194129, 63),
(7238, 3, 48, 3, 63),
(7239, 2, 48, 1.97, 63),
(7240, 4, 48, 0.0194129, 63),
(7241, 3, 49, 1, 63),
(7242, 2, 49, 1.97, 63),
(7243, 4, 49, 0.0194129, 63),
(7244, 3, 50, 1, 63),
(7245, 2, 50, 2.49, 63),
(7246, 4, 50, 0.0246212, 63),
(7247, 3, 51, 2, 63),
(7248, 2, 51, 0.78, 63),
(7249, 4, 51, 0.00804924, 63),
(7250, 3, 52, 1, 63),
(7251, 2, 52, 1.97, 63),
(7252, 4, 52, 0.0194129, 63);
INSERT INTO `coefficient_values` (`id`, `id_coefficient`, `id_apartment`, `value`, `id_upkeep`) VALUES
(7253, 3, 53, 3, 63),
(7254, 2, 53, 1.97, 63),
(7255, 4, 53, 0.0194129, 63),
(7256, 3, 54, 3, 63),
(7257, 2, 54, 1.97, 63),
(7258, 4, 54, 0.0194129, 63),
(7259, 3, 55, 3, 63),
(7260, 2, 55, 2.49, 63),
(7261, 4, 55, 0.0246212, 63),
(7262, 3, 56, 1, 63),
(7263, 2, 56, 0.78, 63),
(7264, 4, 56, 0.00804924, 63),
(7265, 3, 57, 3, 63),
(7266, 2, 57, 1.97, 63),
(7267, 4, 57, 0.0194129, 63),
(7268, 3, 58, 2, 63),
(7269, 2, 58, 1.97, 63),
(7270, 4, 58, 0.0194129, 63),
(7271, 3, 59, 1, 63),
(7272, 2, 59, 1.97, 63),
(7273, 4, 59, 0.0194129, 63),
(7274, 3, 60, 2, 63),
(7275, 2, 60, 2.49, 63),
(7276, 4, 60, 0.0246212, 63),
(7277, 3, 61, 2, 63),
(7278, 2, 61, 0.78, 63),
(7279, 4, 61, 0.00804924, 63),
(7280, 3, 62, 3, 63),
(7281, 2, 62, 1.97, 63),
(7282, 4, 62, 0.0194129, 63),
(7283, 3, 63, 2, 63),
(7284, 2, 63, 1.97, 63),
(7285, 4, 63, 0.0194129, 63),
(7286, 3, 64, 1, 63),
(7287, 2, 64, 1.97, 63),
(7288, 4, 64, 0.0194129, 63),
(7289, 3, 65, 2, 63),
(7290, 2, 65, 2.49, 63),
(7291, 4, 65, 0.0246212, 63),
(7292, 3, 66, 2, 63),
(7293, 2, 66, 0.78, 63),
(7294, 4, 66, 0.00804924, 63),
(7295, 3, 67, 2, 63),
(7296, 2, 67, 1.97, 63),
(7297, 4, 67, 0.0194129, 63),
(7298, 3, 68, 1, 63),
(7299, 2, 68, 1.97, 63),
(7300, 4, 68, 0.0194129, 63),
(7301, 3, 69, 3, 63),
(7302, 2, 69, 1.97, 63),
(7303, 4, 69, 0.0194129, 63),
(7304, 3, 70, 1, 63),
(7305, 2, 70, 2.49, 63),
(7306, 4, 70, 0.0246212, 63),
(7307, 3, 71, 1, 63),
(7308, 2, 71, 0.78, 63),
(7309, 4, 71, 0.00804924, 63),
(7310, 3, 72, 0, 63),
(7311, 2, 72, 1.97, 63),
(7312, 4, 72, 0.0194129, 63),
(7313, 3, 73, 2, 63),
(7314, 2, 73, 1.97, 63),
(7315, 4, 73, 0.0194129, 63),
(7316, 3, 74, 3, 63),
(7317, 2, 74, 1.97, 63),
(7318, 4, 74, 0.0194129, 63),
(7319, 3, 75, 0, 63),
(7320, 2, 75, 2.49, 63),
(7321, 4, 75, 0.0246212, 63),
(7322, 3, 21, 1, 64),
(7323, 2, 21, 0.78, 64),
(7324, 4, 21, 0.00804924, 64),
(7325, 3, 22, 4, 64),
(7326, 2, 22, 1.97, 64),
(7327, 4, 22, 0.0194129, 64),
(7328, 3, 23, 4, 64),
(7329, 2, 23, 1.97, 64),
(7330, 4, 23, 0.0194129, 64),
(7331, 3, 25, 1, 64),
(7332, 2, 25, 1.97, 64),
(7333, 4, 25, 0.0194129, 64),
(7334, 3, 24, 1, 64),
(7335, 2, 24, 2.49, 64),
(7336, 4, 24, 0.0246212, 64),
(7337, 3, 26, 1, 64),
(7338, 2, 26, 0.78, 64),
(7339, 4, 26, 0.00804924, 64),
(7340, 3, 27, 2, 64),
(7341, 2, 27, 1.97, 64),
(7342, 4, 27, 0.0194129, 64),
(7343, 3, 28, 3, 64),
(7344, 2, 28, 1.97, 64),
(7345, 4, 28, 0.0194129, 64),
(7346, 3, 29, 2, 64),
(7347, 2, 29, 1.97, 64),
(7348, 4, 29, 0.0194129, 64),
(7349, 3, 30, 2, 64),
(7350, 2, 30, 2.49, 64),
(7351, 4, 30, 0.0246212, 64),
(7352, 3, 31, 1, 64),
(7353, 2, 31, 0.78, 64),
(7354, 4, 31, 0.00804924, 64),
(7355, 3, 32, 3, 64),
(7356, 2, 32, 1.97, 64),
(7357, 4, 32, 0.0194129, 64),
(7358, 3, 33, 1, 64),
(7359, 2, 33, 1.97, 64),
(7360, 4, 33, 0.0194129, 64),
(7361, 3, 34, 4, 64),
(7362, 2, 34, 1.97, 64),
(7363, 4, 34, 0.0194129, 64),
(7364, 3, 35, 3, 64),
(7365, 2, 35, 2.49, 64),
(7366, 4, 35, 0.0246212, 64),
(7367, 3, 36, 1, 64),
(7368, 2, 36, 0.78, 64),
(7369, 4, 36, 0.00804924, 64),
(7370, 3, 37, 3, 64),
(7371, 2, 37, 1.97, 64),
(7372, 4, 37, 0.0194129, 64),
(7373, 3, 38, 2, 64),
(7374, 2, 38, 1.97, 64),
(7375, 4, 38, 0.0194129, 64),
(7376, 3, 39, 1, 64),
(7377, 2, 39, 1.97, 64),
(7378, 4, 39, 0.0194129, 64),
(7379, 3, 40, 1, 64),
(7380, 2, 40, 2.49, 64),
(7381, 4, 40, 0.0246212, 64),
(7382, 3, 41, 0, 64),
(7383, 2, 41, 0.78, 64),
(7384, 4, 41, 0.00804924, 64),
(7385, 3, 42, 3, 64),
(7386, 2, 42, 1.97, 64),
(7387, 4, 42, 0.0194129, 64),
(7388, 3, 43, 2, 64),
(7389, 2, 43, 1.97, 64),
(7390, 4, 43, 0.0194129, 64),
(7391, 3, 44, 2, 64),
(7392, 2, 44, 1.97, 64),
(7393, 4, 44, 0.0194129, 64),
(7394, 3, 45, 4, 64),
(7395, 2, 45, 2.49, 64),
(7396, 4, 45, 0.0246212, 64),
(7397, 3, 46, 1, 64),
(7398, 2, 46, 0.78, 64),
(7399, 4, 46, 0.00804924, 64),
(7400, 3, 47, 1, 64),
(7401, 2, 47, 1.97, 64),
(7402, 4, 47, 0.0194129, 64),
(7403, 3, 48, 0, 64),
(7404, 2, 48, 1.97, 64),
(7405, 4, 48, 0.0194129, 64),
(7406, 3, 49, 0, 64),
(7407, 2, 49, 1.97, 64),
(7408, 4, 49, 0.0194129, 64),
(7409, 3, 50, 1, 64),
(7410, 2, 50, 2.49, 64),
(7411, 4, 50, 0.0246212, 64),
(7412, 3, 51, 2, 64),
(7413, 2, 51, 0.78, 64),
(7414, 4, 51, 0.00804924, 64),
(7415, 3, 52, 1, 64),
(7416, 2, 52, 1.97, 64),
(7417, 4, 52, 0.0194129, 64),
(7418, 3, 53, 3, 64),
(7419, 2, 53, 1.97, 64),
(7420, 4, 53, 0.0194129, 64),
(7421, 3, 54, 3, 64),
(7422, 2, 54, 1.97, 64),
(7423, 4, 54, 0.0194129, 64),
(7424, 3, 55, 3, 64),
(7425, 2, 55, 2.49, 64),
(7426, 4, 55, 0.0246212, 64),
(7427, 3, 56, 1, 64),
(7428, 2, 56, 0.78, 64),
(7429, 4, 56, 0.00804924, 64),
(7430, 3, 57, 3, 64),
(7431, 2, 57, 1.97, 64),
(7432, 4, 57, 0.0194129, 64),
(7433, 3, 58, 0, 64),
(7434, 2, 58, 1.97, 64),
(7435, 4, 58, 0.0194129, 64),
(7436, 3, 59, 1, 64),
(7437, 2, 59, 1.97, 64),
(7438, 4, 59, 0.0194129, 64),
(7439, 3, 60, 2, 64),
(7440, 2, 60, 2.49, 64),
(7441, 4, 60, 0.0246212, 64),
(7442, 3, 61, 1, 64),
(7443, 2, 61, 0.78, 64),
(7444, 4, 61, 0.00804924, 64),
(7445, 3, 62, 3, 64),
(7446, 2, 62, 1.97, 64),
(7447, 4, 62, 0.0194129, 64),
(7448, 3, 63, 2, 64),
(7449, 2, 63, 1.97, 64),
(7450, 4, 63, 0.0194129, 64),
(7451, 3, 64, 1, 64),
(7452, 2, 64, 1.97, 64),
(7453, 4, 64, 0.0194129, 64),
(7454, 3, 65, 2, 64),
(7455, 2, 65, 2.49, 64),
(7456, 4, 65, 0.0246212, 64),
(7457, 3, 66, 2, 64),
(7458, 2, 66, 0.78, 64),
(7459, 4, 66, 0.00804924, 64),
(7460, 3, 67, 2, 64),
(7461, 2, 67, 1.97, 64),
(7462, 4, 67, 0.0194129, 64),
(7463, 3, 68, 1, 64),
(7464, 2, 68, 1.97, 64),
(7465, 4, 68, 0.0194129, 64),
(7466, 3, 69, 3, 64),
(7467, 2, 69, 1.97, 64),
(7468, 4, 69, 0.0194129, 64),
(7469, 3, 70, 1, 64),
(7470, 2, 70, 2.49, 64),
(7471, 4, 70, 0.0246212, 64),
(7472, 3, 71, 1, 64),
(7473, 2, 71, 0.78, 64),
(7474, 4, 71, 0.00804924, 64),
(7475, 3, 72, 0, 64),
(7476, 2, 72, 1.97, 64),
(7477, 4, 72, 0.0194129, 64),
(7478, 3, 73, 2, 64),
(7479, 2, 73, 1.97, 64),
(7480, 4, 73, 0.0194129, 64),
(7481, 3, 74, 3, 64),
(7482, 2, 74, 1.97, 64),
(7483, 4, 74, 0.0194129, 64),
(7484, 3, 75, 3, 64),
(7485, 2, 75, 2.49, 64),
(7486, 4, 75, 0.0246212, 64),
(7487, 3, 21, 1, 65),
(7488, 2, 21, 0.78, 65),
(7489, 4, 21, 0.00804924, 65),
(7490, 3, 22, 4, 65),
(7491, 2, 22, 1.97, 65),
(7492, 4, 22, 0.0194129, 65),
(7493, 3, 23, 4, 65),
(7494, 2, 23, 1.97, 65),
(7495, 4, 23, 0.0194129, 65),
(7496, 3, 25, 2, 65),
(7497, 2, 25, 1.97, 65),
(7498, 4, 25, 0.0194129, 65),
(7499, 3, 24, 1, 65),
(7500, 2, 24, 2.49, 65),
(7501, 4, 24, 0.0246212, 65),
(7502, 3, 26, 1, 65),
(7503, 2, 26, 0.78, 65),
(7504, 4, 26, 0.00804924, 65),
(7505, 3, 27, 2, 65),
(7506, 2, 27, 1.97, 65),
(7507, 4, 27, 0.0194129, 65),
(7508, 3, 28, 3, 65),
(7509, 2, 28, 1.97, 65),
(7510, 4, 28, 0.0194129, 65),
(7511, 3, 29, 2, 65),
(7512, 2, 29, 1.97, 65),
(7513, 4, 29, 0.0194129, 65),
(7514, 3, 30, 2, 65),
(7515, 2, 30, 2.49, 65),
(7516, 4, 30, 0.0246212, 65),
(7517, 3, 31, 1, 65),
(7518, 2, 31, 0.78, 65),
(7519, 4, 31, 0.00804924, 65),
(7520, 3, 32, 3, 65),
(7521, 2, 32, 1.97, 65),
(7522, 4, 32, 0.0194129, 65),
(7523, 3, 33, 1, 65),
(7524, 2, 33, 1.97, 65),
(7525, 4, 33, 0.0194129, 65),
(7526, 3, 34, 4, 65),
(7527, 2, 34, 1.97, 65),
(7528, 4, 34, 0.0194129, 65),
(7529, 3, 35, 3, 65),
(7530, 2, 35, 2.49, 65),
(7531, 4, 35, 0.0246212, 65),
(7532, 3, 36, 1, 65),
(7533, 2, 36, 0.78, 65),
(7534, 4, 36, 0.00804924, 65),
(7535, 3, 37, 3, 65),
(7536, 2, 37, 1.97, 65),
(7537, 4, 37, 0.0194129, 65),
(7538, 3, 38, 2, 65),
(7539, 2, 38, 1.97, 65),
(7540, 4, 38, 0.0194129, 65),
(7541, 3, 39, 1, 65),
(7542, 2, 39, 1.97, 65),
(7543, 4, 39, 0.0194129, 65),
(7544, 3, 40, 1, 65),
(7545, 2, 40, 2.49, 65),
(7546, 4, 40, 0.0246212, 65),
(7547, 3, 41, 0, 65),
(7548, 2, 41, 0.78, 65),
(7549, 4, 41, 0.00804924, 65),
(7550, 3, 42, 3, 65),
(7551, 2, 42, 1.97, 65),
(7552, 4, 42, 0.0194129, 65),
(7553, 3, 43, 2, 65),
(7554, 2, 43, 1.97, 65),
(7555, 4, 43, 0.0194129, 65),
(7556, 3, 44, 2, 65),
(7557, 2, 44, 1.97, 65),
(7558, 4, 44, 0.0194129, 65),
(7559, 3, 45, 4, 65),
(7560, 2, 45, 2.49, 65),
(7561, 4, 45, 0.0246212, 65),
(7562, 3, 46, 1, 65),
(7563, 2, 46, 0.78, 65),
(7564, 4, 46, 0.00804924, 65),
(7565, 3, 47, 1, 65),
(7566, 2, 47, 1.97, 65),
(7567, 4, 47, 0.0194129, 65),
(7568, 3, 48, 0, 65),
(7569, 2, 48, 1.97, 65),
(7570, 4, 48, 0.0194129, 65),
(7571, 3, 49, 1, 65),
(7572, 2, 49, 1.97, 65),
(7573, 4, 49, 0.0194129, 65),
(7574, 3, 50, 1, 65),
(7575, 2, 50, 2.49, 65),
(7576, 4, 50, 0.0246212, 65),
(7577, 3, 51, 2, 65),
(7578, 2, 51, 0.78, 65),
(7579, 4, 51, 0.00804924, 65),
(7580, 3, 52, 1, 65),
(7581, 2, 52, 1.97, 65),
(7582, 4, 52, 0.0194129, 65),
(7583, 3, 53, 3, 65),
(7584, 2, 53, 1.97, 65),
(7585, 4, 53, 0.0194129, 65),
(7586, 3, 54, 3, 65),
(7587, 2, 54, 1.97, 65),
(7588, 4, 54, 0.0194129, 65),
(7589, 3, 55, 3, 65),
(7590, 2, 55, 2.49, 65),
(7591, 4, 55, 0.0246212, 65),
(7592, 3, 56, 1, 65),
(7593, 2, 56, 0.78, 65),
(7594, 4, 56, 0.00804924, 65),
(7595, 3, 57, 3, 65),
(7596, 2, 57, 1.97, 65),
(7597, 4, 57, 0.0194129, 65),
(7598, 3, 58, 1, 65),
(7599, 2, 58, 1.97, 65),
(7600, 4, 58, 0.0194129, 65),
(7601, 3, 59, 1, 65),
(7602, 2, 59, 1.97, 65),
(7603, 4, 59, 0.0194129, 65),
(7604, 3, 60, 2, 65),
(7605, 2, 60, 2.49, 65),
(7606, 4, 60, 0.0246212, 65),
(7607, 3, 61, 1, 65),
(7608, 2, 61, 0.78, 65),
(7609, 4, 61, 0.00804924, 65),
(7610, 3, 62, 3, 65),
(7611, 2, 62, 1.97, 65),
(7612, 4, 62, 0.0194129, 65),
(7613, 3, 63, 2, 65),
(7614, 2, 63, 1.97, 65),
(7615, 4, 63, 0.0194129, 65),
(7616, 3, 64, 1, 65),
(7617, 2, 64, 1.97, 65),
(7618, 4, 64, 0.0194129, 65),
(7619, 3, 65, 0, 65),
(7620, 2, 65, 2.49, 65),
(7621, 4, 65, 0.0246212, 65),
(7622, 3, 66, 2, 65),
(7623, 2, 66, 0.78, 65),
(7624, 4, 66, 0.00804924, 65),
(7625, 3, 67, 2, 65),
(7626, 2, 67, 1.97, 65),
(7627, 4, 67, 0.0194129, 65),
(7628, 3, 68, 1, 65),
(7629, 2, 68, 1.97, 65),
(7630, 4, 68, 0.0194129, 65),
(7631, 3, 69, 3, 65),
(7632, 2, 69, 1.97, 65),
(7633, 4, 69, 0.0194129, 65),
(7634, 3, 70, 1, 65),
(7635, 2, 70, 2.49, 65),
(7636, 4, 70, 0.0246212, 65),
(7637, 3, 71, 1, 65),
(7638, 2, 71, 0.78, 65),
(7639, 4, 71, 0.00804924, 65),
(7640, 3, 72, 0, 65),
(7641, 2, 72, 1.97, 65),
(7642, 4, 72, 0.0194129, 65),
(7643, 3, 73, 0, 65),
(7644, 2, 73, 1.97, 65),
(7645, 4, 73, 0.0194129, 65),
(7646, 3, 74, 3, 65),
(7647, 2, 74, 1.97, 65),
(7648, 4, 74, 0.0194129, 65),
(7649, 3, 75, 1, 65),
(7650, 2, 75, 2.49, 65),
(7651, 4, 75, 0.0246212, 65),
(7652, 3, 21, 1, 66),
(7653, 2, 21, 0.78, 66),
(7654, 4, 21, 0.00804924, 66),
(7655, 3, 22, 4, 66),
(7656, 2, 22, 1.97, 66),
(7657, 4, 22, 0.0194129, 66),
(7658, 3, 23, 4, 66),
(7659, 2, 23, 1.97, 66),
(7660, 4, 23, 0.0194129, 66),
(7661, 3, 25, 2, 66),
(7662, 2, 25, 1.97, 66),
(7663, 4, 25, 0.0194129, 66),
(7664, 3, 24, 1, 66),
(7665, 2, 24, 2.49, 66),
(7666, 4, 24, 0.0246212, 66),
(7667, 3, 26, 1, 66),
(7668, 2, 26, 0.78, 66),
(7669, 4, 26, 0.00804924, 66);
INSERT INTO `coefficient_values` (`id`, `id_coefficient`, `id_apartment`, `value`, `id_upkeep`) VALUES
(7670, 3, 27, 2, 66),
(7671, 2, 27, 1.97, 66),
(7672, 4, 27, 0.0194129, 66),
(7673, 3, 28, 3, 66),
(7674, 2, 28, 1.97, 66),
(7675, 4, 28, 0.0194129, 66),
(7676, 3, 29, 2, 66),
(7677, 2, 29, 1.97, 66),
(7678, 4, 29, 0.0194129, 66),
(7679, 3, 30, 2, 66),
(7680, 2, 30, 2.49, 66),
(7681, 4, 30, 0.0246212, 66),
(7682, 3, 31, 1, 66),
(7683, 2, 31, 0.78, 66),
(7684, 4, 31, 0.00804924, 66),
(7685, 3, 32, 3, 66),
(7686, 2, 32, 1.97, 66),
(7687, 4, 32, 0.0194129, 66),
(7688, 3, 33, 1, 66),
(7689, 2, 33, 1.97, 66),
(7690, 4, 33, 0.0194129, 66),
(7691, 3, 34, 4, 66),
(7692, 2, 34, 1.97, 66),
(7693, 4, 34, 0.0194129, 66),
(7694, 3, 35, 3, 66),
(7695, 2, 35, 2.49, 66),
(7696, 4, 35, 0.0246212, 66),
(7697, 3, 36, 1, 66),
(7698, 2, 36, 0.78, 66),
(7699, 4, 36, 0.00804924, 66),
(7700, 3, 37, 3, 66),
(7701, 2, 37, 1.97, 66),
(7702, 4, 37, 0.0194129, 66),
(7703, 3, 38, 2, 66),
(7704, 2, 38, 1.97, 66),
(7705, 4, 38, 0.0194129, 66),
(7706, 3, 39, 1, 66),
(7707, 2, 39, 1.97, 66),
(7708, 4, 39, 0.0194129, 66),
(7709, 3, 40, 1, 66),
(7710, 2, 40, 2.49, 66),
(7711, 4, 40, 0.0246212, 66),
(7712, 3, 41, 0, 66),
(7713, 2, 41, 0.78, 66),
(7714, 4, 41, 0.00804924, 66),
(7715, 3, 42, 3, 66),
(7716, 2, 42, 1.97, 66),
(7717, 4, 42, 0.0194129, 66),
(7718, 3, 43, 2, 66),
(7719, 2, 43, 1.97, 66),
(7720, 4, 43, 0.0194129, 66),
(7721, 3, 44, 2, 66),
(7722, 2, 44, 1.97, 66),
(7723, 4, 44, 0.0194129, 66),
(7724, 3, 45, 4, 66),
(7725, 2, 45, 2.49, 66),
(7726, 4, 45, 0.0246212, 66),
(7727, 3, 46, 1, 66),
(7728, 2, 46, 0.78, 66),
(7729, 4, 46, 0.00804924, 66),
(7730, 3, 47, 1, 66),
(7731, 2, 47, 1.97, 66),
(7732, 4, 47, 0.0194129, 66),
(7733, 3, 48, 0, 66),
(7734, 2, 48, 1.97, 66),
(7735, 4, 48, 0.0194129, 66),
(7736, 3, 49, 1, 66),
(7737, 2, 49, 1.97, 66),
(7738, 4, 49, 0.0194129, 66),
(7739, 3, 50, 1, 66),
(7740, 2, 50, 2.49, 66),
(7741, 4, 50, 0.0246212, 66),
(7742, 3, 51, 2, 66),
(7743, 2, 51, 0.78, 66),
(7744, 4, 51, 0.00804924, 66),
(7745, 3, 52, 1, 66),
(7746, 2, 52, 1.97, 66),
(7747, 4, 52, 0.0194129, 66),
(7748, 3, 53, 3, 66),
(7749, 2, 53, 1.97, 66),
(7750, 4, 53, 0.0194129, 66),
(7751, 3, 54, 3, 66),
(7752, 2, 54, 1.97, 66),
(7753, 4, 54, 0.0194129, 66),
(7754, 3, 55, 0, 66),
(7755, 2, 55, 2.49, 66),
(7756, 4, 55, 0.0246212, 66),
(7757, 3, 56, 1, 66),
(7758, 2, 56, 0.78, 66),
(7759, 4, 56, 0.00804924, 66),
(7760, 3, 57, 0, 66),
(7761, 2, 57, 1.97, 66),
(7762, 4, 57, 0.0194129, 66),
(7763, 3, 58, 0, 66),
(7764, 2, 58, 1.97, 66),
(7765, 4, 58, 0.0194129, 66),
(7766, 3, 59, 1, 66),
(7767, 2, 59, 1.97, 66),
(7768, 4, 59, 0.0194129, 66),
(7769, 3, 60, 2, 66),
(7770, 2, 60, 2.49, 66),
(7771, 4, 60, 0.0246212, 66),
(7772, 3, 61, 0, 66),
(7773, 2, 61, 0.78, 66),
(7774, 4, 61, 0.00804924, 66),
(7775, 3, 62, 3, 66),
(7776, 2, 62, 1.97, 66),
(7777, 4, 62, 0.0194129, 66),
(7778, 3, 63, 2, 66),
(7779, 2, 63, 1.97, 66),
(7780, 4, 63, 0.0194129, 66),
(7781, 3, 64, 1, 66),
(7782, 2, 64, 1.97, 66),
(7783, 4, 64, 0.0194129, 66),
(7784, 3, 65, 0, 66),
(7785, 2, 65, 2.49, 66),
(7786, 4, 65, 0.0246212, 66),
(7787, 3, 66, 2, 66),
(7788, 2, 66, 0.78, 66),
(7789, 4, 66, 0.00804924, 66),
(7790, 3, 67, 2, 66),
(7791, 2, 67, 1.97, 66),
(7792, 4, 67, 0.0194129, 66),
(7793, 3, 68, 1, 66),
(7794, 2, 68, 1.97, 66),
(7795, 4, 68, 0.0194129, 66),
(7796, 3, 69, 3, 66),
(7797, 2, 69, 1.97, 66),
(7798, 4, 69, 0.0194129, 66),
(7799, 3, 70, 1, 66),
(7800, 2, 70, 2.49, 66),
(7801, 4, 70, 0.0246212, 66),
(7802, 3, 71, 1, 66),
(7803, 2, 71, 0.78, 66),
(7804, 4, 71, 0.00804924, 66),
(7805, 3, 72, 0, 66),
(7806, 2, 72, 1.97, 66),
(7807, 4, 72, 0.0194129, 66),
(7808, 3, 73, 2, 66),
(7809, 2, 73, 1.97, 66),
(7810, 4, 73, 0.0194129, 66),
(7811, 3, 74, 3, 66),
(7812, 2, 74, 1.97, 66),
(7813, 4, 74, 0.0194129, 66),
(7814, 3, 75, 3, 66),
(7815, 2, 75, 2.49, 66),
(7816, 4, 75, 0.0246212, 66),
(7817, 3, 21, 1, 67),
(7818, 2, 21, 0.78, 67),
(7819, 4, 21, 0.00804924, 67),
(7820, 3, 22, 4, 67),
(7821, 2, 22, 1.97, 67),
(7822, 4, 22, 0.0194129, 67),
(7823, 3, 23, 4, 67),
(7824, 2, 23, 1.97, 67),
(7825, 4, 23, 0.0194129, 67),
(7826, 3, 25, 2, 67),
(7827, 2, 25, 1.97, 67),
(7828, 4, 25, 0.0194129, 67),
(7829, 3, 24, 1, 67),
(7830, 2, 24, 2.49, 67),
(7831, 4, 24, 0.0246212, 67),
(7832, 3, 26, 1, 67),
(7833, 2, 26, 0.78, 67),
(7834, 4, 26, 0.00804924, 67),
(7835, 3, 27, 2, 67),
(7836, 2, 27, 1.97, 67),
(7837, 4, 27, 0.0194129, 67),
(7838, 3, 28, 3, 67),
(7839, 2, 28, 1.97, 67),
(7840, 4, 28, 0.0194129, 67),
(7841, 3, 29, 2, 67),
(7842, 2, 29, 1.97, 67),
(7843, 4, 29, 0.0194129, 67),
(7844, 3, 30, 2, 67),
(7845, 2, 30, 2.49, 67),
(7846, 4, 30, 0.0246212, 67),
(7847, 3, 31, 1, 67),
(7848, 2, 31, 0.78, 67),
(7849, 4, 31, 0.00804924, 67),
(7850, 3, 32, 3, 67),
(7851, 2, 32, 1.97, 67),
(7852, 4, 32, 0.0194129, 67),
(7853, 3, 33, 1, 67),
(7854, 2, 33, 1.97, 67),
(7855, 4, 33, 0.0194129, 67),
(7856, 3, 34, 4, 67),
(7857, 2, 34, 1.97, 67),
(7858, 4, 34, 0.0194129, 67),
(7859, 3, 35, 3, 67),
(7860, 2, 35, 2.49, 67),
(7861, 4, 35, 0.0246212, 67),
(7862, 3, 36, 1, 67),
(7863, 2, 36, 0.78, 67),
(7864, 4, 36, 0.00804924, 67),
(7865, 3, 37, 3, 67),
(7866, 2, 37, 1.97, 67),
(7867, 4, 37, 0.0194129, 67),
(7868, 3, 38, 2, 67),
(7869, 2, 38, 1.97, 67),
(7870, 4, 38, 0.0194129, 67),
(7871, 3, 39, 1, 67),
(7872, 2, 39, 1.97, 67),
(7873, 4, 39, 0.0194129, 67),
(7874, 3, 40, 1, 67),
(7875, 2, 40, 2.49, 67),
(7876, 4, 40, 0.0246212, 67),
(7877, 3, 41, 0, 67),
(7878, 2, 41, 0.78, 67),
(7879, 4, 41, 0.00804924, 67),
(7880, 3, 42, 3, 67),
(7881, 2, 42, 1.97, 67),
(7882, 4, 42, 0.0194129, 67),
(7883, 3, 43, 2, 67),
(7884, 2, 43, 1.97, 67),
(7885, 4, 43, 0.0194129, 67),
(7886, 3, 44, 2, 67),
(7887, 2, 44, 1.97, 67),
(7888, 4, 44, 0.0194129, 67),
(7889, 3, 45, 0, 67),
(7890, 2, 45, 2.49, 67),
(7891, 4, 45, 0.0246212, 67),
(7892, 3, 46, 1, 67),
(7893, 2, 46, 0.78, 67),
(7894, 4, 46, 0.00804924, 67),
(7895, 3, 47, 1, 67),
(7896, 2, 47, 1.97, 67),
(7897, 4, 47, 0.0194129, 67),
(7898, 3, 48, 0, 67),
(7899, 2, 48, 1.97, 67),
(7900, 4, 48, 0.0194129, 67),
(7901, 3, 49, 1, 67),
(7902, 2, 49, 1.97, 67),
(7903, 4, 49, 0.0194129, 67),
(7904, 3, 50, 1, 67),
(7905, 2, 50, 2.49, 67),
(7906, 4, 50, 0.0246212, 67),
(7907, 3, 51, 2, 67),
(7908, 2, 51, 0.78, 67),
(7909, 4, 51, 0.00804924, 67),
(7910, 3, 52, 1, 67),
(7911, 2, 52, 1.97, 67),
(7912, 4, 52, 0.0194129, 67),
(7913, 3, 53, 3, 67),
(7914, 2, 53, 1.97, 67),
(7915, 4, 53, 0.0194129, 67),
(7916, 3, 54, 3, 67),
(7917, 2, 54, 1.97, 67),
(7918, 4, 54, 0.0194129, 67),
(7919, 3, 55, 0, 67),
(7920, 2, 55, 2.49, 67),
(7921, 4, 55, 0.0246212, 67),
(7922, 3, 56, 1, 67),
(7923, 2, 56, 0.78, 67),
(7924, 4, 56, 0.00804924, 67),
(7925, 3, 57, 0, 67),
(7926, 2, 57, 1.97, 67),
(7927, 4, 57, 0.0194129, 67),
(7928, 3, 58, 0, 67),
(7929, 2, 58, 1.97, 67),
(7930, 4, 58, 0.0194129, 67),
(7931, 3, 59, 1, 67),
(7932, 2, 59, 1.97, 67),
(7933, 4, 59, 0.0194129, 67),
(7934, 3, 60, 2, 67),
(7935, 2, 60, 2.49, 67),
(7936, 4, 60, 0.0246212, 67),
(7937, 3, 61, 0, 67),
(7938, 2, 61, 0.78, 67),
(7939, 4, 61, 0.00804924, 67),
(7940, 3, 62, 3, 67),
(7941, 2, 62, 1.97, 67),
(7942, 4, 62, 0.0194129, 67),
(7943, 3, 63, 2, 67),
(7944, 2, 63, 1.97, 67),
(7945, 4, 63, 0.0194129, 67),
(7946, 3, 64, 1, 67),
(7947, 2, 64, 1.97, 67),
(7948, 4, 64, 0.0194129, 67),
(7949, 3, 65, 2, 67),
(7950, 2, 65, 2.49, 67),
(7951, 4, 65, 0.0246212, 67),
(7952, 3, 66, 2, 67),
(7953, 2, 66, 0.78, 67),
(7954, 4, 66, 0.00804924, 67),
(7955, 3, 67, 2, 67),
(7956, 2, 67, 1.97, 67),
(7957, 4, 67, 0.0194129, 67),
(7958, 3, 68, 1, 67),
(7959, 2, 68, 1.97, 67),
(7960, 4, 68, 0.0194129, 67),
(7961, 3, 69, 3, 67),
(7962, 2, 69, 1.97, 67),
(7963, 4, 69, 0.0194129, 67),
(7964, 3, 70, 1, 67),
(7965, 2, 70, 2.49, 67),
(7966, 4, 70, 0.0246212, 67),
(7967, 3, 71, 1, 67),
(7968, 2, 71, 0.78, 67),
(7969, 4, 71, 0.00804924, 67),
(7970, 3, 72, 0, 67),
(7971, 2, 72, 1.97, 67),
(7972, 4, 72, 0.0194129, 67),
(7973, 3, 73, 2, 67),
(7974, 2, 73, 1.97, 67),
(7975, 4, 73, 0.0194129, 67),
(7976, 3, 74, 3, 67),
(7977, 2, 74, 1.97, 67),
(7978, 4, 74, 0.0194129, 67),
(7979, 3, 75, 3, 67),
(7980, 2, 75, 2.49, 67),
(7981, 4, 75, 0.0246212, 67),
(7982, 3, 21, 1, 68),
(7983, 2, 21, 0.78, 68),
(7984, 4, 21, 0.00804924, 68),
(7985, 3, 22, 4, 68),
(7986, 2, 22, 1.97, 68),
(7987, 4, 22, 0.0194129, 68),
(7988, 3, 23, 4, 68),
(7989, 2, 23, 1.97, 68),
(7990, 4, 23, 0.0194129, 68),
(7991, 3, 25, 2, 68),
(7992, 2, 25, 1.97, 68),
(7993, 4, 25, 0.0194129, 68),
(7994, 3, 24, 1, 68),
(7995, 2, 24, 2.49, 68),
(7996, 4, 24, 0.0246212, 68),
(7997, 3, 26, 1, 68),
(7998, 2, 26, 0.78, 68),
(7999, 4, 26, 0.00804924, 68),
(8000, 3, 27, 2, 68),
(8001, 2, 27, 1.97, 68),
(8002, 4, 27, 0.0194129, 68),
(8003, 3, 28, 3, 68),
(8004, 2, 28, 1.97, 68),
(8005, 4, 28, 0.0194129, 68),
(8006, 3, 29, 2, 68),
(8007, 2, 29, 1.97, 68),
(8008, 4, 29, 0.0194129, 68),
(8009, 3, 30, 2, 68),
(8010, 2, 30, 2.49, 68),
(8011, 4, 30, 0.0246212, 68),
(8012, 3, 31, 1, 68),
(8013, 2, 31, 0.78, 68),
(8014, 4, 31, 0.00804924, 68),
(8015, 3, 32, 3, 68),
(8016, 2, 32, 1.97, 68),
(8017, 4, 32, 0.0194129, 68),
(8018, 3, 33, 1, 68),
(8019, 2, 33, 1.97, 68),
(8020, 4, 33, 0.0194129, 68),
(8021, 3, 34, 4, 68),
(8022, 2, 34, 1.97, 68),
(8023, 4, 34, 0.0194129, 68),
(8024, 3, 35, 3, 68),
(8025, 2, 35, 2.49, 68),
(8026, 4, 35, 0.0246212, 68),
(8027, 3, 36, 1, 68),
(8028, 2, 36, 0.78, 68),
(8029, 4, 36, 0.00804924, 68),
(8030, 3, 37, 3, 68),
(8031, 2, 37, 1.97, 68),
(8032, 4, 37, 0.0194129, 68),
(8033, 3, 38, 2, 68),
(8034, 2, 38, 1.97, 68),
(8035, 4, 38, 0.0194129, 68),
(8036, 3, 39, 1, 68),
(8037, 2, 39, 1.97, 68),
(8038, 4, 39, 0.0194129, 68),
(8039, 3, 40, 1, 68),
(8040, 2, 40, 2.49, 68),
(8041, 4, 40, 0.0246212, 68),
(8042, 3, 41, 0, 68),
(8043, 2, 41, 0.78, 68),
(8044, 4, 41, 0.00804924, 68),
(8045, 3, 42, 3, 68),
(8046, 2, 42, 1.97, 68),
(8047, 4, 42, 0.0194129, 68),
(8048, 3, 43, 2, 68),
(8049, 2, 43, 1.97, 68),
(8050, 4, 43, 0.0194129, 68),
(8051, 3, 44, 2, 68),
(8052, 2, 44, 1.97, 68),
(8053, 4, 44, 0.0194129, 68),
(8054, 3, 45, 4, 68),
(8055, 2, 45, 2.49, 68),
(8056, 4, 45, 0.0246212, 68),
(8057, 3, 46, 1, 68),
(8058, 2, 46, 0.78, 68),
(8059, 4, 46, 0.00804924, 68),
(8060, 3, 47, 1, 68),
(8061, 2, 47, 1.97, 68),
(8062, 4, 47, 0.0194129, 68),
(8063, 3, 48, 0, 68),
(8064, 2, 48, 1.97, 68),
(8065, 4, 48, 0.0194129, 68),
(8066, 3, 49, 1, 68),
(8067, 2, 49, 1.97, 68),
(8068, 4, 49, 0.0194129, 68),
(8069, 3, 50, 1, 68),
(8070, 2, 50, 2.49, 68),
(8071, 4, 50, 0.0246212, 68),
(8072, 3, 51, 2, 68),
(8073, 2, 51, 0.78, 68),
(8074, 4, 51, 0.00804924, 68),
(8075, 3, 52, 1, 68),
(8076, 2, 52, 1.97, 68),
(8077, 4, 52, 0.0194129, 68),
(8078, 3, 53, 3, 68),
(8079, 2, 53, 1.97, 68),
(8080, 4, 53, 0.0194129, 68),
(8081, 3, 54, 3, 68),
(8082, 2, 54, 1.97, 68),
(8083, 4, 54, 0.0194129, 68),
(8084, 3, 55, 3, 68),
(8085, 2, 55, 2.49, 68),
(8086, 4, 55, 0.0246212, 68);
INSERT INTO `coefficient_values` (`id`, `id_coefficient`, `id_apartment`, `value`, `id_upkeep`) VALUES
(8087, 3, 56, 1, 68),
(8088, 2, 56, 0.78, 68),
(8089, 4, 56, 0.00804924, 68),
(8090, 3, 57, 3, 68),
(8091, 2, 57, 1.97, 68),
(8092, 4, 57, 0.0194129, 68),
(8093, 3, 58, 1, 68),
(8094, 2, 58, 1.97, 68),
(8095, 4, 58, 0.0194129, 68),
(8096, 3, 59, 1, 68),
(8097, 2, 59, 1.97, 68),
(8098, 4, 59, 0.0194129, 68),
(8099, 3, 60, 2, 68),
(8100, 2, 60, 2.49, 68),
(8101, 4, 60, 0.0246212, 68),
(8102, 3, 61, 1, 68),
(8103, 2, 61, 0.78, 68),
(8104, 4, 61, 0.00804924, 68),
(8105, 3, 62, 3, 68),
(8106, 2, 62, 1.97, 68),
(8107, 4, 62, 0.0194129, 68),
(8108, 3, 63, 2, 68),
(8109, 2, 63, 1.97, 68),
(8110, 4, 63, 0.0194129, 68),
(8111, 3, 64, 1, 68),
(8112, 2, 64, 1.97, 68),
(8113, 4, 64, 0.0194129, 68),
(8114, 3, 65, 2, 68),
(8115, 2, 65, 2.49, 68),
(8116, 4, 65, 0.0246212, 68),
(8117, 3, 66, 2, 68),
(8118, 2, 66, 0.78, 68),
(8119, 4, 66, 0.00804924, 68),
(8120, 3, 67, 2, 68),
(8121, 2, 67, 1.97, 68),
(8122, 4, 67, 0.0194129, 68),
(8123, 3, 68, 1, 68),
(8124, 2, 68, 1.97, 68),
(8125, 4, 68, 0.0194129, 68),
(8126, 3, 69, 3, 68),
(8127, 2, 69, 1.97, 68),
(8128, 4, 69, 0.0194129, 68),
(8129, 3, 70, 1, 68),
(8130, 2, 70, 2.49, 68),
(8131, 4, 70, 0.0246212, 68),
(8132, 3, 71, 1, 68),
(8133, 2, 71, 0.78, 68),
(8134, 4, 71, 0.00804924, 68),
(8135, 3, 72, 0, 68),
(8136, 2, 72, 1.97, 68),
(8137, 4, 72, 0.0194129, 68),
(8138, 3, 73, 2, 68),
(8139, 2, 73, 1.97, 68),
(8140, 4, 73, 0.0194129, 68),
(8141, 3, 74, 3, 68),
(8142, 2, 74, 1.97, 68),
(8143, 4, 74, 0.0194129, 68),
(8144, 3, 75, 3, 68),
(8145, 2, 75, 2.49, 68),
(8146, 4, 75, 0.0246212, 68),
(8147, 3, 21, 1, 69),
(8148, 2, 21, 0.78, 69),
(8149, 4, 21, 0.00804924, 69),
(8150, 3, 22, 4, 69),
(8151, 2, 22, 1.97, 69),
(8152, 4, 22, 0.0194129, 69),
(8153, 3, 23, 4, 69),
(8154, 2, 23, 1.97, 69),
(8155, 4, 23, 0.0194129, 69),
(8156, 3, 25, 2, 69),
(8157, 2, 25, 1.97, 69),
(8158, 4, 25, 0.0194129, 69),
(8159, 3, 24, 1, 69),
(8160, 2, 24, 2.49, 69),
(8161, 4, 24, 0.0246212, 69),
(8162, 3, 26, 1, 69),
(8163, 2, 26, 0.78, 69),
(8164, 4, 26, 0.00804924, 69),
(8165, 3, 27, 2, 69),
(8166, 2, 27, 1.97, 69),
(8167, 4, 27, 0.0194129, 69),
(8168, 3, 28, 3, 69),
(8169, 2, 28, 1.97, 69),
(8170, 4, 28, 0.0194129, 69),
(8171, 3, 29, 2, 69),
(8172, 2, 29, 1.97, 69),
(8173, 4, 29, 0.0194129, 69),
(8174, 3, 30, 2, 69),
(8175, 2, 30, 2.49, 69),
(8176, 4, 30, 0.0246212, 69),
(8177, 3, 31, 1, 69),
(8178, 2, 31, 0.78, 69),
(8179, 4, 31, 0.00804924, 69),
(8180, 3, 32, 3, 69),
(8181, 2, 32, 1.97, 69),
(8182, 4, 32, 0.0194129, 69),
(8183, 3, 33, 1, 69),
(8184, 2, 33, 1.97, 69),
(8185, 4, 33, 0.0194129, 69),
(8186, 3, 34, 4, 69),
(8187, 2, 34, 1.97, 69),
(8188, 4, 34, 0.0194129, 69),
(8189, 3, 35, 3, 69),
(8190, 2, 35, 2.49, 69),
(8191, 4, 35, 0.0246212, 69),
(8192, 3, 36, 1, 69),
(8193, 2, 36, 0.78, 69),
(8194, 4, 36, 0.00804924, 69),
(8195, 3, 37, 3, 69),
(8196, 2, 37, 1.97, 69),
(8197, 4, 37, 0.0194129, 69),
(8198, 3, 38, 2, 69),
(8199, 2, 38, 1.97, 69),
(8200, 4, 38, 0.0194129, 69),
(8201, 3, 39, 1, 69),
(8202, 2, 39, 1.97, 69),
(8203, 4, 39, 0.0194129, 69),
(8204, 3, 40, 1, 69),
(8205, 2, 40, 2.49, 69),
(8206, 4, 40, 0.0246212, 69),
(8207, 3, 41, 0, 69),
(8208, 2, 41, 0.78, 69),
(8209, 4, 41, 0.00804924, 69),
(8210, 3, 42, 3, 69),
(8211, 2, 42, 1.97, 69),
(8212, 4, 42, 0.0194129, 69),
(8213, 3, 43, 2, 69),
(8214, 2, 43, 1.97, 69),
(8215, 4, 43, 0.0194129, 69),
(8216, 3, 44, 2, 69),
(8217, 2, 44, 1.97, 69),
(8218, 4, 44, 0.0194129, 69),
(8219, 3, 45, 4, 69),
(8220, 2, 45, 2.49, 69),
(8221, 4, 45, 0.0246212, 69),
(8222, 3, 46, 1, 69),
(8223, 2, 46, 0.78, 69),
(8224, 4, 46, 0.00804924, 69),
(8225, 3, 47, 1, 69),
(8226, 2, 47, 1.97, 69),
(8227, 4, 47, 0.0194129, 69),
(8228, 3, 48, 0, 69),
(8229, 2, 48, 1.97, 69),
(8230, 4, 48, 0.0194129, 69),
(8231, 3, 49, 1, 69),
(8232, 2, 49, 1.97, 69),
(8233, 4, 49, 0.0194129, 69),
(8234, 3, 50, 1, 69),
(8235, 2, 50, 2.49, 69),
(8236, 4, 50, 0.0246212, 69),
(8237, 3, 51, 2, 69),
(8238, 2, 51, 0.78, 69),
(8239, 4, 51, 0.00804924, 69),
(8240, 3, 52, 1, 69),
(8241, 2, 52, 1.97, 69),
(8242, 4, 52, 0.0194129, 69),
(8243, 3, 53, 3, 69),
(8244, 2, 53, 1.97, 69),
(8245, 4, 53, 0.0194129, 69),
(8246, 3, 54, 4, 69),
(8247, 2, 54, 1.97, 69),
(8248, 4, 54, 0.0194129, 69),
(8249, 3, 55, 3, 69),
(8250, 2, 55, 2.49, 69),
(8251, 4, 55, 0.0246212, 69),
(8252, 3, 56, 1, 69),
(8253, 2, 56, 0.78, 69),
(8254, 4, 56, 0.00804924, 69),
(8255, 3, 57, 3, 69),
(8256, 2, 57, 1.97, 69),
(8257, 4, 57, 0.0194129, 69),
(8258, 3, 58, 1, 69),
(8259, 2, 58, 1.97, 69),
(8260, 4, 58, 0.0194129, 69),
(8261, 3, 59, 1, 69),
(8262, 2, 59, 1.97, 69),
(8263, 4, 59, 0.0194129, 69),
(8264, 3, 60, 2, 69),
(8265, 2, 60, 2.49, 69),
(8266, 4, 60, 0.0246212, 69),
(8267, 3, 61, 2, 69),
(8268, 2, 61, 0.78, 69),
(8269, 4, 61, 0.00804924, 69),
(8270, 3, 62, 3, 69),
(8271, 2, 62, 1.97, 69),
(8272, 4, 62, 0.0194129, 69),
(8273, 3, 63, 2, 69),
(8274, 2, 63, 1.97, 69),
(8275, 4, 63, 0.0194129, 69),
(8276, 3, 64, 1, 69),
(8277, 2, 64, 1.97, 69),
(8278, 4, 64, 0.0194129, 69),
(8279, 3, 65, 2, 69),
(8280, 2, 65, 2.49, 69),
(8281, 4, 65, 0.0246212, 69),
(8282, 3, 66, 2, 69),
(8283, 2, 66, 0.78, 69),
(8284, 4, 66, 0.00804924, 69),
(8285, 3, 67, 2, 69),
(8286, 2, 67, 1.97, 69),
(8287, 4, 67, 0.0194129, 69),
(8288, 3, 68, 1, 69),
(8289, 2, 68, 1.97, 69),
(8290, 4, 68, 0.0194129, 69),
(8291, 3, 69, 3, 69),
(8292, 2, 69, 1.97, 69),
(8293, 4, 69, 0.0194129, 69),
(8294, 3, 70, 1, 69),
(8295, 2, 70, 2.49, 69),
(8296, 4, 70, 0.0246212, 69),
(8297, 3, 71, 1, 69),
(8298, 2, 71, 0.78, 69),
(8299, 4, 71, 0.00804924, 69),
(8300, 3, 72, 0, 69),
(8301, 2, 72, 1.97, 69),
(8302, 4, 72, 0.0194129, 69),
(8303, 3, 73, 2, 69),
(8304, 2, 73, 1.97, 69),
(8305, 4, 73, 0.0194129, 69),
(8306, 3, 74, 1, 69),
(8307, 2, 74, 1.97, 69),
(8308, 4, 74, 0.0194129, 69),
(8309, 3, 75, 3, 69),
(8310, 2, 75, 2.49, 69),
(8311, 4, 75, 0.0246212, 69),
(8312, 3, 21, 1, 70),
(8313, 2, 21, 0.78, 70),
(8314, 4, 21, 0.00804924, 70),
(8315, 3, 22, 4, 70),
(8316, 2, 22, 1.97, 70),
(8317, 4, 22, 0.0194129, 70),
(8318, 3, 23, 4, 70),
(8319, 2, 23, 1.97, 70),
(8320, 4, 23, 0.0194129, 70),
(8321, 3, 25, 2, 70),
(8322, 2, 25, 1.97, 70),
(8323, 4, 25, 0.0194129, 70),
(8324, 3, 24, 1, 70),
(8325, 2, 24, 2.49, 70),
(8326, 4, 24, 0.0246212, 70),
(8327, 3, 26, 1, 70),
(8328, 2, 26, 0.78, 70),
(8329, 4, 26, 0.00804924, 70),
(8330, 3, 27, 2, 70),
(8331, 2, 27, 1.97, 70),
(8332, 4, 27, 0.0194129, 70),
(8333, 3, 28, 3, 70),
(8334, 2, 28, 1.97, 70),
(8335, 4, 28, 0.0194129, 70),
(8336, 3, 29, 2, 70),
(8337, 2, 29, 1.97, 70),
(8338, 4, 29, 0.0194129, 70),
(8339, 3, 30, 2, 70),
(8340, 2, 30, 2.49, 70),
(8341, 4, 30, 0.0246212, 70),
(8342, 3, 31, 2, 70),
(8343, 2, 31, 0.78, 70),
(8344, 4, 31, 0.00804924, 70),
(8345, 3, 32, 3, 70),
(8346, 2, 32, 1.97, 70),
(8347, 4, 32, 0.0194129, 70),
(8348, 3, 33, 1, 70),
(8349, 2, 33, 1.97, 70),
(8350, 4, 33, 0.0194129, 70),
(8351, 3, 34, 4, 70),
(8352, 2, 34, 1.97, 70),
(8353, 4, 34, 0.0194129, 70),
(8354, 3, 35, 3, 70),
(8355, 2, 35, 2.49, 70),
(8356, 4, 35, 0.0246212, 70),
(8357, 3, 36, 1, 70),
(8358, 2, 36, 0.78, 70),
(8359, 4, 36, 0.00804924, 70),
(8360, 3, 37, 3, 70),
(8361, 2, 37, 1.97, 70),
(8362, 4, 37, 0.0194129, 70),
(8363, 3, 38, 2, 70),
(8364, 2, 38, 1.97, 70),
(8365, 4, 38, 0.0194129, 70),
(8366, 3, 39, 1, 70),
(8367, 2, 39, 1.97, 70),
(8368, 4, 39, 0.0194129, 70),
(8369, 3, 40, 1, 70),
(8370, 2, 40, 2.49, 70),
(8371, 4, 40, 0.0246212, 70),
(8372, 3, 41, 0, 70),
(8373, 2, 41, 0.78, 70),
(8374, 4, 41, 0.00804924, 70),
(8375, 3, 42, 3, 70),
(8376, 2, 42, 1.97, 70),
(8377, 4, 42, 0.0194129, 70),
(8378, 3, 43, 2, 70),
(8379, 2, 43, 1.97, 70),
(8380, 4, 43, 0.0194129, 70),
(8381, 3, 44, 2, 70),
(8382, 2, 44, 1.97, 70),
(8383, 4, 44, 0.0194129, 70),
(8384, 3, 45, 4, 70),
(8385, 2, 45, 2.49, 70),
(8386, 4, 45, 0.0246212, 70),
(8387, 3, 46, 1, 70),
(8388, 2, 46, 0.78, 70),
(8389, 4, 46, 0.00804924, 70),
(8390, 3, 47, 1, 70),
(8391, 2, 47, 1.97, 70),
(8392, 4, 47, 0.0194129, 70),
(8393, 3, 48, 0, 70),
(8394, 2, 48, 1.97, 70),
(8395, 4, 48, 0.0194129, 70),
(8396, 3, 49, 1, 70),
(8397, 2, 49, 1.97, 70),
(8398, 4, 49, 0.0194129, 70),
(8399, 3, 50, 1, 70),
(8400, 2, 50, 2.49, 70),
(8401, 4, 50, 0.0246212, 70),
(8402, 3, 51, 2, 70),
(8403, 2, 51, 0.78, 70),
(8404, 4, 51, 0.00804924, 70),
(8405, 3, 52, 1, 70),
(8406, 2, 52, 1.97, 70),
(8407, 4, 52, 0.0194129, 70),
(8408, 3, 53, 3, 70),
(8409, 2, 53, 1.97, 70),
(8410, 4, 53, 0.0194129, 70),
(8411, 3, 54, 3, 70),
(8412, 2, 54, 1.97, 70),
(8413, 4, 54, 0.0194129, 70),
(8414, 3, 55, 3, 70),
(8415, 2, 55, 2.49, 70),
(8416, 4, 55, 0.0246212, 70),
(8417, 3, 56, 1, 70),
(8418, 2, 56, 0.78, 70),
(8419, 4, 56, 0.00804924, 70),
(8420, 3, 57, 3, 70),
(8421, 2, 57, 1.97, 70),
(8422, 4, 57, 0.0194129, 70),
(8423, 3, 58, 1, 70),
(8424, 2, 58, 1.97, 70),
(8425, 4, 58, 0.0194129, 70),
(8426, 3, 59, 1, 70),
(8427, 2, 59, 1.97, 70),
(8428, 4, 59, 0.0194129, 70),
(8429, 3, 60, 2, 70),
(8430, 2, 60, 2.49, 70),
(8431, 4, 60, 0.0246212, 70),
(8432, 3, 61, 2, 70),
(8433, 2, 61, 0.78, 70),
(8434, 4, 61, 0.00804924, 70),
(8435, 3, 62, 3, 70),
(8436, 2, 62, 1.97, 70),
(8437, 4, 62, 0.0194129, 70),
(8438, 3, 63, 2, 70),
(8439, 2, 63, 1.97, 70),
(8440, 4, 63, 0.0194129, 70),
(8441, 3, 64, 1, 70),
(8442, 2, 64, 1.97, 70),
(8443, 4, 64, 0.0194129, 70),
(8444, 3, 65, 2, 70),
(8445, 2, 65, 2.49, 70),
(8446, 4, 65, 0.0246212, 70),
(8447, 3, 66, 2, 70),
(8448, 2, 66, 0.78, 70),
(8449, 4, 66, 0.00804924, 70),
(8450, 3, 67, 2, 70),
(8451, 2, 67, 1.97, 70),
(8452, 4, 67, 0.0194129, 70),
(8453, 3, 68, 1, 70),
(8454, 2, 68, 1.97, 70),
(8455, 4, 68, 0.0194129, 70),
(8456, 3, 69, 3, 70),
(8457, 2, 69, 1.97, 70),
(8458, 4, 69, 0.0194129, 70),
(8459, 3, 70, 1, 70),
(8460, 2, 70, 2.49, 70),
(8461, 4, 70, 0.0246212, 70),
(8462, 3, 71, 1, 70),
(8463, 2, 71, 0.78, 70),
(8464, 4, 71, 0.00804924, 70),
(8465, 3, 72, 0, 70),
(8466, 2, 72, 1.97, 70),
(8467, 4, 72, 0.0194129, 70),
(8468, 3, 73, 2, 70),
(8469, 2, 73, 1.97, 70),
(8470, 4, 73, 0.0194129, 70),
(8471, 3, 74, 1, 70),
(8472, 2, 74, 1.97, 70),
(8473, 4, 74, 0.0194129, 70),
(8474, 3, 75, 3, 70),
(8475, 2, 75, 2.49, 70),
(8476, 4, 75, 0.0246212, 70),
(8477, 4, 21, 0.00804924, 86),
(8478, 4, 22, 0.0194129, 86),
(8479, 4, 23, 0.0194129, 86),
(8480, 4, 25, 0.0194129, 86),
(8481, 4, 24, 0.0246212, 86),
(8482, 4, 26, 0.00804924, 86),
(8483, 4, 27, 0.0194129, 86),
(8484, 4, 28, 0.0194129, 86),
(8485, 4, 29, 0.0194129, 86),
(8486, 4, 30, 0.0246212, 86),
(8487, 4, 31, 0.00804924, 86),
(8488, 4, 32, 0.0194129, 86),
(8489, 4, 33, 0.0194129, 86),
(8490, 4, 34, 0.0194129, 86),
(8491, 4, 35, 0.0246212, 86),
(8492, 4, 36, 0.00804924, 86),
(8493, 4, 37, 0.0194129, 86),
(8494, 4, 38, 0.0194129, 86),
(8495, 4, 39, 0.0194129, 86),
(8496, 4, 40, 0.0246212, 86),
(8497, 4, 41, 0.00804924, 86),
(8498, 4, 42, 0.0194129, 86);
INSERT INTO `coefficient_values` (`id`, `id_coefficient`, `id_apartment`, `value`, `id_upkeep`) VALUES
(8499, 4, 43, 0.0194129, 86),
(8500, 4, 44, 0.0194129, 86),
(8501, 4, 45, 0.0246212, 86),
(8502, 4, 46, 0.00804924, 86),
(8503, 4, 47, 0.0194129, 86),
(8504, 4, 48, 0.0194129, 86),
(8505, 4, 49, 0.0194129, 86),
(8506, 4, 50, 0.0246212, 86),
(8507, 4, 51, 0.00804924, 86),
(8508, 4, 52, 0.0194129, 86),
(8509, 4, 53, 0.0194129, 86),
(8510, 4, 54, 0.0194129, 86),
(8511, 4, 55, 0.0246212, 86),
(8512, 4, 56, 0.00804924, 86),
(8513, 4, 57, 0.0194129, 86),
(8514, 4, 58, 0.0194129, 86),
(8515, 4, 59, 0.0194129, 86),
(8516, 4, 60, 0.0246212, 86),
(8517, 4, 61, 0.00804924, 86),
(8518, 4, 62, 0.0194129, 86),
(8519, 4, 63, 0.0194129, 86),
(8520, 4, 64, 0.0194129, 86),
(8521, 4, 65, 0.0246212, 86),
(8522, 4, 66, 0.00804924, 86),
(8523, 4, 67, 0.0194129, 86),
(8524, 4, 68, 0.0194129, 86),
(8525, 4, 69, 0.0194129, 86),
(8526, 4, 70, 0.0246212, 86),
(8527, 4, 71, 0.00804924, 86),
(8528, 4, 72, 0.0194129, 86),
(8529, 4, 73, 0.0194129, 86),
(8530, 4, 74, 0.0194129, 86),
(8531, 4, 75, 0.0246212, 86),
(8532, 2, 120, 6.26, 89),
(8533, 3, 120, 0, 89),
(8534, 2, 121, 6.26, 89),
(8535, 3, 121, 0, 89),
(8536, 2, 122, 6.26, 89),
(8537, 3, 122, 0, 89),
(8538, 2, 123, 6.26, 89),
(8539, 3, 123, 0, 89),
(8540, 2, 124, 8.73, 89),
(8541, 3, 124, 0, 89),
(8542, 2, 125, 6.26, 89),
(8543, 3, 125, 0, 89),
(8544, 2, 126, 6.26, 89),
(8545, 3, 126, 0, 89),
(8546, 2, 127, 6.26, 89),
(8547, 3, 127, 0, 89),
(8548, 2, 128, 8.73, 89),
(8549, 3, 128, 0, 89),
(8550, 2, 129, 6.26, 89),
(8551, 3, 129, 0, 89),
(8552, 2, 130, 6.26, 89),
(8553, 3, 130, 0, 89),
(8554, 2, 131, 6.26, 89),
(8555, 3, 131, 0, 89),
(8556, 2, 132, 8.73, 89),
(8557, 3, 132, 0, 89),
(8558, 2, 133, 6.26, 89),
(8559, 3, 133, 0, 89),
(8560, 2, 134, 6.26, 89),
(8561, 3, 134, 0, 89),
(8562, 2, 135, 6.26, 89),
(8563, 3, 135, 0, 89),
(8564, 2, 136, 8.73, 89),
(8565, 3, 136, 0, 89),
(8566, 2, 137, 6.26, 89),
(8567, 3, 137, 0, 89),
(8568, 2, 138, 6.26, 89),
(8569, 3, 138, 0, 89),
(8570, 2, 139, 6.26, 89),
(8571, 3, 139, 0, 89),
(8572, 2, 140, 8.73, 89),
(8573, 3, 140, 0, 89),
(8574, 2, 141, 6.26, 89),
(8575, 3, 141, 0, 89),
(8576, 2, 142, 6.26, 89),
(8577, 3, 142, 0, 89),
(8578, 2, 143, 6.26, 89),
(8579, 3, 143, 0, 89),
(8580, 2, 144, 8.73, 89),
(8581, 3, 144, 0, 89),
(8582, 2, 145, 6.26, 89),
(8583, 3, 145, 0, 89),
(8584, 2, 146, 6.26, 89),
(8585, 3, 146, 0, 89),
(8586, 2, 147, 6.26, 89),
(8587, 3, 147, 0, 89),
(8588, 2, 148, 8.73, 89),
(8589, 3, 148, 0, 89),
(8590, 2, 149, 6.26, 89),
(8591, 3, 149, 0, 89),
(8592, 2, 150, 6.26, 89),
(8593, 3, 150, 0, 89),
(8594, 2, 151, 6.26, 89),
(8595, 3, 151, 0, 89),
(8596, 2, 152, 8.73, 89),
(8597, 3, 152, 0, 89),
(8598, 2, 153, 6.26, 89),
(8599, 3, 153, 0, 89),
(8600, 2, 154, 6.26, 89),
(8601, 3, 154, 0, 89),
(8602, 2, 155, 6.26, 89),
(8603, 3, 155, 0, 89),
(8604, 2, 156, 8.73, 89),
(8605, 3, 156, 0, 89),
(8606, 2, 157, 6.26, 89),
(8607, 3, 157, 0, 89),
(8608, 2, 158, 6.26, 89),
(8609, 3, 158, 0, 89),
(8610, 2, 159, 6.26, 89),
(8611, 3, 159, 0, 89),
(8612, 2, 160, 6.26, 89),
(8613, 3, 160, 0, 89),
(8614, 2, 161, 6.26, 89),
(8615, 3, 161, 0, 89),
(8616, 2, 162, 6.26, 89),
(8617, 3, 162, 0, 89),
(8618, 2, 163, 6.26, 89),
(8619, 3, 163, 0, 89),
(8620, 2, 120, 6.26, 88),
(8621, 3, 120, 1, 88),
(8622, 2, 121, 6.26, 88),
(8623, 3, 121, 0, 88),
(8624, 2, 122, 6.26, 88),
(8625, 3, 122, 2, 88),
(8626, 2, 123, 6.26, 88),
(8627, 3, 123, 1, 88),
(8628, 2, 124, 8.73, 88),
(8629, 3, 124, 2, 88),
(8630, 2, 125, 6.26, 88),
(8631, 3, 125, 2, 88),
(8632, 2, 126, 6.26, 88),
(8633, 3, 126, 1, 88),
(8634, 2, 127, 6.26, 88),
(8635, 3, 127, 3, 88),
(8636, 2, 128, 8.73, 88),
(8637, 3, 128, 2, 88),
(8638, 2, 129, 6.26, 88),
(8639, 3, 129, 4, 88),
(8640, 2, 130, 6.26, 88),
(8641, 3, 130, 2, 88),
(8642, 2, 131, 6.26, 88),
(8643, 3, 131, 2, 88),
(8644, 2, 132, 8.73, 88),
(8645, 3, 132, 1, 88),
(8646, 2, 133, 6.26, 88),
(8647, 3, 133, 2, 88),
(8648, 2, 134, 6.26, 88),
(8649, 3, 134, 3, 88),
(8650, 2, 135, 6.26, 88),
(8651, 3, 135, 1, 88),
(8652, 2, 136, 8.73, 88),
(8653, 3, 136, 1, 88),
(8654, 2, 137, 6.26, 88),
(8655, 3, 137, 4, 88),
(8656, 2, 138, 6.26, 88),
(8657, 3, 138, 1, 88),
(8658, 2, 139, 6.26, 88),
(8659, 3, 139, 2, 88),
(8660, 2, 140, 8.73, 88),
(8661, 3, 140, 3, 88),
(8662, 2, 141, 6.26, 88),
(8663, 3, 141, 1, 88),
(8664, 2, 142, 6.26, 88),
(8665, 3, 142, 3, 88),
(8666, 2, 143, 6.26, 88),
(8667, 3, 143, 3, 88),
(8668, 2, 144, 8.73, 88),
(8669, 3, 144, 3, 88),
(8670, 2, 145, 6.26, 88),
(8671, 3, 145, 2, 88),
(8672, 2, 146, 6.26, 88),
(8673, 3, 146, 2, 88),
(8674, 2, 147, 6.26, 88),
(8675, 3, 147, 2, 88),
(8676, 2, 148, 8.73, 88),
(8677, 3, 148, 2, 88),
(8678, 2, 149, 6.26, 88),
(8679, 3, 149, 2, 88),
(8680, 2, 150, 6.26, 88),
(8681, 3, 150, 1, 88),
(8682, 2, 151, 6.26, 88),
(8683, 3, 151, 2, 88),
(8684, 2, 152, 8.73, 88),
(8685, 3, 152, 1, 88),
(8686, 2, 153, 6.26, 88),
(8687, 3, 153, 2, 88),
(8688, 2, 154, 6.26, 88),
(8689, 3, 154, 2, 88),
(8690, 2, 155, 6.26, 88),
(8691, 3, 155, 2, 88),
(8692, 2, 156, 8.73, 88),
(8693, 3, 156, 3, 88),
(8694, 2, 157, 6.26, 88),
(8695, 3, 157, 4, 88),
(8696, 2, 158, 6.26, 88),
(8697, 3, 158, 3, 88),
(8698, 2, 159, 6.26, 88),
(8699, 3, 159, 3, 88),
(8700, 2, 160, 8.73, 88),
(8701, 3, 160, 2, 88),
(8702, 2, 161, 6.26, 88),
(8703, 3, 161, 2, 88),
(8704, 2, 162, 6.26, 88),
(8705, 3, 162, 1, 88),
(8706, 2, 163, 6.26, 88),
(8707, 3, 163, 1, 88),
(8708, 2, 120, 6.26, 90),
(8709, 3, 120, 1, 90),
(8710, 2, 121, 6.26, 90),
(8711, 3, 121, 0, 90),
(8712, 2, 122, 6.26, 90),
(8713, 3, 122, 2, 90),
(8714, 2, 123, 6.26, 90),
(8715, 3, 123, 1, 90),
(8716, 2, 124, 8.73, 90),
(8717, 3, 124, 2, 90),
(8718, 2, 125, 6.26, 90),
(8719, 3, 125, 2, 90),
(8720, 2, 126, 6.26, 90),
(8721, 3, 126, 1, 90),
(8722, 2, 127, 6.26, 90),
(8723, 3, 127, 4, 90),
(8724, 2, 128, 8.73, 90),
(8725, 3, 128, 2, 90),
(8726, 2, 129, 6.26, 90),
(8727, 3, 129, 4, 90),
(8728, 2, 130, 6.26, 90),
(8729, 3, 130, 2, 90),
(8730, 2, 131, 6.26, 90),
(8731, 3, 131, 2, 90),
(8732, 2, 132, 8.73, 90),
(8733, 3, 132, 1, 90),
(8734, 2, 133, 6.26, 90),
(8735, 3, 133, 2, 90),
(8736, 2, 134, 6.26, 90),
(8737, 3, 134, 3, 90),
(8738, 2, 135, 6.26, 90),
(8739, 3, 135, 1, 90),
(8740, 2, 136, 8.73, 90),
(8741, 3, 136, 1, 90),
(8742, 2, 137, 6.26, 90),
(8743, 3, 137, 4, 90),
(8744, 2, 138, 6.26, 90),
(8745, 3, 138, 1, 90),
(8746, 2, 139, 6.26, 90),
(8747, 3, 139, 2, 90),
(8748, 2, 140, 8.73, 90),
(8749, 3, 140, 3, 90),
(8750, 2, 141, 6.26, 90),
(8751, 3, 141, 1, 90),
(8752, 2, 142, 6.26, 90),
(8753, 3, 142, 3, 90),
(8754, 2, 143, 6.26, 90),
(8755, 3, 143, 3, 90),
(8756, 2, 144, 8.73, 90),
(8757, 3, 144, 3, 90),
(8758, 2, 145, 6.26, 90),
(8759, 3, 145, 2, 90),
(8760, 2, 146, 6.26, 90),
(8761, 3, 146, 2, 90),
(8762, 2, 147, 6.26, 90),
(8763, 3, 147, 2, 90),
(8764, 2, 148, 8.73, 90),
(8765, 3, 148, 2, 90),
(8766, 2, 149, 6.26, 90),
(8767, 3, 149, 2, 90),
(8768, 2, 150, 6.26, 90),
(8769, 3, 150, 1, 90),
(8770, 2, 151, 6.26, 90),
(8771, 3, 151, 2, 90),
(8772, 2, 152, 8.73, 90),
(8773, 3, 152, 1, 90),
(8774, 2, 153, 6.26, 90),
(8775, 3, 153, 2, 90),
(8776, 2, 154, 6.26, 90),
(8777, 3, 154, 0, 90),
(8778, 2, 155, 6.26, 90),
(8779, 3, 155, 2, 90),
(8780, 2, 156, 8.73, 90),
(8781, 3, 156, 3, 90),
(8782, 2, 157, 6.26, 90),
(8783, 3, 157, 4, 90),
(8784, 2, 158, 6.26, 90),
(8785, 3, 158, 3, 90),
(8786, 2, 159, 6.26, 90),
(8787, 3, 159, 3, 90),
(8788, 2, 160, 8.73, 90),
(8789, 3, 160, 2, 90),
(8790, 2, 161, 6.26, 90),
(8791, 3, 161, 2, 90),
(8792, 2, 162, 6.26, 90),
(8793, 3, 162, 1, 90),
(8794, 2, 163, 6.26, 90),
(8795, 3, 163, 1, 90),
(8796, 2, 120, 6.26, 91),
(8797, 3, 120, 1, 91),
(8798, 2, 121, 6.26, 91),
(8799, 3, 121, 0, 91),
(8800, 2, 122, 6.26, 91),
(8801, 3, 122, 2, 91),
(8802, 2, 123, 6.26, 91),
(8803, 3, 123, 1, 91),
(8804, 2, 124, 8.73, 91),
(8805, 3, 124, 2, 91),
(8806, 2, 125, 6.26, 91),
(8807, 3, 125, 2, 91),
(8808, 2, 126, 6.26, 91),
(8809, 3, 126, 1, 91),
(8810, 2, 127, 6.26, 91),
(8811, 3, 127, 4, 91),
(8812, 2, 128, 8.73, 91),
(8813, 3, 128, 2, 91),
(8814, 2, 129, 6.26, 91),
(8815, 3, 129, 4, 91),
(8816, 2, 130, 6.26, 91),
(8817, 3, 130, 2, 91),
(8818, 2, 131, 6.26, 91),
(8819, 3, 131, 2, 91),
(8820, 2, 132, 8.73, 91),
(8821, 3, 132, 1, 91),
(8822, 2, 133, 6.26, 91),
(8823, 3, 133, 2, 91),
(8824, 2, 134, 6.26, 91),
(8825, 3, 134, 3, 91),
(8826, 2, 135, 6.26, 91),
(8827, 3, 135, 1, 91),
(8828, 2, 136, 8.73, 91),
(8829, 3, 136, 1, 91),
(8830, 2, 137, 6.26, 91),
(8831, 3, 137, 4, 91),
(8832, 2, 138, 6.26, 91),
(8833, 3, 138, 1, 91),
(8834, 2, 139, 6.26, 91),
(8835, 3, 139, 2, 91),
(8836, 2, 140, 8.73, 91),
(8837, 3, 140, 3, 91),
(8838, 2, 141, 6.26, 91),
(8839, 3, 141, 1, 91),
(8840, 2, 142, 6.26, 91),
(8841, 3, 142, 3, 91),
(8842, 2, 143, 6.26, 91),
(8843, 3, 143, 3, 91),
(8844, 2, 144, 8.73, 91),
(8845, 3, 144, 3, 91),
(8846, 2, 145, 6.26, 91),
(8847, 3, 145, 2, 91),
(8848, 2, 146, 6.26, 91),
(8849, 3, 146, 2, 91),
(8850, 2, 147, 6.26, 91),
(8851, 3, 147, 2, 91),
(8852, 2, 148, 8.73, 91),
(8853, 3, 148, 2, 91),
(8854, 2, 149, 6.26, 91),
(8855, 3, 149, 2, 91),
(8856, 2, 150, 6.26, 91),
(8857, 3, 150, 1, 91),
(8858, 2, 151, 6.26, 91),
(8859, 3, 151, 2, 91),
(8860, 2, 152, 8.73, 91),
(8861, 3, 152, 1, 91),
(8862, 2, 153, 6.26, 91),
(8863, 3, 153, 2, 91),
(8864, 2, 154, 6.26, 91),
(8865, 3, 154, 0, 91),
(8866, 2, 155, 6.26, 91),
(8867, 3, 155, 2, 91),
(8868, 2, 156, 8.73, 91),
(8869, 3, 156, 3, 91),
(8870, 2, 157, 6.26, 91),
(8871, 3, 157, 5, 91),
(8872, 2, 158, 6.26, 91),
(8873, 3, 158, 3, 91),
(8874, 2, 159, 6.26, 91),
(8875, 3, 159, 3, 91),
(8876, 2, 160, 8.73, 91),
(8877, 3, 160, 2, 91),
(8878, 2, 161, 6.26, 91),
(8879, 3, 161, 2, 91),
(8880, 2, 162, 6.26, 91),
(8881, 3, 162, 1, 91),
(8882, 2, 163, 6.26, 91),
(8883, 3, 163, 1, 91),
(8884, 2, 120, 6.26, 92),
(8885, 3, 120, 1, 92),
(8886, 2, 121, 6.26, 92),
(8887, 3, 121, 0, 92),
(8888, 2, 122, 6.26, 92),
(8889, 3, 122, 2, 92),
(8890, 2, 123, 6.26, 92),
(8891, 3, 123, 1, 92),
(8892, 2, 124, 8.73, 92),
(8893, 3, 124, 2, 92),
(8894, 2, 125, 6.26, 92),
(8895, 3, 125, 2, 92),
(8896, 2, 126, 6.26, 92),
(8897, 3, 126, 1, 92),
(8898, 2, 127, 6.26, 92),
(8899, 3, 127, 4, 92),
(8900, 2, 128, 8.73, 92),
(8901, 3, 128, 2, 92),
(8902, 2, 129, 6.26, 92),
(8903, 3, 129, 4, 92),
(8904, 2, 130, 6.26, 92),
(8905, 3, 130, 2, 92),
(8906, 2, 131, 6.26, 92),
(8907, 3, 131, 2, 92),
(8908, 2, 132, 8.73, 92),
(8909, 3, 132, 1, 92),
(8910, 2, 133, 6.26, 92),
(8911, 3, 133, 2, 92),
(8912, 2, 134, 6.26, 92),
(8913, 3, 134, 3, 92),
(8914, 2, 135, 6.26, 92),
(8915, 3, 135, 1, 92),
(8916, 2, 136, 8.73, 92),
(8917, 3, 136, 1, 92),
(8918, 2, 137, 6.26, 92),
(8919, 3, 137, 4, 92),
(8920, 2, 138, 6.26, 92),
(8921, 3, 138, 1, 92),
(8922, 2, 139, 6.26, 92),
(8923, 3, 139, 2, 92),
(8924, 2, 140, 8.73, 92),
(8925, 3, 140, 3, 92),
(8926, 2, 141, 6.26, 92),
(8927, 3, 141, 1, 92),
(8928, 2, 142, 6.26, 92),
(8929, 3, 142, 3, 92);
INSERT INTO `coefficient_values` (`id`, `id_coefficient`, `id_apartment`, `value`, `id_upkeep`) VALUES
(8930, 2, 143, 6.26, 92),
(8931, 3, 143, 3, 92),
(8932, 2, 144, 8.73, 92),
(8933, 3, 144, 3, 92),
(8934, 2, 145, 6.26, 92),
(8935, 3, 145, 2, 92),
(8936, 2, 146, 6.26, 92),
(8937, 3, 146, 2, 92),
(8938, 2, 147, 6.26, 92),
(8939, 3, 147, 2, 92),
(8940, 2, 148, 8.73, 92),
(8941, 3, 148, 2, 92),
(8942, 2, 149, 6.26, 92),
(8943, 3, 149, 2, 92),
(8944, 2, 150, 6.26, 92),
(8945, 3, 150, 1, 92),
(8946, 2, 151, 6.26, 92),
(8947, 3, 151, 2, 92),
(8948, 2, 152, 8.73, 92),
(8949, 3, 152, 1, 92),
(8950, 2, 153, 6.26, 92),
(8951, 3, 153, 2, 92),
(8952, 2, 154, 6.26, 92),
(8953, 3, 154, 0, 92),
(8954, 2, 155, 6.26, 92),
(8955, 3, 155, 2, 92),
(8956, 2, 156, 8.73, 92),
(8957, 3, 156, 3, 92),
(8958, 2, 157, 6.26, 92),
(8959, 3, 157, 5, 92),
(8960, 2, 158, 6.26, 92),
(8961, 3, 158, 3, 92),
(8962, 2, 159, 6.26, 92),
(8963, 3, 159, 3, 92),
(8964, 2, 160, 8.73, 92),
(8965, 3, 160, 2, 92),
(8966, 2, 161, 6.26, 92),
(8967, 3, 161, 2, 92),
(8968, 2, 162, 6.26, 92),
(8969, 3, 162, 1, 92),
(8970, 2, 163, 6.26, 92),
(8971, 3, 163, 1, 92),
(8972, 2, 120, 6.26, 93),
(8973, 3, 120, 1, 93),
(8974, 2, 121, 6.26, 93),
(8975, 3, 121, 0, 93),
(8976, 2, 122, 6.26, 93),
(8977, 3, 122, 2, 93),
(8978, 2, 123, 6.26, 93),
(8979, 3, 123, 1, 93),
(8980, 2, 124, 8.73, 93),
(8981, 3, 124, 2, 93),
(8982, 2, 125, 6.26, 93),
(8983, 3, 125, 0, 93),
(8984, 2, 126, 6.26, 93),
(8985, 3, 126, 1, 93),
(8986, 2, 127, 6.26, 93),
(8987, 3, 127, 4, 93),
(8988, 2, 128, 8.73, 93),
(8989, 3, 128, 2, 93),
(8990, 2, 129, 6.26, 93),
(8991, 3, 129, 4, 93),
(8992, 2, 130, 6.26, 93),
(8993, 3, 130, 2, 93),
(8994, 2, 131, 6.26, 93),
(8995, 3, 131, 2, 93),
(8996, 2, 132, 8.73, 93),
(8997, 3, 132, 1, 93),
(8998, 2, 133, 6.26, 93),
(8999, 3, 133, 2, 93),
(9000, 2, 134, 6.26, 93),
(9001, 3, 134, 3, 93),
(9002, 2, 135, 6.26, 93),
(9003, 3, 135, 1, 93),
(9004, 2, 136, 8.73, 93),
(9005, 3, 136, 1, 93),
(9006, 2, 137, 6.26, 93),
(9007, 3, 137, 4, 93),
(9008, 2, 138, 6.26, 93),
(9009, 3, 138, 1, 93),
(9010, 2, 139, 6.26, 93),
(9011, 3, 139, 2, 93),
(9012, 2, 140, 8.73, 93),
(9013, 3, 140, 3, 93),
(9014, 2, 141, 6.26, 93),
(9015, 3, 141, 1, 93),
(9016, 2, 142, 6.26, 93),
(9017, 3, 142, 3, 93),
(9018, 2, 143, 6.26, 93),
(9019, 3, 143, 3, 93),
(9020, 2, 144, 8.73, 93),
(9021, 3, 144, 3, 93),
(9022, 2, 145, 6.26, 93),
(9023, 3, 145, 2, 93),
(9024, 2, 146, 6.26, 93),
(9025, 3, 146, 2, 93),
(9026, 2, 147, 6.26, 93),
(9027, 3, 147, 2, 93),
(9028, 2, 148, 8.73, 93),
(9029, 3, 148, 2, 93),
(9030, 2, 149, 6.26, 93),
(9031, 3, 149, 2, 93),
(9032, 2, 150, 6.26, 93),
(9033, 3, 150, 1, 93),
(9034, 2, 151, 6.26, 93),
(9035, 3, 151, 2, 93),
(9036, 2, 152, 8.73, 93),
(9037, 3, 152, 1, 93),
(9038, 2, 153, 6.26, 93),
(9039, 3, 153, 2, 93),
(9040, 2, 154, 6.26, 93),
(9041, 3, 154, 0, 93),
(9042, 2, 155, 6.26, 93),
(9043, 3, 155, 2, 93),
(9044, 2, 156, 8.73, 93),
(9045, 3, 156, 3, 93),
(9046, 2, 157, 6.26, 93),
(9047, 3, 157, 5, 93),
(9048, 2, 158, 6.26, 93),
(9049, 3, 158, 3, 93),
(9050, 2, 159, 6.26, 93),
(9051, 3, 159, 3, 93),
(9052, 2, 160, 8.73, 93),
(9053, 3, 160, 2, 93),
(9054, 2, 161, 6.26, 93),
(9055, 3, 161, 2, 93),
(9056, 2, 162, 6.26, 93),
(9057, 3, 162, 1, 93),
(9058, 2, 163, 6.26, 93),
(9059, 3, 163, 1, 93),
(9060, 2, 120, 6.26, 94),
(9061, 3, 120, 1, 94),
(9062, 2, 121, 6.26, 94),
(9063, 3, 121, 0, 94),
(9064, 2, 122, 6.26, 94),
(9065, 3, 122, 2, 94),
(9066, 2, 123, 6.26, 94),
(9067, 3, 123, 1, 94),
(9068, 2, 124, 8.73, 94),
(9069, 3, 124, 2, 94),
(9070, 2, 125, 6.26, 94),
(9071, 3, 125, 0, 94),
(9072, 2, 126, 6.26, 94),
(9073, 3, 126, 1, 94),
(9074, 2, 127, 6.26, 94),
(9075, 3, 127, 4, 94),
(9076, 2, 128, 8.73, 94),
(9077, 3, 128, 2, 94),
(9078, 2, 129, 6.26, 94),
(9079, 3, 129, 4, 94),
(9080, 2, 130, 6.26, 94),
(9081, 3, 130, 2, 94),
(9082, 2, 131, 6.26, 94),
(9083, 3, 131, 2, 94),
(9084, 2, 132, 8.73, 94),
(9085, 3, 132, 1, 94),
(9086, 2, 133, 6.26, 94),
(9087, 3, 133, 2, 94),
(9088, 2, 134, 6.26, 94),
(9089, 3, 134, 3, 94),
(9090, 2, 135, 6.26, 94),
(9091, 3, 135, 1, 94),
(9092, 2, 136, 8.73, 94),
(9093, 3, 136, 1, 94),
(9094, 2, 137, 6.26, 94),
(9095, 3, 137, 0, 94),
(9096, 2, 138, 6.26, 94),
(9097, 3, 138, 1, 94),
(9098, 2, 139, 6.26, 94),
(9099, 3, 139, 2, 94),
(9100, 2, 140, 8.73, 94),
(9101, 3, 140, 3, 94),
(9102, 2, 141, 6.26, 94),
(9103, 3, 141, 1, 94),
(9104, 2, 142, 6.26, 94),
(9105, 3, 142, 3, 94),
(9106, 2, 143, 6.26, 94),
(9107, 3, 143, 3, 94),
(9108, 2, 144, 8.73, 94),
(9109, 3, 144, 3, 94),
(9110, 2, 145, 6.26, 94),
(9111, 3, 145, 2, 94),
(9112, 2, 146, 6.26, 94),
(9113, 3, 146, 2, 94),
(9114, 2, 147, 6.26, 94),
(9115, 3, 147, 2, 94),
(9116, 2, 148, 8.73, 94),
(9117, 3, 148, 2, 94),
(9118, 2, 149, 6.26, 94),
(9119, 3, 149, 2, 94),
(9120, 2, 150, 6.26, 94),
(9121, 3, 150, 1, 94),
(9122, 2, 151, 6.26, 94),
(9123, 3, 151, 2, 94),
(9124, 2, 152, 8.73, 94),
(9125, 3, 152, 1, 94),
(9126, 2, 153, 6.26, 94),
(9127, 3, 153, 2, 94),
(9128, 2, 154, 6.26, 94),
(9129, 3, 154, 4, 94),
(9130, 2, 155, 6.26, 94),
(9131, 3, 155, 2, 94),
(9132, 2, 156, 8.73, 94),
(9133, 3, 156, 3, 94),
(9134, 2, 157, 6.26, 94),
(9135, 3, 157, 5, 94),
(9136, 2, 158, 6.26, 94),
(9137, 3, 158, 3, 94),
(9138, 2, 159, 6.26, 94),
(9139, 3, 159, 3, 94),
(9140, 2, 160, 8.73, 94),
(9141, 3, 160, 2, 94),
(9142, 2, 161, 6.26, 94),
(9143, 3, 161, 2, 94),
(9144, 2, 162, 6.26, 94),
(9145, 3, 162, 1, 94),
(9146, 2, 163, 6.26, 94),
(9147, 3, 163, 1, 94),
(9148, 2, 120, 6.26, 95),
(9149, 3, 120, 1, 95),
(9150, 2, 121, 6.26, 95),
(9151, 3, 121, 0, 95),
(9152, 2, 122, 6.26, 95),
(9153, 3, 122, 2, 95),
(9154, 2, 123, 6.26, 95),
(9155, 3, 123, 1, 95),
(9156, 2, 124, 8.73, 95),
(9157, 3, 124, 2, 95),
(9158, 2, 125, 6.26, 95),
(9159, 3, 125, 0, 95),
(9160, 2, 126, 6.26, 95),
(9161, 3, 126, 1, 95),
(9162, 2, 127, 6.26, 95),
(9163, 3, 127, 4, 95),
(9164, 2, 128, 8.73, 95),
(9165, 3, 128, 2, 95),
(9166, 2, 129, 6.26, 95),
(9167, 3, 129, 4, 95),
(9168, 2, 130, 6.26, 95),
(9169, 3, 130, 2, 95),
(9170, 2, 131, 6.26, 95),
(9171, 3, 131, 2, 95),
(9172, 2, 132, 8.73, 95),
(9173, 3, 132, 1, 95),
(9174, 2, 133, 6.26, 95),
(9175, 3, 133, 2, 95),
(9176, 2, 134, 6.26, 95),
(9177, 3, 134, 3, 95),
(9178, 2, 135, 6.26, 95),
(9179, 3, 135, 1, 95),
(9180, 2, 136, 8.73, 95),
(9181, 3, 136, 1, 95),
(9182, 2, 137, 6.26, 95),
(9183, 3, 137, 0, 95),
(9184, 2, 138, 6.26, 95),
(9185, 3, 138, 1, 95),
(9186, 2, 139, 6.26, 95),
(9187, 3, 139, 2, 95),
(9188, 2, 140, 8.73, 95),
(9189, 3, 140, 3, 95),
(9190, 2, 141, 6.26, 95),
(9191, 3, 141, 1, 95),
(9192, 2, 142, 6.26, 95),
(9193, 3, 142, 3, 95),
(9194, 2, 143, 6.26, 95),
(9195, 3, 143, 3, 95),
(9196, 2, 144, 8.73, 95),
(9197, 3, 144, 3, 95),
(9198, 2, 145, 6.26, 95),
(9199, 3, 145, 2, 95),
(9200, 2, 146, 6.26, 95),
(9201, 3, 146, 2, 95),
(9202, 2, 147, 6.26, 95),
(9203, 3, 147, 2, 95),
(9204, 2, 148, 8.73, 95),
(9205, 3, 148, 2, 95),
(9206, 2, 149, 6.26, 95),
(9207, 3, 149, 2, 95),
(9208, 2, 150, 6.26, 95),
(9209, 3, 150, 1, 95),
(9210, 2, 151, 6.26, 95),
(9211, 3, 151, 2, 95),
(9212, 2, 152, 8.73, 95),
(9213, 3, 152, 1, 95),
(9214, 2, 153, 6.26, 95),
(9215, 3, 153, 2, 95),
(9216, 2, 154, 6.26, 95),
(9217, 3, 154, 5, 95),
(9218, 2, 155, 6.26, 95),
(9219, 3, 155, 2, 95),
(9220, 2, 156, 8.73, 95),
(9221, 3, 156, 3, 95),
(9222, 2, 157, 6.26, 95),
(9223, 3, 157, 5, 95),
(9224, 2, 158, 6.26, 95),
(9225, 3, 158, 3, 95),
(9226, 2, 159, 6.26, 95),
(9227, 3, 159, 3, 95),
(9228, 2, 160, 8.73, 95),
(9229, 3, 160, 2, 95),
(9230, 2, 161, 6.26, 95),
(9231, 3, 161, 2, 95),
(9232, 2, 162, 6.26, 95),
(9233, 3, 162, 1, 95),
(9234, 2, 163, 6.26, 95),
(9235, 3, 163, 1, 95),
(9236, 2, 120, 6.26, 96),
(9237, 3, 120, 1, 96),
(9238, 2, 121, 6.26, 96),
(9239, 3, 121, 0, 96),
(9240, 2, 122, 6.26, 96),
(9241, 3, 122, 2, 96),
(9242, 2, 123, 6.26, 96),
(9243, 3, 123, 1, 96),
(9244, 2, 124, 8.73, 96),
(9245, 3, 124, 2, 96),
(9246, 2, 125, 6.26, 96),
(9247, 3, 125, 0, 96),
(9248, 2, 126, 6.26, 96),
(9249, 3, 126, 1, 96),
(9250, 2, 127, 6.26, 96),
(9251, 3, 127, 4, 96),
(9252, 2, 128, 8.73, 96),
(9253, 3, 128, 2, 96),
(9254, 2, 129, 6.26, 96),
(9255, 3, 129, 4, 96),
(9256, 2, 130, 6.26, 96),
(9257, 3, 130, 2, 96),
(9258, 2, 131, 6.26, 96),
(9259, 3, 131, 2, 96),
(9260, 2, 132, 8.73, 96),
(9261, 3, 132, 1, 96),
(9262, 2, 133, 6.26, 96),
(9263, 3, 133, 2, 96),
(9264, 2, 134, 6.26, 96),
(9265, 3, 134, 3, 96),
(9266, 2, 135, 6.26, 96),
(9267, 3, 135, 1, 96),
(9268, 2, 136, 8.73, 96),
(9269, 3, 136, 1, 96),
(9270, 2, 137, 6.26, 96),
(9271, 3, 137, 0, 96),
(9272, 2, 138, 6.26, 96),
(9273, 3, 138, 1, 96),
(9274, 2, 139, 6.26, 96),
(9275, 3, 139, 2, 96),
(9276, 2, 140, 8.73, 96),
(9277, 3, 140, 3, 96),
(9278, 2, 141, 6.26, 96),
(9279, 3, 141, 1, 96),
(9280, 2, 142, 6.26, 96),
(9281, 3, 142, 3, 96),
(9282, 2, 143, 6.26, 96),
(9283, 3, 143, 3, 96),
(9284, 2, 144, 8.73, 96),
(9285, 3, 144, 3, 96),
(9286, 2, 145, 6.26, 96),
(9287, 3, 145, 2, 96),
(9288, 2, 146, 6.26, 96),
(9289, 3, 146, 2, 96),
(9290, 2, 147, 6.26, 96),
(9291, 3, 147, 2, 96),
(9292, 2, 148, 8.73, 96),
(9293, 3, 148, 2, 96),
(9294, 2, 149, 6.26, 96),
(9295, 3, 149, 2, 96),
(9296, 2, 150, 6.26, 96),
(9297, 3, 150, 1, 96),
(9298, 2, 151, 6.26, 96),
(9299, 3, 151, 2, 96),
(9300, 2, 152, 8.73, 96),
(9301, 3, 152, 1, 96),
(9302, 2, 153, 6.26, 96),
(9303, 3, 153, 2, 96),
(9304, 2, 154, 6.26, 96),
(9305, 3, 154, 5, 96),
(9306, 2, 155, 6.26, 96),
(9307, 3, 155, 2, 96),
(9308, 2, 156, 8.73, 96),
(9309, 3, 156, 3, 96),
(9310, 2, 157, 6.26, 96),
(9311, 3, 157, 5, 96),
(9312, 2, 158, 6.26, 96),
(9313, 3, 158, 3, 96),
(9314, 2, 159, 6.26, 96),
(9315, 3, 159, 3, 96),
(9316, 2, 160, 8.73, 96),
(9317, 3, 160, 2, 96),
(9318, 2, 161, 6.26, 96),
(9319, 3, 161, 2, 96),
(9320, 2, 162, 6.26, 96),
(9321, 3, 162, 1, 96),
(9322, 2, 163, 6.26, 96),
(9323, 3, 163, 1, 96),
(9324, 2, 120, 6.26, 97),
(9325, 3, 120, 1, 97),
(9326, 2, 121, 6.26, 97),
(9327, 3, 121, 0, 97),
(9328, 2, 122, 6.26, 97),
(9329, 3, 122, 1, 97),
(9330, 2, 123, 6.26, 97),
(9331, 3, 123, 1, 97),
(9332, 2, 124, 8.73, 97),
(9333, 3, 124, 2, 97),
(9334, 2, 125, 6.26, 97),
(9335, 3, 125, 0, 97),
(9336, 2, 126, 6.26, 97),
(9337, 3, 126, 1, 97),
(9338, 2, 127, 6.26, 97),
(9339, 3, 127, 4, 97),
(9340, 2, 128, 8.73, 97),
(9341, 3, 128, 2, 97),
(9342, 2, 129, 6.26, 97),
(9343, 3, 129, 4, 97),
(9344, 2, 130, 6.26, 97),
(9345, 3, 130, 2, 97),
(9346, 2, 131, 6.26, 97),
(9347, 3, 131, 2, 97),
(9348, 2, 132, 8.73, 97),
(9349, 3, 132, 1, 97),
(9350, 2, 133, 6.26, 97),
(9351, 3, 133, 2, 97),
(9352, 2, 134, 6.26, 97),
(9353, 3, 134, 3, 97),
(9354, 2, 135, 6.26, 97),
(9355, 3, 135, 1, 97),
(9356, 2, 136, 8.73, 97),
(9357, 3, 136, 1, 97),
(9358, 2, 137, 6.26, 97),
(9359, 3, 137, 0, 97),
(9360, 2, 138, 6.26, 97),
(9361, 3, 138, 1, 97),
(9362, 2, 139, 6.26, 97),
(9363, 3, 139, 2, 97),
(9364, 2, 140, 8.73, 97),
(9365, 3, 140, 3, 97),
(9366, 2, 141, 6.26, 97),
(9367, 3, 141, 1, 97),
(9368, 2, 142, 6.26, 97);
INSERT INTO `coefficient_values` (`id`, `id_coefficient`, `id_apartment`, `value`, `id_upkeep`) VALUES
(9369, 3, 142, 3, 97),
(9370, 2, 143, 6.26, 97),
(9371, 3, 143, 3, 97),
(9372, 2, 144, 8.73, 97),
(9373, 3, 144, 3, 97),
(9374, 2, 145, 6.26, 97),
(9375, 3, 145, 2, 97),
(9376, 2, 146, 6.26, 97),
(9377, 3, 146, 2, 97),
(9378, 2, 147, 6.26, 97),
(9379, 3, 147, 2, 97),
(9380, 2, 148, 8.73, 97),
(9381, 3, 148, 2, 97),
(9382, 2, 149, 6.26, 97),
(9383, 3, 149, 2, 97),
(9384, 2, 150, 6.26, 97),
(9385, 3, 150, 1, 97),
(9386, 2, 151, 6.26, 97),
(9387, 3, 151, 2, 97),
(9388, 2, 152, 8.73, 97),
(9389, 3, 152, 1, 97),
(9390, 2, 153, 6.26, 97),
(9391, 3, 153, 2, 97),
(9392, 2, 154, 6.26, 97),
(9393, 3, 154, 2, 97),
(9394, 2, 155, 6.26, 97),
(9395, 3, 155, 2, 97),
(9396, 2, 156, 8.73, 97),
(9397, 3, 156, 3, 97),
(9398, 2, 157, 6.26, 97),
(9399, 3, 157, 4, 97),
(9400, 2, 158, 6.26, 97),
(9401, 3, 158, 3, 97),
(9402, 2, 159, 6.26, 97),
(9403, 3, 159, 3, 97),
(9404, 2, 160, 8.73, 97),
(9405, 3, 160, 2, 97),
(9406, 2, 161, 6.26, 97),
(9407, 3, 161, 2, 97),
(9408, 2, 162, 6.26, 97),
(9409, 3, 162, 1, 97),
(9410, 2, 163, 6.26, 97),
(9411, 3, 163, 1, 97),
(9412, 2, 120, 6.26, 98),
(9413, 3, 120, 1, 98),
(9414, 2, 121, 6.26, 98),
(9415, 3, 121, 0, 98),
(9416, 2, 122, 6.26, 98),
(9417, 3, 122, 1, 98),
(9418, 2, 123, 6.26, 98),
(9419, 3, 123, 1, 98),
(9420, 2, 124, 8.73, 98),
(9421, 3, 124, 2, 98),
(9422, 2, 125, 6.26, 98),
(9423, 3, 125, 0, 98),
(9424, 2, 126, 6.26, 98),
(9425, 3, 126, 1, 98),
(9426, 2, 127, 6.26, 98),
(9427, 3, 127, 4, 98),
(9428, 2, 128, 8.73, 98),
(9429, 3, 128, 2, 98),
(9430, 2, 129, 6.26, 98),
(9431, 3, 129, 4, 98),
(9432, 2, 130, 6.26, 98),
(9433, 3, 130, 2, 98),
(9434, 2, 131, 6.26, 98),
(9435, 3, 131, 2, 98),
(9436, 2, 132, 8.73, 98),
(9437, 3, 132, 1, 98),
(9438, 2, 133, 6.26, 98),
(9439, 3, 133, 2, 98),
(9440, 2, 134, 6.26, 98),
(9441, 3, 134, 3, 98),
(9442, 2, 135, 6.26, 98),
(9443, 3, 135, 1, 98),
(9444, 2, 136, 8.73, 98),
(9445, 3, 136, 1, 98),
(9446, 2, 137, 6.26, 98),
(9447, 3, 137, 0, 98),
(9448, 2, 138, 6.26, 98),
(9449, 3, 138, 1, 98),
(9450, 2, 139, 6.26, 98),
(9451, 3, 139, 2, 98),
(9452, 2, 140, 8.73, 98),
(9453, 3, 140, 3, 98),
(9454, 2, 141, 6.26, 98),
(9455, 3, 141, 1, 98),
(9456, 2, 142, 6.26, 98),
(9457, 3, 142, 3, 98),
(9458, 2, 143, 6.26, 98),
(9459, 3, 143, 3, 98),
(9460, 2, 144, 8.73, 98),
(9461, 3, 144, 3, 98),
(9462, 2, 145, 6.26, 98),
(9463, 3, 145, 2, 98),
(9464, 2, 146, 6.26, 98),
(9465, 3, 146, 2, 98),
(9466, 2, 147, 6.26, 98),
(9467, 3, 147, 2, 98),
(9468, 2, 148, 8.73, 98),
(9469, 3, 148, 2, 98),
(9470, 2, 149, 6.26, 98),
(9471, 3, 149, 2, 98),
(9472, 2, 150, 6.26, 98),
(9473, 3, 150, 1, 98),
(9474, 2, 151, 6.26, 98),
(9475, 3, 151, 2, 98),
(9476, 2, 152, 8.73, 98),
(9477, 3, 152, 1, 98),
(9478, 2, 153, 6.26, 98),
(9479, 3, 153, 2, 98),
(9480, 2, 154, 6.26, 98),
(9481, 3, 154, 2, 98),
(9482, 2, 155, 6.26, 98),
(9483, 3, 155, 2, 98),
(9484, 2, 156, 8.73, 98),
(9485, 3, 156, 3, 98),
(9486, 2, 157, 6.26, 98),
(9487, 3, 157, 4, 98),
(9488, 2, 158, 6.26, 98),
(9489, 3, 158, 3, 98),
(9490, 2, 159, 6.26, 98),
(9491, 3, 159, 3, 98),
(9492, 2, 160, 8.73, 98),
(9493, 3, 160, 2, 98),
(9494, 2, 161, 6.26, 98),
(9495, 3, 161, 2, 98),
(9496, 2, 162, 6.26, 98),
(9497, 3, 162, 1, 98),
(9498, 2, 163, 6.26, 98),
(9499, 3, 163, 1, 98),
(9500, 2, 120, 6.26, 99),
(9501, 3, 120, 1, 99),
(9502, 2, 121, 6.26, 99),
(9503, 3, 121, 0, 99),
(9504, 2, 122, 6.26, 99),
(9505, 3, 122, 1, 99),
(9506, 2, 123, 6.26, 99),
(9507, 3, 123, 1, 99),
(9508, 2, 124, 8.73, 99),
(9509, 3, 124, 2, 99),
(9510, 2, 125, 6.26, 99),
(9511, 3, 125, 0, 99),
(9512, 2, 126, 6.26, 99),
(9513, 3, 126, 1, 99),
(9514, 2, 127, 6.26, 99),
(9515, 3, 127, 4, 99),
(9516, 2, 128, 8.73, 99),
(9517, 3, 128, 2, 99),
(9518, 2, 129, 6.26, 99),
(9519, 3, 129, 4, 99),
(9520, 2, 130, 6.26, 99),
(9521, 3, 130, 2, 99),
(9522, 2, 131, 6.26, 99),
(9523, 3, 131, 2, 99),
(9524, 2, 132, 8.73, 99),
(9525, 3, 132, 1, 99),
(9526, 2, 133, 6.26, 99),
(9527, 3, 133, 2, 99),
(9528, 2, 134, 6.26, 99),
(9529, 3, 134, 3, 99),
(9530, 2, 135, 6.26, 99),
(9531, 3, 135, 1, 99),
(9532, 2, 136, 8.73, 99),
(9533, 3, 136, 1, 99),
(9534, 2, 137, 6.26, 99),
(9535, 3, 137, 0, 99),
(9536, 2, 138, 6.26, 99),
(9537, 3, 138, 1, 99),
(9538, 2, 139, 6.26, 99),
(9539, 3, 139, 2, 99),
(9540, 2, 140, 8.73, 99),
(9541, 3, 140, 3, 99),
(9542, 2, 141, 6.26, 99),
(9543, 3, 141, 1, 99),
(9544, 2, 142, 6.26, 99),
(9545, 3, 142, 3, 99),
(9546, 2, 143, 6.26, 99),
(9547, 3, 143, 3, 99),
(9548, 2, 144, 8.73, 99),
(9549, 3, 144, 4, 99),
(9550, 2, 145, 6.26, 99),
(9551, 3, 145, 2, 99),
(9552, 2, 146, 6.26, 99),
(9553, 3, 146, 2, 99),
(9554, 2, 147, 6.26, 99),
(9555, 3, 147, 2, 99),
(9556, 2, 148, 8.73, 99),
(9557, 3, 148, 2, 99),
(9558, 2, 149, 6.26, 99),
(9559, 3, 149, 2, 99),
(9560, 2, 150, 6.26, 99),
(9561, 3, 150, 1, 99),
(9562, 2, 151, 6.26, 99),
(9563, 3, 151, 2, 99),
(9564, 2, 152, 8.73, 99),
(9565, 3, 152, 1, 99),
(9566, 2, 153, 6.26, 99),
(9567, 3, 153, 2, 99),
(9568, 2, 154, 6.26, 99),
(9569, 3, 154, 4, 99),
(9570, 2, 155, 6.26, 99),
(9571, 3, 155, 2, 99),
(9572, 2, 156, 8.73, 99),
(9573, 3, 156, 2, 99),
(9574, 2, 157, 6.26, 99),
(9575, 3, 157, 4, 99),
(9576, 2, 158, 6.26, 99),
(9577, 3, 158, 3, 99),
(9578, 2, 159, 6.26, 99),
(9579, 3, 159, 3, 99),
(9580, 2, 160, 8.73, 99),
(9581, 3, 160, 2, 99),
(9582, 2, 161, 6.26, 99),
(9583, 3, 161, 2, 99),
(9584, 2, 162, 6.26, 99),
(9585, 3, 162, 1, 99),
(9586, 2, 163, 6.26, 99),
(9587, 3, 163, 1, 99),
(9588, 3, 21, 1, 71),
(9589, 3, 21, 1, 101),
(9590, 3, 21, 1, 102),
(9591, 3, 21, 1, 103),
(9592, 3, 21, 1, 104),
(9599, 3, 21, 1, 111),
(9600, 2, 21, 0.78, 71),
(9601, 2, 21, 0.78, 101),
(9602, 2, 21, 0.78, 102),
(9603, 2, 21, 0.78, 103),
(9604, 2, 21, 0.78, 104),
(9611, 2, 21, 0.78, 111),
(9612, 4, 21, 0.00804924, 71),
(9613, 4, 21, 0.00804924, 101),
(9614, 4, 21, 0.00804924, 102),
(9615, 4, 21, 0.00804924, 103),
(9616, 4, 21, 0.00804924, 104),
(9623, 4, 21, 0.00804924, 111),
(9624, 3, 22, 4, 71),
(9625, 3, 22, 4, 101),
(9626, 3, 22, 4, 102),
(9627, 3, 22, 4, 103),
(9628, 3, 22, 4, 104),
(9629, 3, 22, 4, 105),
(9630, 3, 22, 4, 106),
(9631, 3, 22, 4, 107),
(9632, 3, 22, 4, 108),
(9633, 3, 22, 4, 109),
(9634, 3, 22, 4, 110),
(9635, 3, 22, 4, 111),
(9636, 3, 22, 4, 113),
(9637, 2, 22, 1.97, 71),
(9638, 2, 22, 1.97, 101),
(9639, 2, 22, 1.97, 102),
(9640, 2, 22, 1.97, 103),
(9641, 2, 22, 1.97, 104),
(9642, 2, 22, 1.97, 105),
(9643, 2, 22, 1.97, 106),
(9644, 2, 22, 1.97, 107),
(9645, 2, 22, 1.97, 108),
(9646, 2, 22, 1.97, 109),
(9647, 2, 22, 1.97, 110),
(9648, 2, 22, 1.97, 111),
(9649, 2, 22, 1.97, 113),
(9650, 4, 22, 0.0194129, 71),
(9651, 4, 22, 0.0194129, 101),
(9652, 4, 22, 0.0194129, 102),
(9653, 4, 22, 0.0194129, 103),
(9654, 4, 22, 0.0194129, 104),
(9655, 4, 22, 0.0194129, 105),
(9656, 4, 22, 0.0194129, 106),
(9657, 4, 22, 0.0194129, 107),
(9658, 4, 22, 0.0194129, 108),
(9659, 4, 22, 0.0194129, 109),
(9660, 4, 22, 0.0194129, 110),
(9661, 4, 22, 0.0194129, 111),
(9662, 4, 22, 0.0194129, 113),
(9663, 3, 23, 4, 71),
(9664, 3, 23, 4, 101),
(9665, 3, 23, 4, 102),
(9666, 3, 23, 4, 103),
(9667, 3, 23, 4, 104),
(9668, 3, 23, 4, 105),
(9669, 3, 23, 4, 106),
(9670, 3, 23, 4, 107),
(9671, 3, 23, 4, 108),
(9672, 3, 23, 4, 109),
(9673, 3, 23, 4, 110),
(9674, 3, 23, 4, 111),
(9675, 3, 23, 4, 113),
(9676, 2, 23, 1.97, 71),
(9677, 2, 23, 1.97, 101),
(9678, 2, 23, 1.97, 102),
(9679, 2, 23, 1.97, 103),
(9680, 2, 23, 1.97, 104),
(9681, 2, 23, 1.97, 105),
(9682, 2, 23, 1.97, 106),
(9683, 2, 23, 1.97, 107),
(9684, 2, 23, 1.97, 108),
(9685, 2, 23, 1.97, 109),
(9686, 2, 23, 1.97, 110),
(9687, 2, 23, 1.97, 111),
(9688, 2, 23, 1.97, 113),
(9689, 4, 23, 0.0194129, 71),
(9690, 4, 23, 0.0194129, 101),
(9691, 4, 23, 0.0194129, 102),
(9692, 4, 23, 0.0194129, 103),
(9693, 4, 23, 0.0194129, 104),
(9694, 4, 23, 0.0194129, 105),
(9695, 4, 23, 0.0194129, 106),
(9696, 4, 23, 0.0194129, 107),
(9697, 4, 23, 0.0194129, 108),
(9698, 4, 23, 0.0194129, 109),
(9699, 4, 23, 0.0194129, 110),
(9700, 4, 23, 0.0194129, 111),
(9701, 4, 23, 0.0194129, 113),
(9702, 3, 25, 2, 71),
(9703, 3, 25, 2, 101),
(9704, 3, 25, 2, 102),
(9705, 3, 25, 2, 103),
(9706, 3, 25, 2, 104),
(9707, 3, 25, 2, 105),
(9708, 3, 25, 2, 106),
(9709, 3, 25, 2, 107),
(9710, 3, 25, 2, 108),
(9711, 3, 25, 2, 109),
(9712, 3, 25, 2, 110),
(9713, 3, 25, 2, 111),
(9714, 3, 25, 2, 113),
(9715, 2, 25, 1.97, 71),
(9716, 2, 25, 1.97, 101),
(9717, 2, 25, 1.97, 102),
(9718, 2, 25, 1.97, 103),
(9719, 2, 25, 1.97, 104),
(9720, 2, 25, 1.97, 105),
(9721, 2, 25, 1.97, 106),
(9722, 2, 25, 1.97, 107),
(9723, 2, 25, 1.97, 108),
(9724, 2, 25, 1.97, 109),
(9725, 2, 25, 1.97, 110),
(9726, 2, 25, 1.97, 111),
(9727, 2, 25, 1.97, 113),
(9728, 4, 25, 0.0194129, 71),
(9729, 4, 25, 0.0194129, 101),
(9730, 4, 25, 0.0194129, 102),
(9731, 4, 25, 0.0194129, 103),
(9732, 4, 25, 0.0194129, 104),
(9733, 4, 25, 0.0194129, 105),
(9734, 4, 25, 0.0194129, 106),
(9735, 4, 25, 0.0194129, 107),
(9736, 4, 25, 0.0194129, 108),
(9737, 4, 25, 0.0194129, 109),
(9738, 4, 25, 0.0194129, 110),
(9739, 4, 25, 0.0194129, 111),
(9740, 4, 25, 0.0194129, 113),
(9741, 3, 24, 1, 71),
(9742, 3, 24, 1, 101),
(9743, 3, 24, 1, 102),
(9744, 3, 24, 1, 103),
(9745, 3, 24, 1, 104),
(9746, 3, 24, 1, 105),
(9747, 3, 24, 1, 106),
(9748, 3, 24, 1, 107),
(9749, 3, 24, 1, 108),
(9750, 3, 24, 1, 109),
(9751, 3, 24, 1, 110),
(9752, 3, 24, 1, 111),
(9753, 3, 24, 1, 113),
(9754, 2, 24, 2.49, 71),
(9755, 2, 24, 2.49, 101),
(9756, 2, 24, 2.49, 102),
(9757, 2, 24, 2.49, 103),
(9758, 2, 24, 2.49, 104),
(9759, 2, 24, 2.49, 105),
(9760, 2, 24, 2.49, 106),
(9761, 2, 24, 2.49, 107),
(9762, 2, 24, 2.49, 108),
(9763, 2, 24, 2.49, 109),
(9764, 2, 24, 2.49, 110),
(9765, 2, 24, 2.49, 111),
(9766, 2, 24, 2.49, 113),
(9767, 4, 24, 0.0246212, 71),
(9768, 4, 24, 0.0246212, 101),
(9769, 4, 24, 0.0246212, 102),
(9770, 4, 24, 0.0246212, 103),
(9771, 4, 24, 0.0246212, 104),
(9772, 4, 24, 0.0246212, 105),
(9773, 4, 24, 0.0246212, 106),
(9774, 4, 24, 0.0246212, 107),
(9775, 4, 24, 0.0246212, 108),
(9776, 4, 24, 0.0246212, 109),
(9777, 4, 24, 0.0246212, 110),
(9778, 4, 24, 0.0246212, 111),
(9779, 4, 24, 0.0246212, 113),
(9780, 3, 26, 1, 71),
(9781, 3, 26, 1, 101),
(9782, 3, 26, 1, 102),
(9783, 3, 26, 1, 103),
(9784, 3, 26, 1, 104),
(9785, 3, 26, 1, 105),
(9786, 3, 26, 1, 106),
(9787, 3, 26, 1, 107),
(9788, 3, 26, 1, 108),
(9789, 3, 26, 1, 109),
(9790, 3, 26, 1, 110),
(9791, 3, 26, 1, 111),
(9792, 3, 26, 1, 113),
(9793, 2, 26, 0.78, 71),
(9794, 2, 26, 0.78, 101),
(9795, 2, 26, 0.78, 102),
(9796, 2, 26, 0.78, 103),
(9797, 2, 26, 0.78, 104),
(9798, 2, 26, 0.78, 105),
(9799, 2, 26, 0.78, 106),
(9800, 2, 26, 0.78, 107),
(9801, 2, 26, 0.78, 108),
(9802, 2, 26, 0.78, 109),
(9803, 2, 26, 0.78, 110),
(9804, 2, 26, 0.78, 111),
(9805, 2, 26, 0.78, 113),
(9806, 4, 26, 0.00804924, 71),
(9807, 4, 26, 0.00804924, 101),
(9808, 4, 26, 0.00804924, 102);
INSERT INTO `coefficient_values` (`id`, `id_coefficient`, `id_apartment`, `value`, `id_upkeep`) VALUES
(9809, 4, 26, 0.00804924, 103),
(9810, 4, 26, 0.00804924, 104),
(9811, 4, 26, 0.00804924, 105),
(9812, 4, 26, 0.00804924, 106),
(9813, 4, 26, 0.00804924, 107),
(9814, 4, 26, 0.00804924, 108),
(9815, 4, 26, 0.00804924, 109),
(9816, 4, 26, 0.00804924, 110),
(9817, 4, 26, 0.00804924, 111),
(9818, 4, 26, 0.00804924, 113),
(9819, 3, 27, 2, 71),
(9820, 3, 27, 2, 101),
(9821, 3, 27, 2, 102),
(9822, 3, 27, 2, 103),
(9823, 3, 27, 2, 104),
(9824, 3, 27, 2, 105),
(9825, 3, 27, 2, 106),
(9826, 3, 27, 2, 107),
(9827, 3, 27, 2, 108),
(9828, 3, 27, 2, 109),
(9829, 3, 27, 2, 110),
(9830, 3, 27, 2, 111),
(9831, 3, 27, 2, 113),
(9832, 2, 27, 1.97, 71),
(9833, 2, 27, 1.97, 101),
(9834, 2, 27, 1.97, 102),
(9835, 2, 27, 1.97, 103),
(9836, 2, 27, 1.97, 104),
(9837, 2, 27, 1.97, 105),
(9838, 2, 27, 1.97, 106),
(9839, 2, 27, 1.97, 107),
(9840, 2, 27, 1.97, 108),
(9841, 2, 27, 1.97, 109),
(9842, 2, 27, 1.97, 110),
(9843, 2, 27, 1.97, 111),
(9844, 2, 27, 1.97, 113),
(9845, 4, 27, 0.0194129, 71),
(9846, 4, 27, 0.0194129, 101),
(9847, 4, 27, 0.0194129, 102),
(9848, 4, 27, 0.0194129, 103),
(9849, 4, 27, 0.0194129, 104),
(9850, 4, 27, 0.0194129, 105),
(9851, 4, 27, 0.0194129, 106),
(9852, 4, 27, 0.0194129, 107),
(9853, 4, 27, 0.0194129, 108),
(9854, 4, 27, 0.0194129, 109),
(9855, 4, 27, 0.0194129, 110),
(9856, 4, 27, 0.0194129, 111),
(9857, 4, 27, 0.0194129, 113),
(9858, 3, 28, 3, 71),
(9859, 3, 28, 3, 101),
(9860, 3, 28, 3, 102),
(9861, 3, 28, 3, 103),
(9862, 3, 28, 3, 104),
(9863, 3, 28, 3, 105),
(9864, 3, 28, 3, 106),
(9865, 3, 28, 3, 107),
(9866, 3, 28, 3, 108),
(9867, 3, 28, 3, 109),
(9868, 3, 28, 3, 110),
(9869, 3, 28, 3, 111),
(9870, 3, 28, 3, 113),
(9871, 2, 28, 1.97, 71),
(9872, 2, 28, 1.97, 101),
(9873, 2, 28, 1.97, 102),
(9874, 2, 28, 1.97, 103),
(9875, 2, 28, 1.97, 104),
(9876, 2, 28, 1.97, 105),
(9877, 2, 28, 1.97, 106),
(9878, 2, 28, 1.97, 107),
(9879, 2, 28, 1.97, 108),
(9880, 2, 28, 1.97, 109),
(9881, 2, 28, 1.97, 110),
(9882, 2, 28, 1.97, 111),
(9883, 2, 28, 1.97, 113),
(9884, 4, 28, 0.0194129, 71),
(9885, 4, 28, 0.0194129, 101),
(9886, 4, 28, 0.0194129, 102),
(9887, 4, 28, 0.0194129, 103),
(9888, 4, 28, 0.0194129, 104),
(9889, 4, 28, 0.0194129, 105),
(9890, 4, 28, 0.0194129, 106),
(9891, 4, 28, 0.0194129, 107),
(9892, 4, 28, 0.0194129, 108),
(9893, 4, 28, 0.0194129, 109),
(9894, 4, 28, 0.0194129, 110),
(9895, 4, 28, 0.0194129, 111),
(9896, 4, 28, 0.0194129, 113),
(9897, 3, 29, 2, 71),
(9898, 3, 29, 2, 101),
(9899, 3, 29, 2, 102),
(9900, 3, 29, 2, 103),
(9901, 3, 29, 2, 104),
(9902, 3, 29, 2, 105),
(9903, 3, 29, 2, 106),
(9904, 3, 29, 2, 107),
(9905, 3, 29, 2, 108),
(9906, 3, 29, 2, 109),
(9907, 3, 29, 2, 110),
(9908, 3, 29, 2, 111),
(9909, 3, 29, 2, 113),
(9910, 2, 29, 1.97, 71),
(9911, 2, 29, 1.97, 101),
(9912, 2, 29, 1.97, 102),
(9913, 2, 29, 1.97, 103),
(9914, 2, 29, 1.97, 104),
(9915, 2, 29, 1.97, 105),
(9916, 2, 29, 1.97, 106),
(9917, 2, 29, 1.97, 107),
(9918, 2, 29, 1.97, 108),
(9919, 2, 29, 1.97, 109),
(9920, 2, 29, 1.97, 110),
(9921, 2, 29, 1.97, 111),
(9922, 2, 29, 1.97, 113),
(9923, 4, 29, 0.0194129, 71),
(9924, 4, 29, 0.0194129, 101),
(9925, 4, 29, 0.0194129, 102),
(9926, 4, 29, 0.0194129, 103),
(9927, 4, 29, 0.0194129, 104),
(9928, 4, 29, 0.0194129, 105),
(9929, 4, 29, 0.0194129, 106),
(9930, 4, 29, 0.0194129, 107),
(9931, 4, 29, 0.0194129, 108),
(9932, 4, 29, 0.0194129, 109),
(9933, 4, 29, 0.0194129, 110),
(9934, 4, 29, 0.0194129, 111),
(9935, 4, 29, 0.0194129, 113),
(9936, 3, 30, 2, 71),
(9937, 3, 30, 2, 101),
(9938, 3, 30, 2, 102),
(9939, 3, 30, 2, 103),
(9940, 3, 30, 2, 104),
(9941, 3, 30, 2, 105),
(9942, 3, 30, 2, 106),
(9943, 3, 30, 2, 107),
(9944, 3, 30, 2, 108),
(9945, 3, 30, 2, 109),
(9946, 3, 30, 2, 110),
(9947, 3, 30, 2, 111),
(9948, 3, 30, 2, 113),
(9949, 2, 30, 2.49, 71),
(9950, 2, 30, 2.49, 101),
(9951, 2, 30, 2.49, 102),
(9952, 2, 30, 2.49, 103),
(9953, 2, 30, 2.49, 104),
(9954, 2, 30, 2.49, 105),
(9955, 2, 30, 2.49, 106),
(9956, 2, 30, 2.49, 107),
(9957, 2, 30, 2.49, 108),
(9958, 2, 30, 2.49, 109),
(9959, 2, 30, 2.49, 110),
(9960, 2, 30, 2.49, 111),
(9961, 2, 30, 2.49, 113),
(9962, 4, 30, 0.0246212, 71),
(9963, 4, 30, 0.0246212, 101),
(9964, 4, 30, 0.0246212, 102),
(9965, 4, 30, 0.0246212, 103),
(9966, 4, 30, 0.0246212, 104),
(9967, 4, 30, 0.0246212, 105),
(9968, 4, 30, 0.0246212, 106),
(9969, 4, 30, 0.0246212, 107),
(9970, 4, 30, 0.0246212, 108),
(9971, 4, 30, 0.0246212, 109),
(9972, 4, 30, 0.0246212, 110),
(9973, 4, 30, 0.0246212, 111),
(9974, 4, 30, 0.0246212, 113),
(9975, 3, 31, 2, 71),
(9976, 3, 31, 2, 101),
(9977, 3, 31, 2, 102),
(9978, 3, 31, 2, 103),
(9979, 3, 31, 2, 104),
(9980, 3, 31, 2, 105),
(9981, 3, 31, 2, 106),
(9982, 3, 31, 2, 107),
(9983, 3, 31, 2, 108),
(9984, 3, 31, 2, 109),
(9985, 3, 31, 2, 110),
(9986, 3, 31, 2, 111),
(9987, 3, 31, 2, 113),
(9988, 2, 31, 0.78, 71),
(9989, 2, 31, 0.78, 101),
(9990, 2, 31, 0.78, 102),
(9991, 2, 31, 0.78, 103),
(9992, 2, 31, 0.78, 104),
(9993, 2, 31, 0.78, 105),
(9994, 2, 31, 0.78, 106),
(9995, 2, 31, 0.78, 107),
(9996, 2, 31, 0.78, 108),
(9997, 2, 31, 0.78, 109),
(9998, 2, 31, 0.78, 110),
(9999, 2, 31, 0.78, 111),
(10000, 2, 31, 0.78, 113),
(10001, 4, 31, 0.00804924, 71),
(10002, 4, 31, 0.00804924, 101),
(10003, 4, 31, 0.00804924, 102),
(10004, 4, 31, 0.00804924, 103),
(10005, 4, 31, 0.00804924, 104),
(10006, 4, 31, 0.00804924, 105),
(10007, 4, 31, 0.00804924, 106),
(10008, 4, 31, 0.00804924, 107),
(10009, 4, 31, 0.00804924, 108),
(10010, 4, 31, 0.00804924, 109),
(10011, 4, 31, 0.00804924, 110),
(10012, 4, 31, 0.00804924, 111),
(10013, 4, 31, 0.00804924, 113),
(10014, 3, 32, 3, 71),
(10015, 3, 32, 3, 101),
(10016, 3, 32, 3, 102),
(10017, 3, 32, 3, 103),
(10018, 3, 32, 3, 104),
(10019, 3, 32, 3, 105),
(10020, 3, 32, 3, 106),
(10021, 3, 32, 3, 107),
(10022, 3, 32, 3, 108),
(10023, 3, 32, 3, 109),
(10024, 3, 32, 3, 110),
(10025, 3, 32, 3, 111),
(10026, 3, 32, 3, 113),
(10027, 2, 32, 1.97, 71),
(10028, 2, 32, 1.97, 101),
(10029, 2, 32, 1.97, 102),
(10030, 2, 32, 1.97, 103),
(10031, 2, 32, 1.97, 104),
(10032, 2, 32, 1.97, 105),
(10033, 2, 32, 1.97, 106),
(10034, 2, 32, 1.97, 107),
(10035, 2, 32, 1.97, 108),
(10036, 2, 32, 1.97, 109),
(10037, 2, 32, 1.97, 110),
(10038, 2, 32, 1.97, 111),
(10039, 2, 32, 1.97, 113),
(10040, 4, 32, 0.0194129, 71),
(10041, 4, 32, 0.0194129, 101),
(10042, 4, 32, 0.0194129, 102),
(10043, 4, 32, 0.0194129, 103),
(10044, 4, 32, 0.0194129, 104),
(10045, 4, 32, 0.0194129, 105),
(10046, 4, 32, 0.0194129, 106),
(10047, 4, 32, 0.0194129, 107),
(10048, 4, 32, 0.0194129, 108),
(10049, 4, 32, 0.0194129, 109),
(10050, 4, 32, 0.0194129, 110),
(10051, 4, 32, 0.0194129, 111),
(10052, 4, 32, 0.0194129, 113),
(10053, 3, 33, 1, 71),
(10054, 3, 33, 1, 101),
(10055, 3, 33, 1, 102),
(10056, 3, 33, 1, 103),
(10057, 3, 33, 1, 104),
(10058, 3, 33, 1, 105),
(10059, 3, 33, 1, 106),
(10060, 3, 33, 1, 107),
(10061, 3, 33, 1, 108),
(10062, 3, 33, 1, 109),
(10063, 3, 33, 1, 110),
(10064, 3, 33, 1, 111),
(10065, 3, 33, 1, 113),
(10066, 2, 33, 1.97, 71),
(10067, 2, 33, 1.97, 101),
(10068, 2, 33, 1.97, 102),
(10069, 2, 33, 1.97, 103),
(10070, 2, 33, 1.97, 104),
(10071, 2, 33, 1.97, 105),
(10072, 2, 33, 1.97, 106),
(10073, 2, 33, 1.97, 107),
(10074, 2, 33, 1.97, 108),
(10075, 2, 33, 1.97, 109),
(10076, 2, 33, 1.97, 110),
(10077, 2, 33, 1.97, 111),
(10078, 2, 33, 1.97, 113),
(10079, 4, 33, 0.0194129, 71),
(10080, 4, 33, 0.0194129, 101),
(10081, 4, 33, 0.0194129, 102),
(10082, 4, 33, 0.0194129, 103),
(10083, 4, 33, 0.0194129, 104),
(10084, 4, 33, 0.0194129, 105),
(10085, 4, 33, 0.0194129, 106),
(10086, 4, 33, 0.0194129, 107),
(10087, 4, 33, 0.0194129, 108),
(10088, 4, 33, 0.0194129, 109),
(10089, 4, 33, 0.0194129, 110),
(10090, 4, 33, 0.0194129, 111),
(10091, 4, 33, 0.0194129, 113),
(10092, 3, 34, 4, 71),
(10093, 3, 34, 4, 101),
(10094, 3, 34, 4, 102),
(10095, 3, 34, 4, 103),
(10096, 3, 34, 4, 104),
(10097, 3, 34, 4, 105),
(10098, 3, 34, 4, 106),
(10099, 3, 34, 4, 107),
(10100, 3, 34, 4, 108),
(10101, 3, 34, 4, 109),
(10102, 3, 34, 4, 110),
(10103, 3, 34, 4, 111),
(10104, 3, 34, 4, 113),
(10105, 2, 34, 1.97, 71),
(10106, 2, 34, 1.97, 101),
(10107, 2, 34, 1.97, 102),
(10108, 2, 34, 1.97, 103),
(10109, 2, 34, 1.97, 104),
(10110, 2, 34, 1.97, 105),
(10111, 2, 34, 1.97, 106),
(10112, 2, 34, 1.97, 107),
(10113, 2, 34, 1.97, 108),
(10114, 2, 34, 1.97, 109),
(10115, 2, 34, 1.97, 110),
(10116, 2, 34, 1.97, 111),
(10117, 2, 34, 1.97, 113),
(10118, 4, 34, 0.0194129, 71),
(10119, 4, 34, 0.0194129, 101),
(10120, 4, 34, 0.0194129, 102),
(10121, 4, 34, 0.0194129, 103),
(10122, 4, 34, 0.0194129, 104),
(10123, 4, 34, 0.0194129, 105),
(10124, 4, 34, 0.0194129, 106),
(10125, 4, 34, 0.0194129, 107),
(10126, 4, 34, 0.0194129, 108),
(10127, 4, 34, 0.0194129, 109),
(10128, 4, 34, 0.0194129, 110),
(10129, 4, 34, 0.0194129, 111),
(10130, 4, 34, 0.0194129, 113),
(10131, 3, 35, 3, 71),
(10132, 3, 35, 3, 101),
(10133, 3, 35, 3, 102),
(10134, 3, 35, 3, 103),
(10135, 3, 35, 3, 104),
(10136, 3, 35, 3, 105),
(10137, 3, 35, 3, 106),
(10138, 3, 35, 3, 107),
(10139, 3, 35, 3, 108),
(10140, 3, 35, 3, 109),
(10141, 3, 35, 3, 110),
(10142, 3, 35, 3, 111),
(10143, 3, 35, 3, 113),
(10144, 2, 35, 2.49, 71),
(10145, 2, 35, 2.49, 101),
(10146, 2, 35, 2.49, 102),
(10147, 2, 35, 2.49, 103),
(10148, 2, 35, 2.49, 104),
(10149, 2, 35, 2.49, 105),
(10150, 2, 35, 2.49, 106),
(10151, 2, 35, 2.49, 107),
(10152, 2, 35, 2.49, 108),
(10153, 2, 35, 2.49, 109),
(10154, 2, 35, 2.49, 110),
(10155, 2, 35, 2.49, 111),
(10156, 2, 35, 2.49, 113),
(10157, 4, 35, 0.0246212, 71),
(10158, 4, 35, 0.0246212, 101),
(10159, 4, 35, 0.0246212, 102),
(10160, 4, 35, 0.0246212, 103),
(10161, 4, 35, 0.0246212, 104),
(10162, 4, 35, 0.0246212, 105),
(10163, 4, 35, 0.0246212, 106),
(10164, 4, 35, 0.0246212, 107),
(10165, 4, 35, 0.0246212, 108),
(10166, 4, 35, 0.0246212, 109),
(10167, 4, 35, 0.0246212, 110),
(10168, 4, 35, 0.0246212, 111),
(10169, 4, 35, 0.0246212, 113),
(10170, 3, 36, 1, 71),
(10171, 3, 36, 1, 101),
(10172, 3, 36, 1, 102),
(10173, 3, 36, 1, 103),
(10174, 3, 36, 1, 104),
(10175, 3, 36, 1, 105),
(10176, 3, 36, 1, 106),
(10177, 3, 36, 1, 107),
(10178, 3, 36, 1, 108),
(10179, 3, 36, 1, 109),
(10180, 3, 36, 1, 110),
(10181, 3, 36, 1, 111),
(10182, 3, 36, 1, 113),
(10183, 2, 36, 0.78, 71),
(10184, 2, 36, 0.78, 101),
(10185, 2, 36, 0.78, 102),
(10186, 2, 36, 0.78, 103),
(10187, 2, 36, 0.78, 104),
(10188, 2, 36, 0.78, 105),
(10189, 2, 36, 0.78, 106),
(10190, 2, 36, 0.78, 107),
(10191, 2, 36, 0.78, 108),
(10192, 2, 36, 0.78, 109),
(10193, 2, 36, 0.78, 110),
(10194, 2, 36, 0.78, 111),
(10195, 2, 36, 0.78, 113),
(10196, 4, 36, 0.00804924, 71),
(10197, 4, 36, 0.00804924, 101),
(10198, 4, 36, 0.00804924, 102),
(10199, 4, 36, 0.00804924, 103),
(10200, 4, 36, 0.00804924, 104);
INSERT INTO `coefficient_values` (`id`, `id_coefficient`, `id_apartment`, `value`, `id_upkeep`) VALUES
(10201, 4, 36, 0.00804924, 105),
(10202, 4, 36, 0.00804924, 106),
(10203, 4, 36, 0.00804924, 107),
(10204, 4, 36, 0.00804924, 108),
(10205, 4, 36, 0.00804924, 109),
(10206, 4, 36, 0.00804924, 110),
(10207, 4, 36, 0.00804924, 111),
(10208, 4, 36, 0.00804924, 113),
(10209, 3, 37, 3, 71),
(10210, 3, 37, 3, 101),
(10211, 3, 37, 3, 102),
(10212, 3, 37, 3, 103),
(10213, 3, 37, 3, 104),
(10214, 3, 37, 3, 105),
(10215, 3, 37, 3, 106),
(10216, 3, 37, 3, 107),
(10217, 3, 37, 3, 108),
(10218, 3, 37, 3, 109),
(10219, 3, 37, 3, 110),
(10220, 3, 37, 3, 111),
(10221, 3, 37, 3, 113),
(10222, 2, 37, 1.97, 71),
(10223, 2, 37, 1.97, 101),
(10224, 2, 37, 1.97, 102),
(10225, 2, 37, 1.97, 103),
(10226, 2, 37, 1.97, 104),
(10227, 2, 37, 1.97, 105),
(10228, 2, 37, 1.97, 106),
(10229, 2, 37, 1.97, 107),
(10230, 2, 37, 1.97, 108),
(10231, 2, 37, 1.97, 109),
(10232, 2, 37, 1.97, 110),
(10233, 2, 37, 1.97, 111),
(10234, 2, 37, 1.97, 113),
(10235, 4, 37, 0.0194129, 71),
(10236, 4, 37, 0.0194129, 101),
(10237, 4, 37, 0.0194129, 102),
(10238, 4, 37, 0.0194129, 103),
(10239, 4, 37, 0.0194129, 104),
(10240, 4, 37, 0.0194129, 105),
(10241, 4, 37, 0.0194129, 106),
(10242, 4, 37, 0.0194129, 107),
(10243, 4, 37, 0.0194129, 108),
(10244, 4, 37, 0.0194129, 109),
(10245, 4, 37, 0.0194129, 110),
(10246, 4, 37, 0.0194129, 111),
(10247, 4, 37, 0.0194129, 113),
(10248, 3, 38, 2, 71),
(10249, 3, 38, 2, 101),
(10250, 3, 38, 2, 102),
(10251, 3, 38, 2, 103),
(10252, 3, 38, 2, 104),
(10253, 3, 38, 2, 105),
(10254, 3, 38, 2, 106),
(10255, 3, 38, 2, 107),
(10256, 3, 38, 2, 108),
(10257, 3, 38, 2, 109),
(10258, 3, 38, 2, 110),
(10259, 3, 38, 2, 111),
(10260, 3, 38, 2, 113),
(10261, 2, 38, 1.97, 71),
(10262, 2, 38, 1.97, 101),
(10263, 2, 38, 1.97, 102),
(10264, 2, 38, 1.97, 103),
(10265, 2, 38, 1.97, 104),
(10266, 2, 38, 1.97, 105),
(10267, 2, 38, 1.97, 106),
(10268, 2, 38, 1.97, 107),
(10269, 2, 38, 1.97, 108),
(10270, 2, 38, 1.97, 109),
(10271, 2, 38, 1.97, 110),
(10272, 2, 38, 1.97, 111),
(10273, 2, 38, 1.97, 113),
(10274, 4, 38, 0.0194129, 71),
(10275, 4, 38, 0.0194129, 101),
(10276, 4, 38, 0.0194129, 102),
(10277, 4, 38, 0.0194129, 103),
(10278, 4, 38, 0.0194129, 104),
(10279, 4, 38, 0.0194129, 105),
(10280, 4, 38, 0.0194129, 106),
(10281, 4, 38, 0.0194129, 107),
(10282, 4, 38, 0.0194129, 108),
(10283, 4, 38, 0.0194129, 109),
(10284, 4, 38, 0.0194129, 110),
(10285, 4, 38, 0.0194129, 111),
(10286, 4, 38, 0.0194129, 113),
(10287, 3, 39, 1, 71),
(10288, 3, 39, 1, 101),
(10289, 3, 39, 1, 102),
(10290, 3, 39, 1, 103),
(10291, 3, 39, 1, 104),
(10292, 3, 39, 1, 105),
(10293, 3, 39, 1, 106),
(10294, 3, 39, 1, 107),
(10295, 3, 39, 1, 108),
(10296, 3, 39, 1, 109),
(10297, 3, 39, 1, 110),
(10298, 3, 39, 1, 111),
(10299, 3, 39, 1, 113),
(10300, 2, 39, 1.97, 71),
(10301, 2, 39, 1.97, 101),
(10302, 2, 39, 1.97, 102),
(10303, 2, 39, 1.97, 103),
(10304, 2, 39, 1.97, 104),
(10305, 2, 39, 1.97, 105),
(10306, 2, 39, 1.97, 106),
(10307, 2, 39, 1.97, 107),
(10308, 2, 39, 1.97, 108),
(10309, 2, 39, 1.97, 109),
(10310, 2, 39, 1.97, 110),
(10311, 2, 39, 1.97, 111),
(10312, 2, 39, 1.97, 113),
(10313, 4, 39, 0.0194129, 71),
(10314, 4, 39, 0.0194129, 101),
(10315, 4, 39, 0.0194129, 102),
(10316, 4, 39, 0.0194129, 103),
(10317, 4, 39, 0.0194129, 104),
(10318, 4, 39, 0.0194129, 105),
(10319, 4, 39, 0.0194129, 106),
(10320, 4, 39, 0.0194129, 107),
(10321, 4, 39, 0.0194129, 108),
(10322, 4, 39, 0.0194129, 109),
(10323, 4, 39, 0.0194129, 110),
(10324, 4, 39, 0.0194129, 111),
(10325, 4, 39, 0.0194129, 113),
(10326, 3, 40, 1, 71),
(10327, 3, 40, 1, 101),
(10328, 3, 40, 1, 102),
(10329, 3, 40, 1, 103),
(10330, 3, 40, 1, 104),
(10331, 3, 40, 1, 105),
(10332, 3, 40, 1, 106),
(10333, 3, 40, 1, 107),
(10334, 3, 40, 1, 108),
(10335, 3, 40, 1, 109),
(10336, 3, 40, 1, 110),
(10337, 3, 40, 1, 111),
(10338, 3, 40, 1, 113),
(10339, 2, 40, 2.49, 71),
(10340, 2, 40, 2.49, 101),
(10341, 2, 40, 2.49, 102),
(10342, 2, 40, 2.49, 103),
(10343, 2, 40, 2.49, 104),
(10344, 2, 40, 2.49, 105),
(10345, 2, 40, 2.49, 106),
(10346, 2, 40, 2.49, 107),
(10347, 2, 40, 2.49, 108),
(10348, 2, 40, 2.49, 109),
(10349, 2, 40, 2.49, 110),
(10350, 2, 40, 2.49, 111),
(10351, 2, 40, 2.49, 113),
(10352, 4, 40, 0.0246212, 71),
(10353, 4, 40, 0.0246212, 101),
(10354, 4, 40, 0.0246212, 102),
(10355, 4, 40, 0.0246212, 103),
(10356, 4, 40, 0.0246212, 104),
(10357, 4, 40, 0.0246212, 105),
(10358, 4, 40, 0.0246212, 106),
(10359, 4, 40, 0.0246212, 107),
(10360, 4, 40, 0.0246212, 108),
(10361, 4, 40, 0.0246212, 109),
(10362, 4, 40, 0.0246212, 110),
(10363, 4, 40, 0.0246212, 111),
(10364, 4, 40, 0.0246212, 113),
(10365, 3, 41, 0, 71),
(10366, 3, 41, 0, 101),
(10367, 3, 41, 0, 102),
(10368, 3, 41, 0, 103),
(10369, 3, 41, 0, 104),
(10370, 3, 41, 0, 105),
(10371, 3, 41, 0, 106),
(10372, 3, 41, 0, 107),
(10373, 3, 41, 0, 108),
(10374, 3, 41, 0, 109),
(10375, 3, 41, 0, 110),
(10376, 3, 41, 0, 111),
(10377, 3, 41, 0, 113),
(10378, 2, 41, 0.78, 71),
(10379, 2, 41, 0.78, 101),
(10380, 2, 41, 0.78, 102),
(10381, 2, 41, 0.78, 103),
(10382, 2, 41, 0.78, 104),
(10383, 2, 41, 0.78, 105),
(10384, 2, 41, 0.78, 106),
(10385, 2, 41, 0.78, 107),
(10386, 2, 41, 0.78, 108),
(10387, 2, 41, 0.78, 109),
(10388, 2, 41, 0.78, 110),
(10389, 2, 41, 0.78, 111),
(10390, 2, 41, 0.78, 113),
(10391, 4, 41, 0.00804924, 71),
(10392, 4, 41, 0.00804924, 101),
(10393, 4, 41, 0.00804924, 102),
(10394, 4, 41, 0.00804924, 103),
(10395, 4, 41, 0.00804924, 104),
(10396, 4, 41, 0.00804924, 105),
(10397, 4, 41, 0.00804924, 106),
(10398, 4, 41, 0.00804924, 107),
(10399, 4, 41, 0.00804924, 108),
(10400, 4, 41, 0.00804924, 109),
(10401, 4, 41, 0.00804924, 110),
(10402, 4, 41, 0.00804924, 111),
(10403, 4, 41, 0.00804924, 113),
(10404, 3, 42, 3, 71),
(10405, 3, 42, 3, 101),
(10406, 3, 42, 3, 102),
(10407, 3, 42, 3, 103),
(10408, 3, 42, 3, 104),
(10409, 3, 42, 3, 105),
(10410, 3, 42, 3, 106),
(10411, 3, 42, 3, 107),
(10412, 3, 42, 3, 108),
(10413, 3, 42, 3, 109),
(10414, 3, 42, 3, 110),
(10415, 3, 42, 3, 111),
(10416, 3, 42, 3, 113),
(10417, 2, 42, 1.97, 71),
(10418, 2, 42, 1.97, 101),
(10419, 2, 42, 1.97, 102),
(10420, 2, 42, 1.97, 103),
(10421, 2, 42, 1.97, 104),
(10422, 2, 42, 1.97, 105),
(10423, 2, 42, 1.97, 106),
(10424, 2, 42, 1.97, 107),
(10425, 2, 42, 1.97, 108),
(10426, 2, 42, 1.97, 109),
(10427, 2, 42, 1.97, 110),
(10428, 2, 42, 1.97, 111),
(10429, 2, 42, 1.97, 113),
(10430, 4, 42, 0.0194129, 71),
(10431, 4, 42, 0.0194129, 101),
(10432, 4, 42, 0.0194129, 102),
(10433, 4, 42, 0.0194129, 103),
(10434, 4, 42, 0.0194129, 104),
(10435, 4, 42, 0.0194129, 105),
(10436, 4, 42, 0.0194129, 106),
(10437, 4, 42, 0.0194129, 107),
(10438, 4, 42, 0.0194129, 108),
(10439, 4, 42, 0.0194129, 109),
(10440, 4, 42, 0.0194129, 110),
(10441, 4, 42, 0.0194129, 111),
(10442, 4, 42, 0.0194129, 113),
(10443, 3, 43, 2, 71),
(10444, 3, 43, 2, 101),
(10445, 3, 43, 2, 102),
(10446, 3, 43, 2, 103),
(10447, 3, 43, 2, 104),
(10448, 3, 43, 2, 105),
(10449, 3, 43, 2, 106),
(10450, 3, 43, 2, 107),
(10451, 3, 43, 2, 108),
(10452, 3, 43, 2, 109),
(10453, 3, 43, 2, 110),
(10454, 3, 43, 2, 111),
(10455, 3, 43, 2, 113),
(10456, 2, 43, 1.97, 71),
(10457, 2, 43, 1.97, 101),
(10458, 2, 43, 1.97, 102),
(10459, 2, 43, 1.97, 103),
(10460, 2, 43, 1.97, 104),
(10461, 2, 43, 1.97, 105),
(10462, 2, 43, 1.97, 106),
(10463, 2, 43, 1.97, 107),
(10464, 2, 43, 1.97, 108),
(10465, 2, 43, 1.97, 109),
(10466, 2, 43, 1.97, 110),
(10467, 2, 43, 1.97, 111),
(10468, 2, 43, 1.97, 113),
(10469, 4, 43, 0.0194129, 71),
(10470, 4, 43, 0.0194129, 101),
(10471, 4, 43, 0.0194129, 102),
(10472, 4, 43, 0.0194129, 103),
(10473, 4, 43, 0.0194129, 104),
(10474, 4, 43, 0.0194129, 105),
(10475, 4, 43, 0.0194129, 106),
(10476, 4, 43, 0.0194129, 107),
(10477, 4, 43, 0.0194129, 108),
(10478, 4, 43, 0.0194129, 109),
(10479, 4, 43, 0.0194129, 110),
(10480, 4, 43, 0.0194129, 111),
(10481, 4, 43, 0.0194129, 113),
(10482, 3, 44, 2, 71),
(10483, 3, 44, 2, 101),
(10484, 3, 44, 2, 102),
(10485, 3, 44, 2, 103),
(10486, 3, 44, 2, 104),
(10487, 3, 44, 2, 105),
(10488, 3, 44, 2, 106),
(10489, 3, 44, 2, 107),
(10490, 3, 44, 2, 108),
(10491, 3, 44, 2, 109),
(10492, 3, 44, 2, 110),
(10493, 3, 44, 2, 111),
(10494, 3, 44, 2, 113),
(10495, 2, 44, 1.97, 71),
(10496, 2, 44, 1.97, 101),
(10497, 2, 44, 1.97, 102),
(10498, 2, 44, 1.97, 103),
(10499, 2, 44, 1.97, 104),
(10500, 2, 44, 1.97, 105),
(10501, 2, 44, 1.97, 106),
(10502, 2, 44, 1.97, 107),
(10503, 2, 44, 1.97, 108),
(10504, 2, 44, 1.97, 109),
(10505, 2, 44, 1.97, 110),
(10506, 2, 44, 1.97, 111),
(10507, 2, 44, 1.97, 113),
(10508, 4, 44, 0.0194129, 71),
(10509, 4, 44, 0.0194129, 101),
(10510, 4, 44, 0.0194129, 102),
(10511, 4, 44, 0.0194129, 103),
(10512, 4, 44, 0.0194129, 104),
(10513, 4, 44, 0.0194129, 105),
(10514, 4, 44, 0.0194129, 106),
(10515, 4, 44, 0.0194129, 107),
(10516, 4, 44, 0.0194129, 108),
(10517, 4, 44, 0.0194129, 109),
(10518, 4, 44, 0.0194129, 110),
(10519, 4, 44, 0.0194129, 111),
(10520, 4, 44, 0.0194129, 113),
(10521, 3, 45, 4, 71),
(10522, 3, 45, 4, 101),
(10523, 3, 45, 4, 102),
(10524, 3, 45, 4, 103),
(10525, 3, 45, 4, 104),
(10526, 3, 45, 4, 105),
(10527, 3, 45, 4, 106),
(10528, 3, 45, 4, 107),
(10529, 3, 45, 4, 108),
(10530, 3, 45, 4, 109),
(10531, 3, 45, 4, 110),
(10532, 3, 45, 4, 111),
(10533, 3, 45, 4, 113),
(10534, 2, 45, 2.49, 71),
(10535, 2, 45, 2.49, 101),
(10536, 2, 45, 2.49, 102),
(10537, 2, 45, 2.49, 103),
(10538, 2, 45, 2.49, 104),
(10539, 2, 45, 2.49, 105),
(10540, 2, 45, 2.49, 106),
(10541, 2, 45, 2.49, 107),
(10542, 2, 45, 2.49, 108),
(10543, 2, 45, 2.49, 109),
(10544, 2, 45, 2.49, 110),
(10545, 2, 45, 2.49, 111),
(10546, 2, 45, 2.49, 113),
(10547, 4, 45, 0.0246212, 71),
(10548, 4, 45, 0.0246212, 101),
(10549, 4, 45, 0.0246212, 102),
(10550, 4, 45, 0.0246212, 103),
(10551, 4, 45, 0.0246212, 104),
(10552, 4, 45, 0.0246212, 105),
(10553, 4, 45, 0.0246212, 106),
(10554, 4, 45, 0.0246212, 107),
(10555, 4, 45, 0.0246212, 108),
(10556, 4, 45, 0.0246212, 109),
(10557, 4, 45, 0.0246212, 110),
(10558, 4, 45, 0.0246212, 111),
(10559, 4, 45, 0.0246212, 113),
(10560, 3, 46, 1, 71),
(10561, 3, 46, 1, 101),
(10562, 3, 46, 1, 102),
(10563, 3, 46, 1, 103),
(10564, 3, 46, 1, 104),
(10565, 3, 46, 1, 105),
(10566, 3, 46, 1, 106),
(10567, 3, 46, 1, 107),
(10568, 3, 46, 1, 108),
(10569, 3, 46, 1, 109),
(10570, 3, 46, 1, 110),
(10571, 3, 46, 1, 111),
(10572, 3, 46, 1, 113),
(10573, 2, 46, 0.78, 71),
(10574, 2, 46, 0.78, 101),
(10575, 2, 46, 0.78, 102),
(10576, 2, 46, 0.78, 103),
(10577, 2, 46, 0.78, 104),
(10578, 2, 46, 0.78, 105),
(10579, 2, 46, 0.78, 106),
(10580, 2, 46, 0.78, 107),
(10581, 2, 46, 0.78, 108),
(10582, 2, 46, 0.78, 109),
(10583, 2, 46, 0.78, 110),
(10584, 2, 46, 0.78, 111),
(10585, 2, 46, 0.78, 113),
(10586, 4, 46, 0.00804924, 71);
INSERT INTO `coefficient_values` (`id`, `id_coefficient`, `id_apartment`, `value`, `id_upkeep`) VALUES
(10587, 4, 46, 0.00804924, 101),
(10588, 4, 46, 0.00804924, 102),
(10589, 4, 46, 0.00804924, 103),
(10590, 4, 46, 0.00804924, 104),
(10591, 4, 46, 0.00804924, 105),
(10592, 4, 46, 0.00804924, 106),
(10593, 4, 46, 0.00804924, 107),
(10594, 4, 46, 0.00804924, 108),
(10595, 4, 46, 0.00804924, 109),
(10596, 4, 46, 0.00804924, 110),
(10597, 4, 46, 0.00804924, 111),
(10598, 4, 46, 0.00804924, 113),
(10599, 3, 47, 1, 71),
(10600, 3, 47, 1, 101),
(10601, 3, 47, 1, 102),
(10602, 3, 47, 1, 103),
(10603, 3, 47, 1, 104),
(10604, 3, 47, 1, 105),
(10605, 3, 47, 1, 106),
(10606, 3, 47, 1, 107),
(10607, 3, 47, 1, 108),
(10608, 3, 47, 1, 109),
(10609, 3, 47, 1, 110),
(10610, 3, 47, 1, 111),
(10611, 3, 47, 1, 113),
(10612, 2, 47, 1.97, 71),
(10613, 2, 47, 1.97, 101),
(10614, 2, 47, 1.97, 102),
(10615, 2, 47, 1.97, 103),
(10616, 2, 47, 1.97, 104),
(10617, 2, 47, 1.97, 105),
(10618, 2, 47, 1.97, 106),
(10619, 2, 47, 1.97, 107),
(10620, 2, 47, 1.97, 108),
(10621, 2, 47, 1.97, 109),
(10622, 2, 47, 1.97, 110),
(10623, 2, 47, 1.97, 111),
(10624, 2, 47, 1.97, 113),
(10625, 4, 47, 0.0194129, 71),
(10626, 4, 47, 0.0194129, 101),
(10627, 4, 47, 0.0194129, 102),
(10628, 4, 47, 0.0194129, 103),
(10629, 4, 47, 0.0194129, 104),
(10630, 4, 47, 0.0194129, 105),
(10631, 4, 47, 0.0194129, 106),
(10632, 4, 47, 0.0194129, 107),
(10633, 4, 47, 0.0194129, 108),
(10634, 4, 47, 0.0194129, 109),
(10635, 4, 47, 0.0194129, 110),
(10636, 4, 47, 0.0194129, 111),
(10637, 4, 47, 0.0194129, 113),
(10638, 3, 48, 0, 71),
(10639, 3, 48, 0, 101),
(10640, 3, 48, 0, 102),
(10641, 3, 48, 0, 103),
(10642, 3, 48, 0, 104),
(10643, 3, 48, 0, 105),
(10644, 3, 48, 0, 106),
(10645, 3, 48, 0, 107),
(10646, 3, 48, 0, 108),
(10647, 3, 48, 0, 109),
(10648, 3, 48, 0, 110),
(10649, 3, 48, 0, 111),
(10650, 3, 48, 0, 113),
(10651, 2, 48, 1.97, 71),
(10652, 2, 48, 1.97, 101),
(10653, 2, 48, 1.97, 102),
(10654, 2, 48, 1.97, 103),
(10655, 2, 48, 1.97, 104),
(10656, 2, 48, 1.97, 105),
(10657, 2, 48, 1.97, 106),
(10658, 2, 48, 1.97, 107),
(10659, 2, 48, 1.97, 108),
(10660, 2, 48, 1.97, 109),
(10661, 2, 48, 1.97, 110),
(10662, 2, 48, 1.97, 111),
(10663, 2, 48, 1.97, 113),
(10664, 4, 48, 0.0194129, 71),
(10665, 4, 48, 0.0194129, 101),
(10666, 4, 48, 0.0194129, 102),
(10667, 4, 48, 0.0194129, 103),
(10668, 4, 48, 0.0194129, 104),
(10669, 4, 48, 0.0194129, 105),
(10670, 4, 48, 0.0194129, 106),
(10671, 4, 48, 0.0194129, 107),
(10672, 4, 48, 0.0194129, 108),
(10673, 4, 48, 0.0194129, 109),
(10674, 4, 48, 0.0194129, 110),
(10675, 4, 48, 0.0194129, 111),
(10676, 4, 48, 0.0194129, 113),
(10677, 3, 49, 1, 71),
(10678, 3, 49, 1, 101),
(10679, 3, 49, 1, 102),
(10680, 3, 49, 1, 103),
(10681, 3, 49, 1, 104),
(10682, 3, 49, 1, 105),
(10683, 3, 49, 1, 106),
(10684, 3, 49, 1, 107),
(10685, 3, 49, 1, 108),
(10686, 3, 49, 1, 109),
(10687, 3, 49, 1, 110),
(10688, 3, 49, 1, 111),
(10689, 3, 49, 1, 113),
(10690, 2, 49, 1.97, 71),
(10691, 2, 49, 1.97, 101),
(10692, 2, 49, 1.97, 102),
(10693, 2, 49, 1.97, 103),
(10694, 2, 49, 1.97, 104),
(10695, 2, 49, 1.97, 105),
(10696, 2, 49, 1.97, 106),
(10697, 2, 49, 1.97, 107),
(10698, 2, 49, 1.97, 108),
(10699, 2, 49, 1.97, 109),
(10700, 2, 49, 1.97, 110),
(10701, 2, 49, 1.97, 111),
(10702, 2, 49, 1.97, 113),
(10703, 4, 49, 0.0194129, 71),
(10704, 4, 49, 0.0194129, 101),
(10705, 4, 49, 0.0194129, 102),
(10706, 4, 49, 0.0194129, 103),
(10707, 4, 49, 0.0194129, 104),
(10708, 4, 49, 0.0194129, 105),
(10709, 4, 49, 0.0194129, 106),
(10710, 4, 49, 0.0194129, 107),
(10711, 4, 49, 0.0194129, 108),
(10712, 4, 49, 0.0194129, 109),
(10713, 4, 49, 0.0194129, 110),
(10714, 4, 49, 0.0194129, 111),
(10715, 4, 49, 0.0194129, 113),
(10716, 3, 50, 1, 71),
(10717, 3, 50, 1, 101),
(10718, 3, 50, 1, 102),
(10719, 3, 50, 1, 103),
(10720, 3, 50, 1, 104),
(10721, 3, 50, 1, 105),
(10722, 3, 50, 1, 106),
(10723, 3, 50, 1, 107),
(10724, 3, 50, 1, 108),
(10725, 3, 50, 1, 109),
(10726, 3, 50, 1, 110),
(10727, 3, 50, 1, 111),
(10728, 3, 50, 1, 113),
(10729, 2, 50, 2.49, 71),
(10730, 2, 50, 2.49, 101),
(10731, 2, 50, 2.49, 102),
(10732, 2, 50, 2.49, 103),
(10733, 2, 50, 2.49, 104),
(10734, 2, 50, 2.49, 105),
(10735, 2, 50, 2.49, 106),
(10736, 2, 50, 2.49, 107),
(10737, 2, 50, 2.49, 108),
(10738, 2, 50, 2.49, 109),
(10739, 2, 50, 2.49, 110),
(10740, 2, 50, 2.49, 111),
(10741, 2, 50, 2.49, 113),
(10742, 4, 50, 0.0246212, 71),
(10743, 4, 50, 0.0246212, 101),
(10744, 4, 50, 0.0246212, 102),
(10745, 4, 50, 0.0246212, 103),
(10746, 4, 50, 0.0246212, 104),
(10747, 4, 50, 0.0246212, 105),
(10748, 4, 50, 0.0246212, 106),
(10749, 4, 50, 0.0246212, 107),
(10750, 4, 50, 0.0246212, 108),
(10751, 4, 50, 0.0246212, 109),
(10752, 4, 50, 0.0246212, 110),
(10753, 4, 50, 0.0246212, 111),
(10754, 4, 50, 0.0246212, 113),
(10755, 3, 51, 2, 71),
(10756, 3, 51, 2, 101),
(10757, 3, 51, 2, 102),
(10758, 3, 51, 2, 103),
(10759, 3, 51, 2, 104),
(10760, 3, 51, 2, 105),
(10761, 3, 51, 2, 106),
(10762, 3, 51, 2, 107),
(10763, 3, 51, 2, 108),
(10764, 3, 51, 2, 109),
(10765, 3, 51, 2, 110),
(10766, 3, 51, 2, 111),
(10767, 3, 51, 2, 113),
(10768, 2, 51, 0.78, 71),
(10769, 2, 51, 0.78, 101),
(10770, 2, 51, 0.78, 102),
(10771, 2, 51, 0.78, 103),
(10772, 2, 51, 0.78, 104),
(10773, 2, 51, 0.78, 105),
(10774, 2, 51, 0.78, 106),
(10775, 2, 51, 0.78, 107),
(10776, 2, 51, 0.78, 108),
(10777, 2, 51, 0.78, 109),
(10778, 2, 51, 0.78, 110),
(10779, 2, 51, 0.78, 111),
(10780, 2, 51, 0.78, 113),
(10781, 4, 51, 0.00804924, 71),
(10782, 4, 51, 0.00804924, 101),
(10783, 4, 51, 0.00804924, 102),
(10784, 4, 51, 0.00804924, 103),
(10785, 4, 51, 0.00804924, 104),
(10786, 4, 51, 0.00804924, 105),
(10787, 4, 51, 0.00804924, 106),
(10788, 4, 51, 0.00804924, 107),
(10789, 4, 51, 0.00804924, 108),
(10790, 4, 51, 0.00804924, 109),
(10791, 4, 51, 0.00804924, 110),
(10792, 4, 51, 0.00804924, 111),
(10793, 4, 51, 0.00804924, 113),
(10794, 3, 52, 1, 71),
(10795, 3, 52, 1, 101),
(10796, 3, 52, 1, 102),
(10797, 3, 52, 1, 103),
(10798, 3, 52, 1, 104),
(10799, 3, 52, 1, 105),
(10800, 3, 52, 1, 106),
(10801, 3, 52, 1, 107),
(10802, 3, 52, 1, 108),
(10803, 3, 52, 1, 109),
(10804, 3, 52, 1, 110),
(10805, 3, 52, 1, 111),
(10806, 3, 52, 1, 113),
(10807, 2, 52, 1.97, 71),
(10808, 2, 52, 1.97, 101),
(10809, 2, 52, 1.97, 102),
(10810, 2, 52, 1.97, 103),
(10811, 2, 52, 1.97, 104),
(10812, 2, 52, 1.97, 105),
(10813, 2, 52, 1.97, 106),
(10814, 2, 52, 1.97, 107),
(10815, 2, 52, 1.97, 108),
(10816, 2, 52, 1.97, 109),
(10817, 2, 52, 1.97, 110),
(10818, 2, 52, 1.97, 111),
(10819, 2, 52, 1.97, 113),
(10820, 4, 52, 0.0194129, 71),
(10821, 4, 52, 0.0194129, 101),
(10822, 4, 52, 0.0194129, 102),
(10823, 4, 52, 0.0194129, 103),
(10824, 4, 52, 0.0194129, 104),
(10825, 4, 52, 0.0194129, 105),
(10826, 4, 52, 0.0194129, 106),
(10827, 4, 52, 0.0194129, 107),
(10828, 4, 52, 0.0194129, 108),
(10829, 4, 52, 0.0194129, 109),
(10830, 4, 52, 0.0194129, 110),
(10831, 4, 52, 0.0194129, 111),
(10832, 4, 52, 0.0194129, 113),
(10833, 3, 53, 3, 71),
(10834, 3, 53, 3, 101),
(10835, 3, 53, 3, 102),
(10836, 3, 53, 3, 103),
(10837, 3, 53, 3, 104),
(10838, 3, 53, 3, 105),
(10839, 3, 53, 3, 106),
(10840, 3, 53, 3, 107),
(10841, 3, 53, 3, 108),
(10842, 3, 53, 3, 109),
(10843, 3, 53, 3, 110),
(10844, 3, 53, 3, 111),
(10845, 3, 53, 3, 113),
(10846, 2, 53, 1.97, 71),
(10847, 2, 53, 1.97, 101),
(10848, 2, 53, 1.97, 102),
(10849, 2, 53, 1.97, 103),
(10850, 2, 53, 1.97, 104),
(10851, 2, 53, 1.97, 105),
(10852, 2, 53, 1.97, 106),
(10853, 2, 53, 1.97, 107),
(10854, 2, 53, 1.97, 108),
(10855, 2, 53, 1.97, 109),
(10856, 2, 53, 1.97, 110),
(10857, 2, 53, 1.97, 111),
(10858, 2, 53, 1.97, 113),
(10859, 4, 53, 0.0194129, 71),
(10860, 4, 53, 0.0194129, 101),
(10861, 4, 53, 0.0194129, 102),
(10862, 4, 53, 0.0194129, 103),
(10863, 4, 53, 0.0194129, 104),
(10864, 4, 53, 0.0194129, 105),
(10865, 4, 53, 0.0194129, 106),
(10866, 4, 53, 0.0194129, 107),
(10867, 4, 53, 0.0194129, 108),
(10868, 4, 53, 0.0194129, 109),
(10869, 4, 53, 0.0194129, 110),
(10870, 4, 53, 0.0194129, 111),
(10871, 4, 53, 0.0194129, 113),
(10872, 3, 54, 3, 71),
(10873, 3, 54, 3, 101),
(10874, 3, 54, 3, 102),
(10875, 3, 54, 3, 103),
(10876, 3, 54, 3, 104),
(10877, 3, 54, 3, 105),
(10878, 3, 54, 3, 106),
(10879, 3, 54, 3, 107),
(10880, 3, 54, 3, 108),
(10881, 3, 54, 3, 109),
(10882, 3, 54, 3, 110),
(10883, 3, 54, 3, 111),
(10884, 3, 54, 3, 113),
(10885, 2, 54, 1.97, 71),
(10886, 2, 54, 1.97, 101),
(10887, 2, 54, 1.97, 102),
(10888, 2, 54, 1.97, 103),
(10889, 2, 54, 1.97, 104),
(10890, 2, 54, 1.97, 105),
(10891, 2, 54, 1.97, 106),
(10892, 2, 54, 1.97, 107),
(10893, 2, 54, 1.97, 108),
(10894, 2, 54, 1.97, 109),
(10895, 2, 54, 1.97, 110),
(10896, 2, 54, 1.97, 111),
(10897, 2, 54, 1.97, 113),
(10898, 4, 54, 0.0194129, 71),
(10899, 4, 54, 0.0194129, 101),
(10900, 4, 54, 0.0194129, 102),
(10901, 4, 54, 0.0194129, 103),
(10902, 4, 54, 0.0194129, 104),
(10903, 4, 54, 0.0194129, 105),
(10904, 4, 54, 0.0194129, 106),
(10905, 4, 54, 0.0194129, 107),
(10906, 4, 54, 0.0194129, 108),
(10907, 4, 54, 0.0194129, 109),
(10908, 4, 54, 0.0194129, 110),
(10909, 4, 54, 0.0194129, 111),
(10910, 4, 54, 0.0194129, 113),
(10911, 3, 55, 3, 71),
(10912, 3, 55, 3, 101),
(10913, 3, 55, 3, 102),
(10914, 3, 55, 3, 103),
(10915, 3, 55, 3, 104),
(10916, 3, 55, 3, 105),
(10917, 3, 55, 3, 106),
(10918, 3, 55, 3, 107),
(10919, 3, 55, 3, 108),
(10920, 3, 55, 3, 109),
(10921, 3, 55, 3, 110),
(10922, 3, 55, 3, 111),
(10923, 3, 55, 3, 113),
(10924, 2, 55, 2.49, 71),
(10925, 2, 55, 2.49, 101),
(10926, 2, 55, 2.49, 102),
(10927, 2, 55, 2.49, 103),
(10928, 2, 55, 2.49, 104),
(10929, 2, 55, 2.49, 105),
(10930, 2, 55, 2.49, 106),
(10931, 2, 55, 2.49, 107),
(10932, 2, 55, 2.49, 108),
(10933, 2, 55, 2.49, 109),
(10934, 2, 55, 2.49, 110),
(10935, 2, 55, 2.49, 111),
(10936, 2, 55, 2.49, 113),
(10937, 4, 55, 0.0246212, 71),
(10938, 4, 55, 0.0246212, 101),
(10939, 4, 55, 0.0246212, 102),
(10940, 4, 55, 0.0246212, 103),
(10941, 4, 55, 0.0246212, 104),
(10942, 4, 55, 0.0246212, 105),
(10943, 4, 55, 0.0246212, 106),
(10944, 4, 55, 0.0246212, 107),
(10945, 4, 55, 0.0246212, 108),
(10946, 4, 55, 0.0246212, 109),
(10947, 4, 55, 0.0246212, 110),
(10948, 4, 55, 0.0246212, 111),
(10949, 4, 55, 0.0246212, 113),
(10950, 3, 56, 1, 71),
(10951, 3, 56, 1, 101),
(10952, 3, 56, 1, 102),
(10953, 3, 56, 1, 103),
(10954, 3, 56, 1, 104),
(10955, 3, 56, 1, 105),
(10956, 3, 56, 1, 106),
(10957, 3, 56, 1, 107),
(10958, 3, 56, 1, 108),
(10959, 3, 56, 1, 109),
(10960, 3, 56, 1, 110),
(10961, 3, 56, 1, 111),
(10962, 3, 56, 1, 113),
(10963, 2, 56, 0.78, 71),
(10964, 2, 56, 0.78, 101),
(10965, 2, 56, 0.78, 102),
(10966, 2, 56, 0.78, 103),
(10967, 2, 56, 0.78, 104),
(10968, 2, 56, 0.78, 105),
(10969, 2, 56, 0.78, 106),
(10970, 2, 56, 0.78, 107),
(10971, 2, 56, 0.78, 108);
INSERT INTO `coefficient_values` (`id`, `id_coefficient`, `id_apartment`, `value`, `id_upkeep`) VALUES
(10972, 2, 56, 0.78, 109),
(10973, 2, 56, 0.78, 110),
(10974, 2, 56, 0.78, 111),
(10975, 2, 56, 0.78, 113),
(10976, 4, 56, 0.00804924, 71),
(10977, 4, 56, 0.00804924, 101),
(10978, 4, 56, 0.00804924, 102),
(10979, 4, 56, 0.00804924, 103),
(10980, 4, 56, 0.00804924, 104),
(10981, 4, 56, 0.00804924, 105),
(10982, 4, 56, 0.00804924, 106),
(10983, 4, 56, 0.00804924, 107),
(10984, 4, 56, 0.00804924, 108),
(10985, 4, 56, 0.00804924, 109),
(10986, 4, 56, 0.00804924, 110),
(10987, 4, 56, 0.00804924, 111),
(10988, 4, 56, 0.00804924, 113),
(10989, 3, 57, 3, 71),
(10990, 3, 57, 3, 101),
(10991, 3, 57, 3, 102),
(10992, 3, 57, 3, 103),
(10993, 3, 57, 3, 104),
(10994, 3, 57, 3, 105),
(10995, 3, 57, 3, 106),
(10996, 3, 57, 3, 107),
(10997, 3, 57, 3, 108),
(10998, 3, 57, 3, 109),
(10999, 3, 57, 3, 110),
(11000, 3, 57, 3, 111),
(11001, 3, 57, 3, 113),
(11002, 2, 57, 1.97, 71),
(11003, 2, 57, 1.97, 101),
(11004, 2, 57, 1.97, 102),
(11005, 2, 57, 1.97, 103),
(11006, 2, 57, 1.97, 104),
(11007, 2, 57, 1.97, 105),
(11008, 2, 57, 1.97, 106),
(11009, 2, 57, 1.97, 107),
(11010, 2, 57, 1.97, 108),
(11011, 2, 57, 1.97, 109),
(11012, 2, 57, 1.97, 110),
(11013, 2, 57, 1.97, 111),
(11014, 2, 57, 1.97, 113),
(11015, 4, 57, 0.0194129, 71),
(11016, 4, 57, 0.0194129, 101),
(11017, 4, 57, 0.0194129, 102),
(11018, 4, 57, 0.0194129, 103),
(11019, 4, 57, 0.0194129, 104),
(11020, 4, 57, 0.0194129, 105),
(11021, 4, 57, 0.0194129, 106),
(11022, 4, 57, 0.0194129, 107),
(11023, 4, 57, 0.0194129, 108),
(11024, 4, 57, 0.0194129, 109),
(11025, 4, 57, 0.0194129, 110),
(11026, 4, 57, 0.0194129, 111),
(11027, 4, 57, 0.0194129, 113),
(11028, 3, 58, 1, 71),
(11029, 3, 58, 1, 101),
(11030, 3, 58, 1, 102),
(11031, 3, 58, 1, 103),
(11032, 3, 58, 1, 104),
(11033, 3, 58, 1, 105),
(11034, 3, 58, 1, 106),
(11035, 3, 58, 1, 107),
(11036, 3, 58, 1, 108),
(11037, 3, 58, 1, 109),
(11038, 3, 58, 1, 110),
(11039, 3, 58, 1, 111),
(11040, 3, 58, 1, 113),
(11041, 2, 58, 1.97, 71),
(11042, 2, 58, 1.97, 101),
(11043, 2, 58, 1.97, 102),
(11044, 2, 58, 1.97, 103),
(11045, 2, 58, 1.97, 104),
(11046, 2, 58, 1.97, 105),
(11047, 2, 58, 1.97, 106),
(11048, 2, 58, 1.97, 107),
(11049, 2, 58, 1.97, 108),
(11050, 2, 58, 1.97, 109),
(11051, 2, 58, 1.97, 110),
(11052, 2, 58, 1.97, 111),
(11053, 2, 58, 1.97, 113),
(11054, 4, 58, 0.0194129, 71),
(11055, 4, 58, 0.0194129, 101),
(11056, 4, 58, 0.0194129, 102),
(11057, 4, 58, 0.0194129, 103),
(11058, 4, 58, 0.0194129, 104),
(11059, 4, 58, 0.0194129, 105),
(11060, 4, 58, 0.0194129, 106),
(11061, 4, 58, 0.0194129, 107),
(11062, 4, 58, 0.0194129, 108),
(11063, 4, 58, 0.0194129, 109),
(11064, 4, 58, 0.0194129, 110),
(11065, 4, 58, 0.0194129, 111),
(11066, 4, 58, 0.0194129, 113),
(11067, 3, 59, 1, 71),
(11068, 3, 59, 1, 101),
(11069, 3, 59, 1, 102),
(11070, 3, 59, 1, 103),
(11071, 3, 59, 1, 104),
(11072, 3, 59, 1, 105),
(11073, 3, 59, 1, 106),
(11074, 3, 59, 1, 107),
(11075, 3, 59, 1, 108),
(11076, 3, 59, 1, 109),
(11077, 3, 59, 1, 110),
(11078, 3, 59, 1, 111),
(11079, 3, 59, 1, 113),
(11080, 2, 59, 1.97, 71),
(11081, 2, 59, 1.97, 101),
(11082, 2, 59, 1.97, 102),
(11083, 2, 59, 1.97, 103),
(11084, 2, 59, 1.97, 104),
(11085, 2, 59, 1.97, 105),
(11086, 2, 59, 1.97, 106),
(11087, 2, 59, 1.97, 107),
(11088, 2, 59, 1.97, 108),
(11089, 2, 59, 1.97, 109),
(11090, 2, 59, 1.97, 110),
(11091, 2, 59, 1.97, 111),
(11092, 2, 59, 1.97, 113),
(11093, 4, 59, 0.0194129, 71),
(11094, 4, 59, 0.0194129, 101),
(11095, 4, 59, 0.0194129, 102),
(11096, 4, 59, 0.0194129, 103),
(11097, 4, 59, 0.0194129, 104),
(11098, 4, 59, 0.0194129, 105),
(11099, 4, 59, 0.0194129, 106),
(11100, 4, 59, 0.0194129, 107),
(11101, 4, 59, 0.0194129, 108),
(11102, 4, 59, 0.0194129, 109),
(11103, 4, 59, 0.0194129, 110),
(11104, 4, 59, 0.0194129, 111),
(11105, 4, 59, 0.0194129, 113),
(11106, 3, 60, 2, 71),
(11107, 3, 60, 2, 101),
(11108, 3, 60, 2, 102),
(11109, 3, 60, 2, 103),
(11110, 3, 60, 2, 104),
(11111, 3, 60, 2, 105),
(11112, 3, 60, 2, 106),
(11113, 3, 60, 2, 107),
(11114, 3, 60, 2, 108),
(11115, 3, 60, 2, 109),
(11116, 3, 60, 2, 110),
(11117, 3, 60, 2, 111),
(11118, 3, 60, 2, 113),
(11119, 2, 60, 2.49, 71),
(11120, 2, 60, 2.49, 101),
(11121, 2, 60, 2.49, 102),
(11122, 2, 60, 2.49, 103),
(11123, 2, 60, 2.49, 104),
(11124, 2, 60, 2.49, 105),
(11125, 2, 60, 2.49, 106),
(11126, 2, 60, 2.49, 107),
(11127, 2, 60, 2.49, 108),
(11128, 2, 60, 2.49, 109),
(11129, 2, 60, 2.49, 110),
(11130, 2, 60, 2.49, 111),
(11131, 2, 60, 2.49, 113),
(11132, 4, 60, 0.0246212, 71),
(11133, 4, 60, 0.0246212, 101),
(11134, 4, 60, 0.0246212, 102),
(11135, 4, 60, 0.0246212, 103),
(11136, 4, 60, 0.0246212, 104),
(11137, 4, 60, 0.0246212, 105),
(11138, 4, 60, 0.0246212, 106),
(11139, 4, 60, 0.0246212, 107),
(11140, 4, 60, 0.0246212, 108),
(11141, 4, 60, 0.0246212, 109),
(11142, 4, 60, 0.0246212, 110),
(11143, 4, 60, 0.0246212, 111),
(11144, 4, 60, 0.0246212, 113),
(11145, 3, 61, 2, 71),
(11146, 3, 61, 2, 101),
(11147, 3, 61, 2, 102),
(11148, 3, 61, 2, 103),
(11149, 3, 61, 2, 104),
(11150, 3, 61, 2, 105),
(11151, 3, 61, 2, 106),
(11152, 3, 61, 2, 107),
(11153, 3, 61, 2, 108),
(11154, 3, 61, 2, 109),
(11155, 3, 61, 2, 110),
(11156, 3, 61, 2, 111),
(11157, 3, 61, 2, 113),
(11158, 2, 61, 0.78, 71),
(11159, 2, 61, 0.78, 101),
(11160, 2, 61, 0.78, 102),
(11161, 2, 61, 0.78, 103),
(11162, 2, 61, 0.78, 104),
(11163, 2, 61, 0.78, 105),
(11164, 2, 61, 0.78, 106),
(11165, 2, 61, 0.78, 107),
(11166, 2, 61, 0.78, 108),
(11167, 2, 61, 0.78, 109),
(11168, 2, 61, 0.78, 110),
(11169, 2, 61, 0.78, 111),
(11170, 2, 61, 0.78, 113),
(11171, 4, 61, 0.00804924, 71),
(11172, 4, 61, 0.00804924, 101),
(11173, 4, 61, 0.00804924, 102),
(11174, 4, 61, 0.00804924, 103),
(11175, 4, 61, 0.00804924, 104),
(11176, 4, 61, 0.00804924, 105),
(11177, 4, 61, 0.00804924, 106),
(11178, 4, 61, 0.00804924, 107),
(11179, 4, 61, 0.00804924, 108),
(11180, 4, 61, 0.00804924, 109),
(11181, 4, 61, 0.00804924, 110),
(11182, 4, 61, 0.00804924, 111),
(11183, 4, 61, 0.00804924, 113),
(11184, 3, 62, 3, 71),
(11185, 3, 62, 3, 101),
(11186, 3, 62, 3, 102),
(11187, 3, 62, 3, 103),
(11188, 3, 62, 3, 104),
(11189, 3, 62, 3, 105),
(11190, 3, 62, 3, 106),
(11191, 3, 62, 3, 107),
(11192, 3, 62, 3, 108),
(11193, 3, 62, 3, 109),
(11194, 3, 62, 3, 110),
(11195, 3, 62, 3, 111),
(11196, 3, 62, 3, 113),
(11197, 2, 62, 1.97, 71),
(11198, 2, 62, 1.97, 101),
(11199, 2, 62, 1.97, 102),
(11200, 2, 62, 1.97, 103),
(11201, 2, 62, 1.97, 104),
(11202, 2, 62, 1.97, 105),
(11203, 2, 62, 1.97, 106),
(11204, 2, 62, 1.97, 107),
(11205, 2, 62, 1.97, 108),
(11206, 2, 62, 1.97, 109),
(11207, 2, 62, 1.97, 110),
(11208, 2, 62, 1.97, 111),
(11209, 2, 62, 1.97, 113),
(11210, 4, 62, 0.0194129, 71),
(11211, 4, 62, 0.0194129, 101),
(11212, 4, 62, 0.0194129, 102),
(11213, 4, 62, 0.0194129, 103),
(11214, 4, 62, 0.0194129, 104),
(11215, 4, 62, 0.0194129, 105),
(11216, 4, 62, 0.0194129, 106),
(11217, 4, 62, 0.0194129, 107),
(11218, 4, 62, 0.0194129, 108),
(11219, 4, 62, 0.0194129, 109),
(11220, 4, 62, 0.0194129, 110),
(11221, 4, 62, 0.0194129, 111),
(11222, 4, 62, 0.0194129, 113),
(11223, 3, 63, 2, 71),
(11224, 3, 63, 2, 101),
(11225, 3, 63, 2, 102),
(11226, 3, 63, 2, 103),
(11227, 3, 63, 2, 104),
(11228, 3, 63, 2, 105),
(11229, 3, 63, 2, 106),
(11230, 3, 63, 2, 107),
(11231, 3, 63, 2, 108),
(11232, 3, 63, 2, 109),
(11233, 3, 63, 2, 110),
(11234, 3, 63, 2, 111),
(11235, 3, 63, 2, 113),
(11236, 2, 63, 1.97, 71),
(11237, 2, 63, 1.97, 101),
(11238, 2, 63, 1.97, 102),
(11239, 2, 63, 1.97, 103),
(11240, 2, 63, 1.97, 104),
(11241, 2, 63, 1.97, 105),
(11242, 2, 63, 1.97, 106),
(11243, 2, 63, 1.97, 107),
(11244, 2, 63, 1.97, 108),
(11245, 2, 63, 1.97, 109),
(11246, 2, 63, 1.97, 110),
(11247, 2, 63, 1.97, 111),
(11248, 2, 63, 1.97, 113),
(11249, 4, 63, 0.0194129, 71),
(11250, 4, 63, 0.0194129, 101),
(11251, 4, 63, 0.0194129, 102),
(11252, 4, 63, 0.0194129, 103),
(11253, 4, 63, 0.0194129, 104),
(11254, 4, 63, 0.0194129, 105),
(11255, 4, 63, 0.0194129, 106),
(11256, 4, 63, 0.0194129, 107),
(11257, 4, 63, 0.0194129, 108),
(11258, 4, 63, 0.0194129, 109),
(11259, 4, 63, 0.0194129, 110),
(11260, 4, 63, 0.0194129, 111),
(11261, 4, 63, 0.0194129, 113),
(11262, 3, 64, 1, 71),
(11263, 3, 64, 1, 101),
(11264, 3, 64, 1, 102),
(11265, 3, 64, 1, 103),
(11266, 3, 64, 1, 104),
(11267, 3, 64, 1, 105),
(11268, 3, 64, 1, 106),
(11269, 3, 64, 1, 107),
(11270, 3, 64, 1, 108),
(11271, 3, 64, 1, 109),
(11272, 3, 64, 1, 110),
(11273, 3, 64, 1, 111),
(11274, 3, 64, 1, 113),
(11275, 2, 64, 1.97, 71),
(11276, 2, 64, 1.97, 101),
(11277, 2, 64, 1.97, 102),
(11278, 2, 64, 1.97, 103),
(11279, 2, 64, 1.97, 104),
(11280, 2, 64, 1.97, 105),
(11281, 2, 64, 1.97, 106),
(11282, 2, 64, 1.97, 107),
(11283, 2, 64, 1.97, 108),
(11284, 2, 64, 1.97, 109),
(11285, 2, 64, 1.97, 110),
(11286, 2, 64, 1.97, 111),
(11287, 2, 64, 1.97, 113),
(11288, 4, 64, 0.0194129, 71),
(11289, 4, 64, 0.0194129, 101),
(11290, 4, 64, 0.0194129, 102),
(11291, 4, 64, 0.0194129, 103),
(11292, 4, 64, 0.0194129, 104),
(11293, 4, 64, 0.0194129, 105),
(11294, 4, 64, 0.0194129, 106),
(11295, 4, 64, 0.0194129, 107),
(11296, 4, 64, 0.0194129, 108),
(11297, 4, 64, 0.0194129, 109),
(11298, 4, 64, 0.0194129, 110),
(11299, 4, 64, 0.0194129, 111),
(11300, 4, 64, 0.0194129, 113),
(11301, 3, 65, 2, 71),
(11302, 3, 65, 2, 101),
(11303, 3, 65, 2, 102),
(11304, 3, 65, 2, 103),
(11305, 3, 65, 2, 104),
(11306, 3, 65, 2, 105),
(11307, 3, 65, 2, 106),
(11308, 3, 65, 2, 107),
(11309, 3, 65, 2, 108),
(11310, 3, 65, 2, 109),
(11311, 3, 65, 2, 110),
(11312, 3, 65, 2, 111),
(11313, 3, 65, 2, 113),
(11314, 2, 65, 2.49, 71),
(11315, 2, 65, 2.49, 101),
(11316, 2, 65, 2.49, 102),
(11317, 2, 65, 2.49, 103),
(11318, 2, 65, 2.49, 104),
(11319, 2, 65, 2.49, 105),
(11320, 2, 65, 2.49, 106),
(11321, 2, 65, 2.49, 107),
(11322, 2, 65, 2.49, 108),
(11323, 2, 65, 2.49, 109),
(11324, 2, 65, 2.49, 110),
(11325, 2, 65, 2.49, 111),
(11326, 2, 65, 2.49, 113),
(11327, 4, 65, 0.0246212, 71),
(11328, 4, 65, 0.0246212, 101),
(11329, 4, 65, 0.0246212, 102),
(11330, 4, 65, 0.0246212, 103),
(11331, 4, 65, 0.0246212, 104),
(11332, 4, 65, 0.0246212, 105),
(11333, 4, 65, 0.0246212, 106),
(11334, 4, 65, 0.0246212, 107),
(11335, 4, 65, 0.0246212, 108),
(11336, 4, 65, 0.0246212, 109),
(11337, 4, 65, 0.0246212, 110),
(11338, 4, 65, 0.0246212, 111),
(11339, 4, 65, 0.0246212, 113),
(11340, 3, 66, 2, 71),
(11341, 3, 66, 2, 101),
(11342, 2, 66, 0.78, 71),
(11343, 2, 66, 0.78, 101),
(11344, 4, 66, 0.00804924, 71),
(11345, 4, 66, 0.00804924, 101),
(11346, 3, 67, 2, 71),
(11347, 3, 67, 2, 101),
(11348, 2, 67, 1.97, 71),
(11349, 2, 67, 1.97, 101),
(11350, 4, 67, 0.0194129, 71),
(11351, 4, 67, 0.0194129, 101),
(11352, 3, 68, 1, 71),
(11353, 3, 68, 1, 101),
(11354, 3, 68, 1, 102),
(11355, 3, 68, 1, 103);
INSERT INTO `coefficient_values` (`id`, `id_coefficient`, `id_apartment`, `value`, `id_upkeep`) VALUES
(11356, 3, 68, 1, 104),
(11357, 3, 68, 1, 105),
(11358, 3, 68, 1, 106),
(11359, 3, 68, 1, 107),
(11360, 3, 68, 1, 108),
(11361, 3, 68, 1, 109),
(11362, 3, 68, 1, 110),
(11363, 3, 68, 1, 111),
(11364, 3, 68, 1, 113),
(11365, 2, 68, 1.97, 71),
(11366, 2, 68, 1.97, 101),
(11367, 2, 68, 1.97, 102),
(11368, 2, 68, 1.97, 103),
(11369, 2, 68, 1.97, 104),
(11370, 2, 68, 1.97, 105),
(11371, 2, 68, 1.97, 106),
(11372, 2, 68, 1.97, 107),
(11373, 2, 68, 1.97, 108),
(11374, 2, 68, 1.97, 109),
(11375, 2, 68, 1.97, 110),
(11376, 2, 68, 1.97, 111),
(11377, 2, 68, 1.97, 113),
(11378, 4, 68, 0.0194129, 71),
(11379, 4, 68, 0.0194129, 101),
(11380, 4, 68, 0.0194129, 102),
(11381, 4, 68, 0.0194129, 103),
(11382, 4, 68, 0.0194129, 104),
(11383, 4, 68, 0.0194129, 105),
(11384, 4, 68, 0.0194129, 106),
(11385, 4, 68, 0.0194129, 107),
(11386, 4, 68, 0.0194129, 108),
(11387, 4, 68, 0.0194129, 109),
(11388, 4, 68, 0.0194129, 110),
(11389, 4, 68, 0.0194129, 111),
(11390, 4, 68, 0.0194129, 113),
(11391, 3, 69, 3, 71),
(11392, 3, 69, 3, 101),
(11393, 3, 69, 3, 102),
(11394, 3, 69, 3, 103),
(11395, 2, 69, 1.97, 71),
(11396, 2, 69, 1.97, 101),
(11397, 2, 69, 1.97, 102),
(11398, 2, 69, 1.97, 103),
(11399, 4, 69, 0.0194129, 71),
(11400, 4, 69, 0.0194129, 101),
(11401, 4, 69, 0.0194129, 102),
(11402, 4, 69, 0.0194129, 103),
(11403, 3, 70, 1, 71),
(11404, 3, 70, 1, 101),
(11405, 3, 70, 1, 102),
(11406, 3, 70, 1, 103),
(11407, 3, 70, 1, 104),
(11408, 3, 70, 1, 105),
(11409, 3, 70, 1, 106),
(11410, 3, 70, 1, 107),
(11411, 3, 70, 1, 108),
(11412, 3, 70, 1, 109),
(11413, 3, 70, 1, 110),
(11414, 3, 70, 1, 111),
(11415, 3, 70, 1, 113),
(11416, 2, 70, 2.49, 71),
(11417, 2, 70, 2.49, 101),
(11418, 2, 70, 2.49, 102),
(11419, 2, 70, 2.49, 103),
(11420, 2, 70, 2.49, 104),
(11421, 2, 70, 2.49, 105),
(11422, 2, 70, 2.49, 106),
(11423, 2, 70, 2.49, 107),
(11424, 2, 70, 2.49, 108),
(11425, 2, 70, 2.49, 109),
(11426, 2, 70, 2.49, 110),
(11427, 2, 70, 2.49, 111),
(11428, 2, 70, 2.49, 113),
(11429, 4, 70, 0.0246212, 71),
(11430, 4, 70, 0.0246212, 101),
(11431, 4, 70, 0.0246212, 102),
(11432, 4, 70, 0.0246212, 103),
(11433, 4, 70, 0.0246212, 104),
(11434, 4, 70, 0.0246212, 105),
(11435, 4, 70, 0.0246212, 106),
(11436, 4, 70, 0.0246212, 107),
(11437, 4, 70, 0.0246212, 108),
(11438, 4, 70, 0.0246212, 109),
(11439, 4, 70, 0.0246212, 110),
(11440, 4, 70, 0.0246212, 111),
(11441, 4, 70, 0.0246212, 113),
(11442, 3, 71, 1, 71),
(11443, 3, 71, 1, 101),
(11444, 3, 71, 1, 102),
(11445, 3, 71, 1, 103),
(11446, 3, 71, 1, 104),
(11447, 3, 71, 1, 105),
(11448, 3, 71, 1, 106),
(11449, 3, 71, 1, 107),
(11450, 3, 71, 1, 108),
(11451, 3, 71, 1, 109),
(11452, 3, 71, 1, 110),
(11453, 3, 71, 1, 111),
(11454, 3, 71, 1, 113),
(11455, 2, 71, 0.78, 71),
(11456, 2, 71, 0.78, 101),
(11457, 2, 71, 0.78, 102),
(11458, 2, 71, 0.78, 103),
(11459, 2, 71, 0.78, 104),
(11460, 2, 71, 0.78, 105),
(11461, 2, 71, 0.78, 106),
(11462, 2, 71, 0.78, 107),
(11463, 2, 71, 0.78, 108),
(11464, 2, 71, 0.78, 109),
(11465, 2, 71, 0.78, 110),
(11466, 2, 71, 0.78, 111),
(11467, 2, 71, 0.78, 113),
(11468, 4, 71, 0.00804924, 71),
(11469, 4, 71, 0.00804924, 101),
(11470, 4, 71, 0.00804924, 102),
(11471, 4, 71, 0.00804924, 103),
(11472, 4, 71, 0.00804924, 104),
(11473, 4, 71, 0.00804924, 105),
(11474, 4, 71, 0.00804924, 106),
(11475, 4, 71, 0.00804924, 107),
(11476, 4, 71, 0.00804924, 108),
(11477, 4, 71, 0.00804924, 109),
(11478, 4, 71, 0.00804924, 110),
(11479, 4, 71, 0.00804924, 111),
(11480, 4, 71, 0.00804924, 113),
(11481, 3, 72, 0, 71),
(11482, 3, 72, 0, 101),
(11483, 3, 72, 0, 102),
(11484, 3, 72, 0, 103),
(11485, 3, 72, 0, 104),
(11486, 3, 72, 0, 105),
(11487, 3, 72, 0, 106),
(11488, 3, 72, 0, 107),
(11489, 3, 72, 0, 108),
(11490, 3, 72, 0, 109),
(11491, 3, 72, 0, 110),
(11492, 3, 72, 0, 111),
(11493, 3, 72, 0, 113),
(11494, 2, 72, 1.97, 71),
(11495, 2, 72, 1.97, 101),
(11496, 2, 72, 1.97, 102),
(11497, 2, 72, 1.97, 103),
(11498, 2, 72, 1.97, 104),
(11499, 2, 72, 1.97, 105),
(11500, 2, 72, 1.97, 106),
(11501, 2, 72, 1.97, 107),
(11502, 2, 72, 1.97, 108),
(11503, 2, 72, 1.97, 109),
(11504, 2, 72, 1.97, 110),
(11505, 2, 72, 1.97, 111),
(11506, 2, 72, 1.97, 113),
(11507, 4, 72, 0.0194129, 71),
(11508, 4, 72, 0.0194129, 101),
(11509, 4, 72, 0.0194129, 102),
(11510, 4, 72, 0.0194129, 103),
(11511, 4, 72, 0.0194129, 104),
(11512, 4, 72, 0.0194129, 105),
(11513, 4, 72, 0.0194129, 106),
(11514, 4, 72, 0.0194129, 107),
(11515, 4, 72, 0.0194129, 108),
(11516, 4, 72, 0.0194129, 109),
(11517, 4, 72, 0.0194129, 110),
(11518, 4, 72, 0.0194129, 111),
(11519, 4, 72, 0.0194129, 113),
(11520, 3, 73, 2, 71),
(11521, 3, 73, 2, 101),
(11522, 3, 73, 2, 102),
(11523, 3, 73, 2, 103),
(11524, 3, 73, 2, 105),
(11525, 3, 73, 2, 106),
(11526, 2, 73, 1.97, 71),
(11527, 2, 73, 1.97, 101),
(11528, 2, 73, 1.97, 102),
(11529, 2, 73, 1.97, 103),
(11530, 2, 73, 1.97, 105),
(11531, 2, 73, 1.97, 106),
(11532, 4, 73, 0.0194129, 71),
(11533, 4, 73, 0.0194129, 101),
(11534, 4, 73, 0.0194129, 102),
(11535, 4, 73, 0.0194129, 103),
(11536, 4, 73, 0.0194129, 105),
(11537, 4, 73, 0.0194129, 106),
(11538, 3, 74, 1, 71),
(11539, 3, 74, 1, 101),
(11540, 3, 74, 1, 102),
(11541, 3, 74, 1, 103),
(11542, 3, 74, 1, 104),
(11543, 3, 74, 1, 105),
(11544, 3, 74, 1, 106),
(11545, 3, 74, 1, 107),
(11546, 3, 74, 1, 108),
(11547, 3, 74, 1, 109),
(11548, 3, 74, 1, 110),
(11549, 3, 74, 1, 111),
(11550, 3, 74, 1, 113),
(11551, 2, 74, 1.97, 71),
(11552, 2, 74, 1.97, 101),
(11553, 2, 74, 1.97, 102),
(11554, 2, 74, 1.97, 103),
(11555, 2, 74, 1.97, 104),
(11556, 2, 74, 1.97, 105),
(11557, 2, 74, 1.97, 106),
(11558, 2, 74, 1.97, 107),
(11559, 2, 74, 1.97, 108),
(11560, 2, 74, 1.97, 109),
(11561, 2, 74, 1.97, 110),
(11562, 2, 74, 1.97, 111),
(11563, 2, 74, 1.97, 113),
(11564, 4, 74, 0.0194129, 71),
(11565, 4, 74, 0.0194129, 101),
(11566, 4, 74, 0.0194129, 102),
(11567, 4, 74, 0.0194129, 103),
(11568, 4, 74, 0.0194129, 104),
(11569, 4, 74, 0.0194129, 105),
(11570, 4, 74, 0.0194129, 106),
(11571, 4, 74, 0.0194129, 107),
(11572, 4, 74, 0.0194129, 108),
(11573, 4, 74, 0.0194129, 109),
(11574, 4, 74, 0.0194129, 110),
(11575, 4, 74, 0.0194129, 111),
(11576, 4, 74, 0.0194129, 113),
(11577, 3, 75, 3, 71),
(11578, 3, 75, 3, 101),
(11579, 2, 75, 2.49, 71),
(11580, 2, 75, 2.49, 101),
(11581, 4, 75, 0.0246212, 71),
(11582, 4, 75, 0.0246212, 101),
(11583, 3, 67, 5, 102),
(11584, 3, 67, 5, 103),
(11585, 2, 67, 1.97, 102),
(11586, 2, 67, 1.97, 103),
(11587, 4, 67, 0.0194129, 102),
(11588, 4, 67, 0.0194129, 103),
(11589, 3, 66, 1, 102),
(11590, 3, 66, 1, 103),
(11591, 3, 66, 1, 104),
(11592, 3, 66, 1, 105),
(11593, 3, 66, 1, 106),
(11594, 3, 66, 1, 107),
(11595, 3, 66, 1, 108),
(11596, 3, 66, 1, 109),
(11597, 3, 66, 1, 110),
(11598, 3, 66, 1, 111),
(11599, 3, 66, 1, 113),
(11600, 2, 66, 0.78, 102),
(11601, 2, 66, 0.78, 103),
(11602, 2, 66, 0.78, 104),
(11603, 2, 66, 0.78, 105),
(11604, 2, 66, 0.78, 106),
(11605, 2, 66, 0.78, 107),
(11606, 2, 66, 0.78, 108),
(11607, 2, 66, 0.78, 109),
(11608, 2, 66, 0.78, 110),
(11609, 2, 66, 0.78, 111),
(11610, 2, 66, 0.78, 113),
(11611, 4, 66, 0.00804924, 102),
(11612, 4, 66, 0.00804924, 103),
(11613, 4, 66, 0.00804924, 104),
(11614, 4, 66, 0.00804924, 105),
(11615, 4, 66, 0.00804924, 106),
(11616, 4, 66, 0.00804924, 107),
(11617, 4, 66, 0.00804924, 108),
(11618, 4, 66, 0.00804924, 109),
(11619, 4, 66, 0.00804924, 110),
(11620, 4, 66, 0.00804924, 111),
(11621, 4, 66, 0.00804924, 113),
(11622, 3, 21, 2, 105),
(11623, 3, 21, 2, 106),
(11624, 3, 21, 2, 107),
(11625, 3, 21, 2, 108),
(11626, 3, 21, 2, 109),
(11627, 3, 21, 2, 110),
(11628, 2, 21, 0.78, 105),
(11629, 2, 21, 0.78, 106),
(11630, 2, 21, 0.78, 107),
(11631, 2, 21, 0.78, 108),
(11632, 2, 21, 0.78, 109),
(11633, 2, 21, 0.78, 110),
(11634, 4, 21, 0.00804924, 105),
(11635, 4, 21, 0.00804924, 106),
(11636, 4, 21, 0.00804924, 107),
(11637, 4, 21, 0.00804924, 108),
(11638, 4, 21, 0.00804924, 109),
(11639, 4, 21, 0.00804924, 110),
(11640, 3, 75, 1, 102),
(11641, 3, 75, 1, 103),
(11642, 3, 75, 1, 104),
(11643, 3, 75, 1, 105),
(11649, 3, 75, 1, 111),
(11650, 3, 75, 1, 113),
(11651, 2, 75, 2.49, 102),
(11652, 2, 75, 2.49, 103),
(11653, 2, 75, 2.49, 104),
(11654, 2, 75, 2.49, 105),
(11660, 2, 75, 2.49, 111),
(11661, 2, 75, 2.49, 113),
(11662, 4, 75, 0.0246212, 102),
(11663, 4, 75, 0.0246212, 103),
(11664, 4, 75, 0.0246212, 104),
(11665, 4, 75, 0.0246212, 105),
(11671, 4, 75, 0.0246212, 111),
(11672, 4, 75, 0.0246212, 113),
(11673, 3, 67, 3, 104),
(11674, 3, 67, 3, 105),
(11675, 3, 67, 3, 106),
(11676, 3, 67, 3, 107),
(11677, 3, 67, 3, 108),
(11678, 3, 67, 3, 109),
(11679, 3, 67, 3, 110),
(11680, 3, 67, 3, 111),
(11681, 3, 67, 3, 113),
(11682, 2, 67, 1.97, 104),
(11683, 2, 67, 1.97, 105),
(11684, 2, 67, 1.97, 106),
(11685, 2, 67, 1.97, 107),
(11686, 2, 67, 1.97, 108),
(11687, 2, 67, 1.97, 109),
(11688, 2, 67, 1.97, 110),
(11689, 2, 67, 1.97, 111),
(11690, 2, 67, 1.97, 113),
(11691, 4, 67, 0.0194129, 104),
(11692, 4, 67, 0.0194129, 105),
(11693, 4, 67, 0.0194129, 106),
(11694, 4, 67, 0.0194129, 107),
(11695, 4, 67, 0.0194129, 108),
(11696, 4, 67, 0.0194129, 109),
(11697, 4, 67, 0.0194129, 110),
(11698, 4, 67, 0.0194129, 111),
(11699, 4, 67, 0.0194129, 113),
(11700, 3, 69, 3, 105),
(11701, 3, 69, 3, 106),
(11702, 2, 69, 1.97, 105),
(11703, 2, 69, 1.97, 106),
(11704, 4, 69, 0.0194129, 105),
(11705, 4, 69, 0.0194129, 106),
(11706, 3, 75, 3, 106),
(11707, 2, 75, 2.49, 106),
(11708, 4, 75, 0.0246212, 106),
(11709, 3, 69, 2, 104),
(11710, 3, 69, 2, 107),
(11711, 3, 69, 2, 108),
(11712, 3, 69, 2, 109),
(11713, 3, 69, 2, 110),
(11714, 3, 69, 2, 111),
(11715, 3, 69, 2, 113),
(11716, 2, 69, 1.97, 104),
(11717, 2, 69, 1.97, 107),
(11718, 2, 69, 1.97, 108),
(11719, 2, 69, 1.97, 109),
(11720, 2, 69, 1.97, 110),
(11721, 2, 69, 1.97, 111),
(11722, 2, 69, 1.97, 113),
(11723, 4, 69, 0.0194129, 104),
(11724, 4, 69, 0.0194129, 107),
(11725, 4, 69, 0.0194129, 108),
(11726, 4, 69, 0.0194129, 109),
(11727, 4, 69, 0.0194129, 110),
(11728, 4, 69, 0.0194129, 111),
(11729, 4, 69, 0.0194129, 113),
(11730, 3, 73, 0, 104),
(11731, 3, 73, 0, 107),
(11735, 3, 73, 0, 111),
(11736, 3, 73, 0, 113),
(11737, 2, 73, 1.97, 104),
(11738, 2, 73, 1.97, 107),
(11742, 2, 73, 1.97, 111),
(11743, 2, 73, 1.97, 113),
(11744, 4, 73, 0.0194129, 104),
(11745, 4, 73, 0.0194129, 107),
(11749, 4, 73, 0.0194129, 111),
(11750, 4, 73, 0.0194129, 113),
(11751, 3, 75, 1, 107),
(11755, 2, 75, 2.49, 107),
(11759, 4, 75, 0.0246212, 107),
(11763, 3, 73, 4, 108),
(11766, 2, 73, 1.97, 108),
(11769, 4, 73, 0.0194129, 108),
(11772, 3, 75, 3, 108),
(11773, 3, 75, 3, 109),
(11774, 2, 75, 2.49, 108),
(11775, 2, 75, 2.49, 109),
(11776, 4, 75, 0.0246212, 108),
(11777, 4, 75, 0.0246212, 109),
(11778, 3, 73, 2, 109),
(11779, 3, 73, 2, 110);
INSERT INTO `coefficient_values` (`id`, `id_coefficient`, `id_apartment`, `value`, `id_upkeep`) VALUES
(11780, 2, 73, 1.97, 109),
(11781, 2, 73, 1.97, 110),
(11782, 4, 73, 0.0194129, 109),
(11783, 4, 73, 0.0194129, 110),
(11784, 3, 75, 2, 110),
(11785, 2, 75, 2.49, 110),
(11786, 4, 75, 0.0246212, 110),
(11787, 3, 21, 1, 113),
(11788, 2, 21, 0.78, 113),
(11789, 4, 21, 0.00804924, 113),
(13734, 2, 165, 0.78, 114),
(13735, 3, 165, 1, 114),
(13736, 4, 165, 17, 114),
(13737, 2, 166, 2.49, 114),
(13738, 3, 166, 4, 114),
(13739, 4, 166, 52, 114),
(13740, 2, 167, 1.97, 114),
(13741, 3, 167, 4, 114),
(13742, 4, 167, 41, 114),
(13743, 2, 168, 1.97, 114),
(13744, 3, 168, 2, 114),
(13745, 4, 168, 41, 114),
(13746, 2, 169, 1.97, 114),
(13747, 3, 169, 1, 114),
(13748, 4, 169, 41, 114),
(13749, 2, 170, 0.78, 114),
(13750, 3, 170, 0, 114),
(13751, 4, 170, 17, 114),
(13752, 2, 171, 2.49, 114),
(13753, 3, 171, 2, 114),
(13754, 4, 171, 52, 114),
(13755, 2, 172, 1.97, 114),
(13756, 3, 172, 3, 114),
(13757, 4, 172, 41, 114),
(13758, 2, 173, 1.97, 114),
(13759, 3, 173, 0, 114),
(13760, 4, 173, 41, 114),
(13761, 2, 174, 1.97, 114),
(13762, 3, 174, 2, 114),
(13763, 4, 174, 41, 114),
(13764, 2, 175, 0.78, 114),
(13765, 3, 175, 1, 114),
(13766, 4, 175, 17, 114),
(13767, 2, 176, 2.49, 114),
(13768, 3, 176, 3, 114),
(13769, 4, 176, 52, 114),
(13770, 2, 177, 1.97, 114),
(13771, 3, 177, 1, 114),
(13772, 4, 177, 41, 114),
(13773, 2, 178, 1.97, 114),
(13774, 3, 178, 4, 114),
(13775, 4, 178, 41, 114),
(13776, 2, 179, 1.97, 114),
(13777, 3, 179, 3, 114),
(13778, 4, 179, 41, 114),
(13779, 2, 180, 0.78, 114),
(13780, 3, 180, 2, 114),
(13781, 4, 180, 17, 114),
(13782, 2, 181, 2.49, 114),
(13783, 3, 181, 3, 114),
(13784, 4, 181, 52, 114),
(13785, 2, 182, 1.97, 114),
(13786, 3, 182, 2, 114),
(13787, 4, 182, 41, 114),
(13788, 2, 183, 1.97, 114),
(13789, 3, 183, 1, 114),
(13790, 4, 183, 41, 114),
(13791, 2, 184, 1.97, 114),
(13792, 3, 184, 1, 114),
(13793, 4, 184, 41, 114),
(13794, 2, 185, 0.78, 114),
(13795, 3, 185, 1, 114),
(13796, 4, 185, 17, 114),
(13797, 2, 186, 2.49, 114),
(13798, 3, 186, 3, 114),
(13799, 4, 186, 52, 114),
(13800, 2, 187, 1.97, 114),
(13801, 3, 187, 2, 114),
(13802, 4, 187, 41, 114),
(13803, 2, 188, 1.97, 114),
(13804, 3, 188, 2, 114),
(13805, 4, 188, 41, 114),
(13806, 2, 189, 1.97, 114),
(13807, 3, 189, 4, 114),
(13808, 4, 189, 41, 114),
(13809, 2, 190, 0.78, 114),
(13810, 3, 190, 2, 114),
(13811, 4, 190, 17, 114),
(13812, 2, 191, 2.49, 114),
(13813, 3, 191, 1, 114),
(13814, 4, 191, 30, 114),
(13815, 2, 192, 1.97, 114),
(13816, 3, 192, 1, 114),
(13817, 4, 192, 41, 114),
(13818, 2, 193, 1.97, 114),
(13819, 3, 193, 0, 114),
(13820, 4, 193, 41, 114),
(13821, 2, 194, 1.97, 114),
(13822, 3, 194, 3, 114),
(13823, 4, 194, 41, 114),
(13824, 2, 195, 0.78, 114),
(13825, 3, 195, 1, 114),
(13826, 4, 195, 17, 114),
(13827, 2, 196, 2.49, 114),
(13828, 3, 196, 2, 114),
(13829, 4, 196, 52, 114),
(13830, 2, 197, 1.97, 114),
(13831, 3, 197, 3, 114),
(13832, 4, 197, 41, 114),
(13833, 2, 198, 1.97, 114),
(13834, 3, 198, 3, 114),
(13835, 4, 198, 41, 114),
(13836, 2, 199, 1.97, 114),
(13837, 3, 199, 3, 114),
(13838, 4, 199, 41, 114),
(13839, 2, 200, 0.78, 114),
(13840, 3, 200, 1, 114),
(13841, 4, 200, 17, 114),
(13842, 2, 201, 2.49, 114),
(13843, 3, 201, 0, 114),
(13844, 4, 201, 52, 114),
(13845, 2, 202, 1.97, 114),
(13846, 3, 202, 1, 114),
(13847, 4, 202, 41, 114),
(13848, 2, 203, 1.97, 114),
(13849, 3, 203, 0, 114),
(13850, 4, 203, 41, 114),
(13851, 2, 204, 1.97, 114),
(13852, 3, 204, 2, 114),
(13853, 4, 204, 41, 114),
(13854, 2, 205, 0.78, 114),
(13855, 3, 205, 1, 114),
(13856, 4, 205, 17, 114),
(13857, 2, 206, 2.49, 114),
(13858, 3, 206, 3, 114),
(13859, 4, 206, 52, 114),
(13860, 2, 207, 1.97, 114),
(13861, 3, 207, 2, 114),
(13862, 4, 207, 41, 114),
(13863, 2, 208, 1.97, 114),
(13864, 3, 208, 1, 114),
(13865, 4, 208, 41, 114),
(13866, 2, 209, 1.97, 114),
(13867, 3, 209, 2, 114),
(13868, 4, 209, 41, 114),
(13869, 2, 210, 0.78, 114),
(13870, 3, 210, 2, 114),
(13871, 4, 210, 17, 114),
(13872, 2, 211, 2.49, 114),
(13873, 3, 211, 2, 114),
(13874, 4, 211, 52, 114),
(13875, 2, 212, 1.97, 114),
(13876, 3, 212, 0, 114),
(13877, 4, 212, 41, 114),
(13878, 2, 213, 1.97, 114),
(13879, 3, 213, 3, 114),
(13880, 4, 213, 41, 114),
(13881, 2, 214, 1.97, 114),
(13882, 3, 214, 2, 114),
(13883, 4, 214, 41, 114),
(13884, 2, 215, 0.78, 114),
(13885, 3, 215, 1, 114),
(13886, 4, 215, 17, 114),
(13887, 2, 216, 2.49, 114),
(13888, 3, 216, 0, 114),
(13889, 4, 216, 52, 114),
(13890, 2, 217, 1.97, 114),
(13891, 3, 217, 2, 114),
(13892, 4, 217, 41, 114),
(13893, 2, 218, 1.97, 114),
(13894, 3, 218, 2, 114),
(13895, 4, 218, 41, 114),
(13896, 2, 219, 1.97, 114),
(13897, 3, 219, 2, 114),
(13898, 4, 219, 41, 114);

-- --------------------------------------------------------

--
-- Structura de tabel pentru tabelul `expenses`
--
-- Creare: 11 Mar 2015 la 13:20
--

DROP TABLE IF EXISTS `expenses`;
CREATE TABLE IF NOT EXISTS `expenses` (
  `id` int(10) unsigned NOT NULL AUTO_INCREMENT,
  `name` varchar(128) COLLATE utf8_romanian_ci NOT NULL,
  `id_stair` int(10) unsigned NOT NULL,
  `id_coefficient` int(10) unsigned NOT NULL,
  `supplier` varchar(128) COLLATE utf8_romanian_ci NOT NULL,
  `unit` varchar(4) COLLATE utf8_romanian_ci DEFAULT NULL,
  `title` varchar(23) COLLATE utf8_romanian_ci DEFAULT NULL,
  PRIMARY KEY (`id`),
  UNIQUE KEY `id_stair_2` (`id_stair`,`name`),
  KEY `id_stair` (`id_stair`),
  KEY `id_coefficient` (`id_coefficient`)
) ENGINE=InnoDB  DEFAULT CHARSET=utf8 COLLATE=utf8_romanian_ci AUTO_INCREMENT=37 ;

--
-- RELAȚII PENTRU TABEL `expenses`:
--   `id_stair`
--       `stairs` -> `id`
--   `id_coefficient`
--       `coefficients` -> `id`
--

--
-- Salvarea datelor din tabel `expenses`
--

INSERT INTO `expenses` (`id`, `name`, `id_stair`, `id_coefficient`, `supplier`, `unit`, `title`) VALUES
(2, 'Energie electrica', 3, 3, 'Enel', NULL, NULL),
(3, 'Gaze', 3, 3, 'Distrigaz', NULL, NULL),
(4, 'Apa rece', 3, 3, 'Radet', NULL, NULL),
(6, 'Salarii', 3, 2, '', NULL, NULL),
(7, 'Cheltuieli administrative', 3, 2, '', NULL, NULL),
(8, 'Ascensor', 3, 2, '', NULL, NULL),
(9, 'Interfon', 3, 2, '', NULL, NULL),
(10, 'Apa calda (rece)', 3, 3, 'Radet', NULL, NULL),
(11, 'Electrica', 4, 3, 'ENEL', NULL, NULL),
(12, 'Gunoi', 4, 2, 'Romprest', NULL, NULL),
(13, 'Ascensor', 4, 3, 'Ascensorul', NULL, NULL),
(14, 'Curatenie', 4, 2, '', NULL, NULL),
(15, 'Salarii', 4, 2, '', NULL, NULL),
(16, 'Reparatii Lift', 4, 2, 'Ascensorul', NULL, NULL),
(20, 'Apa calda', 3, 3, 'Radet', NULL, NULL),
(21, 'Caldura', 3, 4, '', NULL, NULL),
(22, 'Electrica', 5, 3, 'Enel', NULL, NULL),
(23, 'Lift', 5, 3, 'Sc Ascensorul', NULL, NULL),
(24, 'Curatenia', 5, 2, 'Femeia de serviciu', NULL, NULL),
(25, 'Salarii', 5, 2, 'Asociatia de proprietari', NULL, NULL),
(26, 'Reparatii lift', 5, 2, 'Sc Ascensorul', NULL, NULL),
(27, 'Energia Electrica', 6, 3, 'ENEL', '', 'Energia Electrica'),
(28, 'Caldura', 6, 4, 'Radet', '', 'Caldura'),
(29, 'Apa rece', 6, 3, 'Radet', '', 'Apa rece'),
(30, 'Gaze', 6, 3, 'Distrigaz', '', 'Gaze'),
(31, 'Apa calda', 6, 3, 'Radet', '', 'Apa calda'),
(32, 'Salarii administrative', 6, 2, 'Administratie bloc', '', 'Salarii administrative'),
(33, 'Cheltuieli administrative', 6, 2, 'Administratie bloc', '', 'Cheltuieli administrati'),
(34, 'Acensor', 6, 2, '', '', 'Acensor'),
(35, 'Interfon', 6, 2, '', '', 'Interfon');

-- --------------------------------------------------------

--
-- Structura de tabel pentru tabelul `expense_values`
--
-- Creare: 24 Feb 2015 la 15:04
--

DROP TABLE IF EXISTS `expense_values`;
CREATE TABLE IF NOT EXISTS `expense_values` (
  `id_expense` int(10) unsigned NOT NULL,
  `value` float DEFAULT NULL,
  `id_upkeep` int(10) unsigned NOT NULL,
  `quantity` float unsigned DEFAULT NULL,
  PRIMARY KEY (`id_expense`,`id_upkeep`),
  KEY `id_expense` (`id_expense`),
  KEY `id_upkeep` (`id_upkeep`)
) ENGINE=InnoDB DEFAULT CHARSET=utf8 COLLATE=utf8_romanian_ci;

--
-- RELAȚII PENTRU TABEL `expense_values`:
--   `id_expense`
--       `expenses` -> `id`
--   `id_upkeep`
--       `upkeeps` -> `id`
--

--
-- Salvarea datelor din tabel `expense_values`
--

INSERT INTO `expense_values` (`id_expense`, `value`, `id_upkeep`, `quantity`) VALUES
(2, 271.46, 55, NULL),
(2, 399.57, 56, NULL),
(2, 287.28, 57, NULL),
(2, 94.31, 58, NULL),
(2, 382, 59, NULL),
(2, 315.2, 60, NULL),
(2, 255.3, 61, NULL),
(2, 284.36, 62, NULL),
(2, 246.15, 63, NULL),
(2, 212.79, 64, NULL),
(2, 247.02, 65, NULL),
(2, 211.26, 66, NULL),
(2, 199.86, 67, NULL),
(2, 310.86, 68, NULL),
(2, 257.21, 69, NULL),
(2, 164, 70, NULL),
(2, 272.41, 71, NULL),
(2, 215.17, 101, NULL),
(2, 264.78, 102, NULL),
(2, 291.75, 103, NULL),
(2, 237.49, 104, NULL),
(2, 229.33, 105, NULL),
(2, 227.38, 106, NULL),
(2, 258.91, 107, NULL),
(2, 211.84, 108, NULL),
(2, 194.69, 109, NULL),
(2, 298.79, 110, NULL),
(2, 155.61, 111, NULL),
(2, NULL, 113, NULL),
(3, 491.93, 55, NULL),
(3, 511.43, 56, NULL),
(3, 554.32, 57, NULL),
(3, 504.62, 58, NULL),
(3, 504.62, 59, NULL),
(3, 926.11, 60, NULL),
(3, 903.55, 61, NULL),
(3, -129.36, 62, NULL),
(3, 517.27, 63, NULL),
(3, 149.72, 64, NULL),
(3, 524.69, 65, NULL),
(3, 18.36, 66, NULL),
(3, 677.19, 67, NULL),
(3, 556.61, 68, NULL),
(3, 604.24, 69, NULL),
(3, 332, 70, NULL),
(3, 734.56, 71, NULL),
(3, 743.24, 101, NULL),
(3, 95.47, 102, NULL),
(3, 712.32, 103, NULL),
(3, 615.87, 104, NULL),
(3, 194.54, 105, NULL),
(3, 554.54, 106, NULL),
(3, 560.12, 107, NULL),
(3, 571.99, 108, NULL),
(3, 573.72, 109, NULL),
(3, 573.42, 110, NULL),
(3, 454.84, 111, NULL),
(4, 2195.02, 55, 371.28),
(4, 2328, 56, 392),
(4, 1976.67, 57, 336.8),
(4, 2214.48, 58, 377.19),
(4, 1849.41, 59, 312.72),
(4, 1806.78, 60, 294.6),
(4, 2168.85, 61, 324),
(4, 3006, 62, 453.6),
(4, 3333.32, 63, 503.37),
(4, 3499.94, 64, 528.53),
(4, 3394.82, 65, 508.82),
(4, 4134.31, 66, 619.84),
(4, 3336.7, 67, 500),
(4, 3171.4, 68, 474.66),
(4, 2372.89, 69, 354.64),
(4, 2643.31, 70, 382.65),
(4, 2177.72, 71, 308.94),
(4, 2288.13, 101, 322.49),
(4, 2449.91, 102, 348),
(4, 3094.1, 103, 439.74),
(4, 1926.01, 104, 273),
(4, 2407.06, 105, 341.96),
(4, 2789.56, 106, 396.59),
(4, 2934.45, 107, 417.3),
(4, 2781.66, 108, 399.09),
(4, 2365.58, 109, 339.04),
(4, 2167.91, 110, 310.54),
(4, 1977.91, 111, 283.81),
(6, 1260, 55, NULL),
(6, 1650, 56, NULL),
(6, 1650, 57, NULL),
(6, 1650, 58, NULL),
(6, 1650, 59, NULL),
(6, 1650, 60, NULL),
(6, 1650, 61, NULL),
(6, 1650, 62, NULL),
(6, 1673, 63, NULL),
(6, 1673, 64, NULL),
(6, 1673, 65, NULL),
(6, 1673, 66, NULL),
(6, 1673, 67, NULL),
(6, 1673, 68, NULL),
(6, 1673, 69, NULL),
(6, 1812, 70, NULL),
(6, 1812, 71, NULL),
(6, 1812, 101, NULL),
(6, 1812, 102, NULL),
(6, 1812, 103, NULL),
(6, 1750.5, 104, NULL),
(6, 1812, 105, NULL),
(6, 1812, 106, NULL),
(6, 1812, 107, NULL),
(6, 1812, 108, NULL),
(6, 1812, 109, NULL),
(6, 1750.5, 110, NULL),
(6, 1750.5, 111, NULL),
(7, 101.4, 55, NULL),
(7, 185.4, 56, NULL),
(7, 344.6, 57, NULL),
(7, 1385, 58, NULL),
(7, 252.2, 59, NULL),
(7, 179.7, 60, NULL),
(7, 589.6, 61, NULL),
(7, 539, 62, NULL),
(7, 420.4, 63, NULL),
(7, 220.5, 64, NULL),
(7, 600.1, 65, NULL),
(7, 473.9, 66, NULL),
(7, 154.8, 67, NULL),
(7, 616, 68, NULL),
(7, 321, 69, NULL),
(7, 322.2, 70, NULL),
(7, 583.8, 71, NULL),
(7, 592.2, 101, NULL),
(7, 603.8, 102, NULL),
(7, 485.3, 103, NULL),
(7, 232.74, 104, NULL),
(7, 396.9, 105, NULL),
(7, 439.6, 106, NULL),
(7, 867.8, 107, NULL),
(7, 229.6, 108, NULL),
(7, 304.2, 109, NULL),
(7, 193, 110, NULL),
(7, 275.7, 111, NULL),
(8, 297.6, 55, NULL),
(8, 297.6, 56, NULL),
(8, 297.6, 57, NULL),
(8, 297.6, 58, NULL),
(8, 297.6, 59, NULL),
(8, 297.6, 60, NULL),
(8, 297.6, 61, NULL),
(8, 297.6, 62, NULL),
(8, 297.6, 63, NULL),
(8, 297.6, 64, NULL),
(8, 297.6, 65, NULL),
(8, 297.6, 66, NULL),
(8, 297.6, 67, NULL),
(8, 297.6, 68, NULL),
(8, 297.6, 69, NULL),
(8, 297.6, 70, NULL),
(8, 297.6, 71, NULL),
(8, 297.6, 101, NULL),
(8, 297.6, 102, NULL),
(8, 297.6, 103, NULL),
(8, 297.6, 104, NULL),
(8, 297.6, 105, NULL),
(8, 297.6, 106, NULL),
(8, 297.6, 107, NULL),
(8, 297.6, 108, NULL),
(8, 297.6, 109, NULL),
(8, 297.6, 110, NULL),
(8, 297.6, 111, NULL),
(9, 100, 55, NULL),
(9, 100, 56, NULL),
(9, 100, 57, NULL),
(9, 100, 58, NULL),
(9, 100, 59, NULL),
(9, 100, 60, NULL),
(9, 100, 61, NULL),
(9, 100, 62, NULL),
(9, 100, 63, NULL),
(9, 100, 64, NULL),
(9, 100, 65, NULL),
(9, 100, 66, NULL),
(9, 100, 67, NULL),
(9, 100, 68, NULL),
(9, 100, 69, NULL),
(9, 100, 70, NULL),
(9, 100, 71, NULL),
(9, 100, 101, NULL),
(9, 100, 102, NULL),
(9, 100, 103, NULL),
(9, 100, 104, NULL),
(9, 100, 105, NULL),
(9, 100, 106, NULL),
(9, 100, 107, NULL),
(9, 100, 108, NULL),
(9, 100, 109, NULL),
(9, 100, 110, NULL),
(9, 100, 111, NULL),
(10, 814.68, 55, 137.8),
(10, 1839.6, 56, 309.7),
(10, 1607.06, 57, 230.6),
(10, 1313.05, 58, 223.65),
(10, 1428.22, 59, 241.5),
(10, 1336.26, 60, 217.88),
(10, 2294.7, 61, 342.8),
(10, 2083.52, 62, 314.4),
(10, 1956.8, 63, 295.5),
(10, 2013.1, 64, 304),
(10, 1672.72, 65, 250.71),
(10, 1680.83, 66, 252),
(10, 1789.81, 67, 268.2),
(10, 2343.84, 68, 350.8),
(10, 2201.33, 69, 329),
(10, 2542.11, 70, 368),
(10, 2449.53, 71, 347.5),
(10, 2208.73, 101, 311.3),
(10, 2111.99, 102, 300),
(10, 2428.19, 103, 345.1),
(10, 2172.93, 104, 308),
(10, 2034.98, 105, 289.1),
(10, 1553.01, 106, 257.3),
(10, 1902.86, 107, 270.6),
(10, 1424.67, 108, 204.4),
(10, 1423.37, 109, 204),
(10, 2297.48, 110, 329.1),
(10, 2628.01, 111, 377.1),
(11, 308.5, 72, NULL),
(11, 273.17, 73, NULL),
(11, 276.3, 74, NULL),
(11, NULL, 84, NULL),
(11, NULL, 85, NULL),
(12, NULL, 72, NULL),
(12, NULL, 73, NULL),
(12, NULL, 85, NULL),
(13, 452.31, 72, NULL),
(13, 475, 73, NULL),
(13, 466.2, 74, NULL),
(13, NULL, 85, NULL),
(14, 100.8, 72, NULL),
(14, 100.8, 73, NULL),
(14, 100.8, 74, NULL),
(15, 174.32, 72, NULL),
(15, 174.32, 73, NULL),
(15, 174.32, 74, NULL),
(16, 300.14, 72, NULL),
(16, 300.14, 73, NULL),
(16, 300.14, 74, NULL),
(16, NULL, 85, NULL),
(20, 659.68, 55, 137.8),
(20, 1905.1, 56, 309.7),
(20, 1353.39, 57, 230.6),
(20, 1694.56, 58, 223.65),
(20, 1872.93, 59, 241.5),
(20, 1694.5, 60, 217.88),
(20, 2626.82, 61, 342.8),
(20, 2096.49, 62, 314.4),
(20, 1807.06, 63, 295.5),
(20, 1367.62, 64, 304),
(20, 1219.08, 65, 250.71),
(20, 1181.92, 66, 252),
(20, 1471.2, 67, 268.2),
(20, 2301.03, 68, 350.8),
(20, 2248.43, 69, 329),
(20, 3005.21, 70, 368),
(20, 2897.1, 71, 347.5),
(20, 2569.84, 101, 311.3),
(20, 2213.36, 102, 300),
(20, 2428.12, 103, 345.1),
(20, 2138.85, 104, 308),
(20, 1797, 105, 289.1),
(20, 1809.82, 106, 257.3),
(20, 1446.36, 107, 270.6),
(20, 1051.89, 108, 204.4),
(20, 1051.89, 109, 204),
(20, 2482.18, 110, 329.1),
(20, 2673.58, 111, 377.1),
(21, NULL, 55, NULL),
(21, 292.2, 56, NULL),
(21, 7000, 57, NULL),
(21, 9942, 58, NULL),
(21, 10157, 59, NULL),
(21, 9276, 60, NULL),
(21, 7329, 61, NULL),
(21, 2725, 62, NULL),
(21, 4143, 68, NULL),
(21, 6576, 69, NULL),
(21, 11818, 70, NULL),
(21, 11140, 71, NULL),
(21, 7438, 101, NULL),
(21, 4636, 102, NULL),
(21, 3093, 103, NULL),
(21, 8403.49, 104, NULL),
(21, NULL, 105, NULL),
(21, 9941.89, 111, NULL),
(22, 273.17, 88, NULL),
(22, 276.3, 90, NULL),
(22, 404.04, 91, NULL),
(22, 299.39, 92, NULL),
(22, 259.2, 93, NULL),
(22, 410.4, 94, NULL),
(22, 322.92, 95, NULL),
(22, 303.44, 96, NULL),
(22, 308.85, 97, NULL),
(22, 267.09, 98, NULL),
(22, 297.26, 99, NULL),
(23, 475, 88, NULL),
(23, 466.2, 90, NULL),
(23, 466.2, 91, NULL),
(23, 452.31, 92, NULL),
(23, 452.31, 93, NULL),
(23, 452.31, 94, NULL),
(23, 452.31, 95, NULL),
(23, 452.31, 96, NULL),
(23, 452.31, 97, NULL),
(23, 452.31, 98, NULL),
(23, 452.31, 99, NULL),
(24, 100.8, 88, NULL),
(24, 100.8, 90, NULL),
(24, 100.8, 91, NULL),
(24, 100.8, 92, NULL),
(24, 100.8, 93, NULL),
(24, 100.8, 94, NULL),
(24, 100.8, 95, NULL),
(24, 100.8, 96, NULL),
(24, 100.8, 97, NULL),
(24, 100.8, 98, NULL),
(24, 100.8, 99, NULL),
(25, 174.32, 88, NULL),
(25, 174.32, 90, NULL),
(25, 174.32, 91, NULL),
(25, 174.32, 92, NULL),
(25, 174.32, 93, NULL),
(25, 174.32, 94, NULL),
(25, 174.32, 95, NULL),
(25, 174.32, 96, NULL),
(25, 174.32, 97, NULL),
(25, 174.32, 98, NULL),
(25, 174.32, 99, NULL),
(26, 300.14, 88, NULL),
(26, 300.14, 90, NULL),
(26, 300.14, 91, NULL),
(26, 300.14, 92, NULL),
(26, 300.14, 93, NULL),
(26, 300.14, 94, NULL),
(26, 300.14, 95, NULL),
(26, 300.14, 96, NULL),
(26, 300.14, 97, NULL),
(26, 300.14, 98, NULL),
(26, 300.14, 99, NULL),
(27, 324.17, 114, NULL),
(28, 8833.02, 114, NULL),
(29, 1692.89, 114, 238.6),
(30, 742.09, 114, NULL),
(31, 4587.53, 114, NULL),
(32, 1751, 114, NULL),
(33, 395.1, 114, NULL),
(34, 297.6, 114, NULL),
(35, 100, 114, NULL);

-- --------------------------------------------------------

--
-- Structura de tabel pentru tabelul `indexes`
--
-- Creare: 31 Mar 2015 la 14:42
--

DROP TABLE IF EXISTS `indexes`;
CREATE TABLE IF NOT EXISTS `indexes` (
  `id` int(10) unsigned NOT NULL AUTO_INCREMENT,
  `index1` float DEFAULT NULL,
  `index2` float DEFAULT NULL,
  `index3` float DEFAULT NULL,
  `id_upkeep` int(10) unsigned NOT NULL,
  `id_apartment` int(10) unsigned NOT NULL,
  `id_expense` int(10) unsigned NOT NULL,
  PRIMARY KEY (`id`),
  UNIQUE KEY `id_upkeep_2` (`id_upkeep`,`id_apartment`,`id_expense`),
  KEY `id_upkeep` (`id_upkeep`),
  KEY `id_apartment` (`id_apartment`),
  KEY `id_expense` (`id_expense`)
) ENGINE=InnoDB  DEFAULT CHARSET=utf8 COLLATE=utf8_romanian_ci AUTO_INCREMENT=109 ;

--
-- RELAȚII PENTRU TABEL `indexes`:
--   `id_upkeep`
--       `upkeeps` -> `id`
--   `id_apartment`
--       `apartments` -> `id`
--   `id_expense`
--       `expenses` -> `id`
--

--
-- Salvarea datelor din tabel `indexes`
--

INSERT INTO `indexes` (`id`, `index1`, `index2`, `index3`, `id_upkeep`, `id_apartment`, `id_expense`) VALUES
(1, 20, 20, 0, 58, 27, 10),
(2, 1, 2, 0, 58, 27, 20),
(4, 20, 0, 0, 65, 27, 20),
(7, 1, 1, 1, 71, 29, 10),
(10, 1, 2, 3, 71, 21, 10),
(11, 1, 1, 1, 71, 25, 10),
(12, 47, 47, 423, 71, 22, 10),
(13, 57, 366, 423, 71, 23, 10),
(14, 2, 3, 4, 71, 24, 10),
(15, 1, 1, 1, 71, 26, 10),
(16, 1, 1, 1, 71, 28, 10),
(17, 21, 21, 1, 71, 27, 10),
(18, 47, 47, 428, 101, 22, 10),
(19, 57, 368, 425, 101, 23, 10),
(20, 2, 5, 8, 101, 21, 10),
(21, 2, 2, 2, 101, 25, 10),
(22, 5, 6, 7, 101, 24, 10),
(23, 1, 2, 1, 101, 26, 10),
(24, 2, 2, 2, 101, 28, 10),
(25, 2, 1, 1, 101, 29, 10),
(26, 21, 21, 2, 101, 27, 10),
(27, 3, 7, 11, 102, 21, 10),
(28, 50, 50, 430, 102, 22, 10),
(29, 57, 370, 427, 102, 23, 10),
(30, 4, 3, 3, 102, 25, 10),
(31, 8, 9, 10, 102, 24, 10),
(32, 1, 3, 1, 102, 26, 10),
(33, 21, 21, 3, 102, 27, 10),
(34, 3, 1, 1, 102, 29, 10),
(35, 3, 3, 3, 102, 28, 10),
(36, 3, 7, 11, 103, 21, 10),
(37, 1, 0, 0, 104, 21, 10),
(38, 53, 0, 0, 103, 22, 10),
(39, 1, 0, 0, 102, 25, 20),
(42, 1.23124e+06, 0, 0, 102, 27, 20),
(43, 1, 0, 0, 102, 30, 20),
(44, 12, 0, 0, 102, 29, 20),
(46, 2, 3, 4, 102, 30, 10),
(47, 3, 7, 11, 105, 21, 10),
(48, 55, 0, 0, 105, 22, 10),
(49, 60, 373, 433, 105, 23, 10),
(50, 10, 12, 13, 105, 24, 10),
(51, 1, 2, 1, 105, 26, 10),
(52, 24, 24, 0, 105, 27, 10),
(53, 4, 4, 4, 105, 28, 10),
(54, 5, 1, 1, 105, 29, 10),
(55, 12, 12, 12, 105, 30, 10),
(56, 61, 374, 434, 106, 23, 10),
(57, 3, 7, 11, 106, 21, 10),
(58, 12, 13, 14, 106, 30, 10),
(59, 55, 1, 1, 106, 22, 10),
(61, 30, 30, 0, 106, 27, 10),
(63, 1, 2, 4, 106, 26, 10),
(66, 3, 7, 11, 107, 21, 10),
(69, 55, 55, 32, 107, 22, 10),
(70, 61, 374, 434, 107, 23, 10),
(71, 1, 2, 4, 107, 26, 10),
(72, 30, 30, 0, 107, 27, 10),
(74, 12, 13, 14, 107, 30, 10),
(75, 0, 0, 0, 107, 24, 10),
(81, 100, 100, 100, 113, 21, 10),
(82, 0, 0, 0, 114, 167, 31),
(83, 0, 0, 0, 114, 168, 31),
(84, 0, 0, 0, 114, 169, 31),
(85, 387, 1207, 0, 114, 172, 31),
(86, 117, 0, 0, 114, 175, 31),
(87, 193.8, 161, 0, 114, 177, 31),
(88, 0, 0, 0, 114, 178, 31),
(89, 306.18, 616, 0, 114, 183, 31),
(90, 0, 0, 0, 114, 188, 31),
(91, 306.84, 344, 0, 114, 189, 31),
(92, 597.973, 0, 0, 114, 195, 31),
(93, 285.72, 183, 0, 114, 198, 31),
(94, 0, 0, 0, 114, 199, 31),
(95, 0, 0, 0, 114, 200, 31),
(96, 566, 997, 0, 114, 202, 31),
(97, 328.88, 274, 0, 114, 204, 31),
(98, 0, 0, 0, 114, 205, 31),
(99, 66, 422, 0, 114, 207, 31),
(100, 0, 0, 0, 114, 208, 31),
(101, 181, 243, 0, 114, 209, 31),
(102, 478.261, 0, 0, 114, 210, 31),
(103, 348.1, 371, 0, 114, 211, 31),
(104, 294.78, 316, 0, 114, 213, 31),
(105, 240, 352, 0, 114, 214, 31),
(106, 9.84, 70, 0, 114, 217, 31),
(107, 0, 0, 0, 114, 218, 31),
(108, 308.6, 518, 0, 114, 219, 31);

-- --------------------------------------------------------

--
-- Structura de tabel pentru tabelul `invoice_series`
--
-- Creare: 06 Feb 2015 la 13:06
--

DROP TABLE IF EXISTS `invoice_series`;
CREATE TABLE IF NOT EXISTS `invoice_series` (
  `id` int(10) unsigned NOT NULL AUTO_INCREMENT,
  `name` varchar(12) COLLATE utf8_romanian_ci NOT NULL,
  `id_stair` int(10) unsigned NOT NULL,
  PRIMARY KEY (`id`),
  UNIQUE KEY `name` (`name`),
  KEY `id_stair` (`id_stair`)
) ENGINE=InnoDB  DEFAULT CHARSET=utf8 COLLATE=utf8_romanian_ci AUTO_INCREMENT=19 ;

--
-- RELAȚII PENTRU TABEL `invoice_series`:
--   `id_stair`
--       `stairs` -> `id`
--

--
-- Salvarea datelor din tabel `invoice_series`
--

INSERT INTO `invoice_series` (`id`, `name`, `id_stair`) VALUES
(3, 'ALX', 4),
(14, 'CIV', 3),
(15, 'ELO', 3),
(16, 'BUH', 3),
(17, 'PROG', 3),
(18, 'A', 6);

-- --------------------------------------------------------

--
-- Structura de tabel pentru tabelul `messages`
--
-- Creare: 06 Feb 2015 la 13:06
--

DROP TABLE IF EXISTS `messages`;
CREATE TABLE IF NOT EXISTS `messages` (
  `id` int(10) unsigned NOT NULL AUTO_INCREMENT,
  `message` varchar(1024) COLLATE utf8_romanian_ci NOT NULL,
  `created_date` date NOT NULL,
  `id_user` int(10) unsigned NOT NULL,
  `id_upkeep` int(10) unsigned NOT NULL,
  `expire_date` date NOT NULL,
  PRIMARY KEY (`id`),
  KEY `id_user` (`id_user`),
  KEY `id_upkeep` (`id_upkeep`)
) ENGINE=InnoDB  DEFAULT CHARSET=utf8 COLLATE=utf8_romanian_ci AUTO_INCREMENT=16 ;

--
-- RELAȚII PENTRU TABEL `messages`:
--   `id_user`
--       `users` -> `id`
--   `id_upkeep`
--       `upkeeps` -> `id`
--

--
-- Salvarea datelor din tabel `messages`
--

INSERT INTO `messages` (`id`, `message`, `created_date`, `id_user`, `id_upkeep`, `expire_date`) VALUES
(1, 'Ana are mere', '2014-07-22', 3, 56, '0000-00-00'),
(2, 'Succes', '2014-07-22', 3, 56, '0000-00-00'),
(5, 'test\n', '2014-07-23', 3, 56, '0000-00-00'),
(6, 'inca un test ', '2014-07-25', 3, 56, '0000-00-00'),
(7, 'teata', '2014-07-25', 3, 57, '0000-00-00'),
(9, 'Magnus este noul campion mondial.', '2014-07-29', 3, 56, '2014-07-29'),
(10, 'Testam Magnus', '2014-07-29', 3, 56, '2014-07-29'),
(11, 'Bravo Magnus !!!', '2014-07-29', 3, 56, '2014-07-31'),
(12, 'Magnus are cel mai mare ELO din toate timpurile', '2014-08-01', 3, 57, '2014-08-14'),
(13, 'Apa rece se va opri zilnic de la ora 7 la ora 7:30, intrucat se efectueaza lucrari de intretinere in zona. ', '2014-08-13', 3, 56, '2014-08-20'),
(14, 'Magnus nu are apa rece intre orele 19:00 si 19:30', '2014-08-14', 3, 56, '2014-08-14'),
(15, 'Magnus nu va avea apa rece intre orele 19:00 si 19:30', '2014-08-14', 3, 56, '2014-08-28');

-- --------------------------------------------------------

--
-- Structura de tabel pentru tabelul `mod_types`
--
-- Creare: 06 Feb 2015 la 13:06
--

DROP TABLE IF EXISTS `mod_types`;
CREATE TABLE IF NOT EXISTS `mod_types` (
  `id` int(10) unsigned NOT NULL AUTO_INCREMENT,
  `name` varchar(64) CHARACTER SET latin1 NOT NULL,
  PRIMARY KEY (`id`)
) ENGINE=InnoDB  DEFAULT CHARSET=utf8 COLLATE=utf8_romanian_ci AUTO_INCREMENT=5 ;

--
-- Salvarea datelor din tabel `mod_types`
--

INSERT INTO `mod_types` (`id`, `name`) VALUES
(1, 'Pausal'),
(2, 'Debransat'),
(3, 'Contor'),
(4, 'Calcul extern');

-- --------------------------------------------------------

--
-- Structura de tabel pentru tabelul `payment_values`
--
-- Creare: 06 Feb 2015 la 13:06
--

DROP TABLE IF EXISTS `payment_values`;
CREATE TABLE IF NOT EXISTS `payment_values` (
  `id` int(10) unsigned NOT NULL AUTO_INCREMENT,
  `id_apartment` int(10) unsigned NOT NULL,
  `id_upkeep` int(10) unsigned NOT NULL,
  `value` float NOT NULL,
  `id_invoice_series` int(10) unsigned NOT NULL,
  `number` int(10) unsigned NOT NULL,
  `date` date NOT NULL,
  PRIMARY KEY (`id`),
  UNIQUE KEY `id_invoice_series_2` (`id_invoice_series`,`number`),
  KEY `id_apartment` (`id_apartment`),
  KEY `id_upkeep` (`id_upkeep`),
  KEY `id_invoice_series` (`id_invoice_series`)
) ENGINE=InnoDB  DEFAULT CHARSET=utf8 COLLATE=utf8_romanian_ci AUTO_INCREMENT=1418 ;

--
-- RELAȚII PENTRU TABEL `payment_values`:
--   `id_upkeep`
--       `upkeeps` -> `id`
--   `id_apartment`
--       `apartments` -> `id`
--   `id_invoice_series`
--       `invoice_series` -> `id`
--

--
-- Salvarea datelor din tabel `payment_values`
--

INSERT INTO `payment_values` (`id`, `id_apartment`, `id_upkeep`, `value`, `id_invoice_series`, `number`, `date`) VALUES
(923, 21, 71, 212.02, 14, 1, '2014-09-24'),
(925, 23, 71, 504.67, 14, 2, '2014-09-24'),
(926, 25, 71, 408.86, 14, 3, '2014-09-24'),
(930, 21, 71, 3731.51, 14, 4, '2014-09-24'),
(932, 22, 71, 10045.3, 15, 1, '2014-09-24'),
(933, 24, 71, 7169.55, 15, 2, '2014-09-24'),
(934, 26, 71, 3855.38, 15, 3, '2014-09-24'),
(935, 27, 71, 7285.74, 15, 4, '2014-09-24'),
(936, 31, 71, 3999.18, 16, 1, '2014-09-24'),
(937, 28, 71, 8726.6, 15, 5, '2014-09-24'),
(938, 32, 71, 8677.61, 15, 6, '2014-09-24'),
(939, 38, 71, 6900.02, 15, 7, '2014-09-24'),
(940, 29, 71, 6587.07, 15, 8, '2014-09-24'),
(941, 30, 71, 8374.08, 15, 9, '2014-09-24'),
(942, 33, 71, 6037.87, 15, 10, '2014-09-24'),
(943, 34, 71, 9826.13, 15, 11, '2014-09-24'),
(944, 35, 71, 9522.1, 15, 12, '2014-09-24'),
(945, 36, 71, 3760.17, 15, 13, '2014-09-24'),
(946, 37, 71, 8514.87, 15, 14, '2014-09-24'),
(947, 39, 71, 6025.8, 17, 1, '2014-09-24'),
(948, 40, 71, 6306.22, 15, 15, '2014-09-24'),
(949, 75, 71, 9406.01, 15, 16, '2014-09-24'),
(950, 74, 71, 6995.49, 15, 17, '2014-09-24'),
(951, 73, 71, 7224.4, 15, 18, '2014-09-24'),
(952, 72, 71, 3689.02, 15, 19, '2014-09-24'),
(953, 71, 71, 4288.55, 15, 20, '2014-09-24'),
(954, 70, 71, 7129.06, 15, 21, '2014-09-24'),
(955, 69, 71, 8478.41, 15, 22, '2014-09-24'),
(956, 68, 71, 6108.25, 15, 23, '2014-09-24'),
(957, 67, 71, 7459.48, 15, 24, '2014-09-24'),
(958, 66, 71, 5267.42, 15, 25, '2014-09-24'),
(959, 65, 71, 8043.07, 15, 26, '2014-09-24'),
(960, 64, 71, 5988.96, 15, 27, '2014-09-24'),
(961, 63, 71, 6741.74, 15, 28, '2014-09-24'),
(962, 62, 71, 8499.8, 15, 29, '2014-09-24'),
(963, 41, 71, 1505.51, 15, 30, '2014-09-24'),
(964, 42, 71, 8577.75, 15, 31, '2014-09-24'),
(965, 43, 71, 7195.59, 15, 32, '2014-09-24'),
(966, 44, 71, 7272.64, 15, 33, '2014-09-24'),
(967, 45, 71, 10593.6, 15, 34, '2014-09-24'),
(968, 61, 71, 4547.38, 15, 35, '2014-09-24'),
(969, 60, 71, 8325.99, 15, 36, '2014-09-24'),
(970, 59, 71, 6330.08, 15, 37, '2014-09-24'),
(971, 58, 71, 5496.98, 15, 38, '2014-09-24'),
(972, 57, 71, 8028.07, 15, 39, '2014-09-24'),
(973, 56, 71, 3738.59, 15, 40, '2014-09-24'),
(974, 55, 71, 8988.38, 15, 41, '2014-09-24'),
(975, 46, 71, 3878.76, 15, 42, '2014-09-24'),
(976, 47, 71, 6036.28, 15, 43, '2014-09-24'),
(977, 48, 71, 4679.3, 15, 44, '2014-09-24'),
(978, 49, 71, 5959.29, 15, 45, '2014-09-24'),
(979, 50, 71, 6971.31, 15, 46, '2014-09-24'),
(980, 51, 71, 5135.65, 15, 47, '2014-09-24'),
(981, 52, 71, 6003.02, 15, 48, '2014-09-24'),
(982, 53, 71, 8570.98, 15, 49, '2014-09-24'),
(983, 54, 71, 8364.56, 15, 50, '2014-09-24'),
(984, 23, 71, 9592.57, 15, 51, '2014-09-24'),
(985, 25, 71, 6595.51, 15, 52, '2014-09-24'),
(986, 21, 101, 201.3, 17, 2, '2014-09-29'),
(987, 22, 101, 458.21, 17, 3, '2014-09-29'),
(988, 23, 101, 515.74, 17, 4, '2014-09-29'),
(989, 25, 101, 332.2, 17, 5, '2014-09-29'),
(990, 67, 101, 278.22, 17, 6, '2014-09-29'),
(991, 75, 101, 0, 17, 7, '2014-09-29'),
(992, 75, 101, 489.74, 17, 8, '2014-09-29'),
(993, 74, 101, 278.22, 17, 9, '2014-09-29'),
(994, 67, 101, 79.17, 17, 10, '2014-09-29'),
(995, 73, 101, 357.4, 17, 11, '2014-09-29'),
(996, 72, 101, 199.05, 17, 12, '2014-09-29'),
(997, 71, 101, 160.69, 17, 13, '2014-09-29'),
(998, 69, 101, 436.57, 17, 14, '2014-09-29'),
(999, 70, 101, 331.39, 17, 15, '2014-09-29'),
(1000, 68, 101, 278.22, 17, 16, '2014-09-29'),
(1001, 66, 101, 239.85, 17, 17, '2014-09-29'),
(1002, 65, 101, 410.56, 17, 18, '2014-09-29'),
(1003, 64, 101, 278.23, 17, 19, '2014-09-29'),
(1004, 63, 101, 357.4, 17, 20, '2014-09-29'),
(1005, 62, 101, 436.57, 17, 21, '2014-09-29'),
(1006, 61, 101, 239.86, 17, 22, '2014-09-29'),
(1007, 60, 101, 410.57, 17, 23, '2014-09-29'),
(1008, 59, 101, 278.22, 17, 24, '2014-09-29'),
(1009, 58, 101, 278.22, 17, 25, '2014-09-29'),
(1010, 57, 101, 436.57, 17, 26, '2014-09-29'),
(1011, 56, 101, 160.68, 17, 27, '2014-09-29'),
(1012, 55, 101, 489.74, 17, 28, '2014-09-29'),
(1013, 54, 101, 436.57, 17, 29, '2014-09-29'),
(1014, 53, 101, 436.56, 17, 30, '2014-09-29'),
(1015, 52, 101, 278.22, 17, 31, '2014-09-29'),
(1016, 51, 101, 239.85, 17, 32, '2014-09-29'),
(1017, 50, 101, 331.39, 17, 33, '2014-09-29'),
(1018, 49, 101, 278.23, 17, 34, '2014-09-29'),
(1019, 48, 101, 199.05, 17, 35, '2014-09-29'),
(1020, 47, 101, 278.23, 17, 36, '2014-09-29'),
(1021, 46, 101, 160.68, 17, 37, '2014-09-29'),
(1022, 45, 101, 568.91, 17, 38, '2014-09-29'),
(1023, 24, 101, 308.15, 17, 39, '2014-09-29'),
(1024, 26, 101, 144.53, 17, 40, '2014-09-29'),
(1025, 28, 101, 388.12, 17, 41, '2014-09-29'),
(1026, 36, 101, 160.69, 17, 42, '2014-09-29'),
(1027, 40, 101, 331.39, 17, 43, '2014-09-29'),
(1028, 44, 101, 357.39, 17, 44, '2014-09-29'),
(1029, 43, 101, 357.4, 17, 45, '2014-09-29'),
(1030, 42, 101, 436.57, 17, 46, '2014-09-29'),
(1031, 41, 101, 81.51, 17, 47, '2014-09-29'),
(1032, 39, 101, 278.22, 17, 48, '2014-09-29'),
(1033, 36, 101, 0, 17, 49, '2014-09-29'),
(1034, 38, 101, 357.4, 17, 50, '2014-09-29'),
(1035, 37, 101, 436.57, 17, 51, '2014-09-29'),
(1036, 35, 101, 489.73, 17, 52, '2014-09-29'),
(1037, 34, 101, 515.74, 17, 53, '2014-09-29'),
(1038, 33, 101, 278.22, 17, 54, '2014-09-29'),
(1039, 32, 101, 436.57, 17, 55, '2014-09-29'),
(1040, 31, 101, 239.85, 17, 56, '2014-09-29'),
(1041, 27, 101, 318, 17, 57, '2014-09-29'),
(1042, 29, 101, 318, 17, 58, '2014-09-29'),
(1043, 30, 101, 410.56, 17, 59, '2014-09-29'),
(1044, 21, 102, 127.79, 17, 60, '2014-09-30'),
(1045, 22, 102, 390.77, 17, 61, '2014-09-30'),
(1046, 23, 102, 362.61, 17, 62, '2014-09-30'),
(1047, 25, 102, 260.78, 17, 63, '2014-09-30'),
(1048, 24, 102, 294.27, 17, 64, '2014-09-30'),
(1049, 26, 102, 113.48, 17, 65, '2014-09-30'),
(1050, 27, 102, 246.71, 17, 66, '2014-09-30'),
(1051, 28, 102, 351.12, 17, 67, '2014-09-30'),
(1052, 29, 102, 246.71, 17, 68, '2014-09-30'),
(1053, 30, 102, 321.01, 17, 69, '2014-09-30'),
(1054, 75, 102, 389.76, 17, 70, '2014-09-30'),
(1055, 74, 102, 213.63, 17, 71, '2014-09-30'),
(1056, 73, 102, 282.38, 17, 72, '2014-09-30'),
(1057, 72, 102, 144.88, 17, 73, '2014-09-30'),
(1058, 71, 102, 127.79, 17, 74, '2014-09-30'),
(1059, 70, 102, 252.27, 17, 75, '2014-09-30'),
(1060, 69, 102, 351.12, 17, 76, '2014-09-30'),
(1061, 68, 102, 213.63, 17, 77, '2014-09-30'),
(1062, 67, 102, 488.62, 17, 78, '2014-09-30'),
(1063, 66, 102, 127.8, 17, 79, '2014-09-30'),
(1064, 65, 102, 321.01, 17, 80, '2014-09-30'),
(1065, 64, 102, 213.63, 17, 81, '2014-09-30'),
(1066, 63, 102, 282.37, 17, 82, '2014-09-30'),
(1067, 62, 102, 351.12, 17, 83, '2014-09-30'),
(1068, 61, 102, 196.54, 17, 84, '2014-09-30'),
(1069, 60, 102, 321.01, 17, 85, '2014-09-30'),
(1070, 59, 102, 213.63, 17, 86, '2014-09-30'),
(1071, 58, 102, 213.63, 17, 87, '2014-09-30'),
(1072, 57, 102, 351.13, 17, 88, '2014-09-30'),
(1073, 56, 102, 127.79, 17, 89, '2014-09-30'),
(1074, 55, 102, 389.75, 17, 90, '2014-09-30'),
(1075, 54, 102, 351.12, 17, 91, '2014-09-30'),
(1077, 53, 102, 351.13, 17, 92, '2014-09-30'),
(1078, 52, 102, 213.63, 17, 93, '2014-09-30'),
(1079, 51, 102, 196.54, 17, 94, '2014-09-30'),
(1080, 50, 102, 252.27, 17, 95, '2014-09-30'),
(1081, 48, 102, 144.89, 17, 96, '2014-09-30'),
(1082, 49, 102, 213.63, 17, 97, '2014-09-30'),
(1083, 47, 102, 213.63, 17, 98, '2014-09-30'),
(1084, 46, 102, 127.8, 17, 99, '2014-09-30'),
(1085, 45, 102, 458.5, 17, 100, '2014-09-30'),
(1086, 44, 102, 282.38, 17, 101, '2014-09-30'),
(1087, 43, 102, 282.38, 17, 102, '2014-09-30'),
(1088, 31, 102, 196.54, 17, 103, '2014-09-30'),
(1089, 32, 102, 351.12, 17, 104, '2014-09-30'),
(1090, 33, 102, 213.63, 17, 105, '2014-09-30'),
(1091, 34, 102, 419.87, 17, 106, '2014-09-30'),
(1092, 44, 102, 0, 17, 107, '2014-09-30'),
(1093, 42, 102, 351.12, 17, 108, '2014-09-30'),
(1094, 41, 102, 59.05, 17, 109, '2014-09-30'),
(1095, 40, 102, 252.26, 17, 110, '2014-09-30'),
(1096, 39, 102, 213.63, 17, 111, '2014-09-30'),
(1097, 38, 102, 282.38, 17, 112, '2014-09-30'),
(1098, 37, 102, 351.12, 17, 113, '2014-09-30'),
(1099, 36, 102, 127.79, 17, 114, '2014-09-30'),
(1100, 35, 102, 389.76, 17, 115, '2014-09-30'),
(1101, 21, 102, 123, 17, 116, '2014-10-07'),
(1102, 28, 102, 1.22, 17, 117, '2014-11-05'),
(1103, 30, 102, 0.81, 17, 118, '2014-11-05'),
(1104, 32, 102, 1.21, 17, 119, '2014-11-05'),
(1106, 75, 102, 1.21, 17, 120, '2014-11-05'),
(1107, 21, 103, 10.64, 17, 121, '2014-11-07'),
(1108, 22, 103, 460.7, 17, 122, '2014-11-07'),
(1109, 23, 103, 460.67, 17, 123, '2014-11-07'),
(1110, 75, 103, 91.59, 17, 124, '2014-11-07'),
(1111, 74, 103, 200.32, 17, 125, '2014-11-07'),
(1112, 73, 103, 288.01, 17, 126, '2014-11-07'),
(1113, 72, 103, 112.62, 17, 127, '2014-11-07'),
(1114, 71, 103, 133.41, 17, 128, '2014-11-07'),
(1115, 70, 103, 230.3, 17, 129, '2014-11-07'),
(1117, 69, 103, 375.71, 17, 130, '2014-11-07'),
(1118, 68, 103, 200.32, 17, 131, '2014-11-07'),
(1119, 67, 103, 551.1, 17, 132, '2014-11-07'),
(1120, 66, 103, 133.4, 17, 133, '2014-11-07'),
(1121, 65, 103, 318, 17, 134, '2014-11-07'),
(1122, 64, 103, 200.31, 17, 135, '2014-11-07'),
(1123, 63, 103, 288.01, 17, 136, '2014-11-07'),
(1124, 62, 103, 375.71, 17, 137, '2014-11-07'),
(1125, 61, 103, 221.11, 17, 138, '2014-11-07'),
(1126, 60, 103, 318, 17, 139, '2014-11-07'),
(1127, 59, 103, 200.32, 17, 140, '2014-11-07'),
(1128, 58, 103, 200.32, 17, 141, '2014-11-07'),
(1129, 57, 103, 375.7, 17, 142, '2014-11-07'),
(1130, 56, 103, 133.41, 17, 143, '2014-11-07'),
(1131, 55, 103, 405.7, 17, 144, '2014-11-07'),
(1132, 54, 103, 375.71, 17, 145, '2014-11-07'),
(1134, 53, 103, 375.7, 17, 146, '2014-11-07'),
(1136, 52, 103, 200.32, 17, 147, '2014-11-07'),
(1137, 51, 103, 221.11, 17, 148, '2014-11-07'),
(1138, 50, 103, 230.3, 17, 149, '2014-11-07'),
(1139, 49, 103, 200.31, 17, 150, '2014-11-07'),
(1140, 48, 103, 112.62, 17, 151, '2014-11-07'),
(1141, 47, 103, 200.31, 17, 152, '2014-11-07'),
(1142, 46, 103, 133.41, 17, 153, '2014-11-07'),
(1143, 45, 103, 493.39, 17, 154, '2014-11-07'),
(1144, 44, 103, 288.01, 17, 155, '2014-11-07'),
(1145, 43, 103, 288.01, 17, 156, '2014-11-07'),
(1146, 36, 103, 133.41, 17, 157, '2014-11-07'),
(1147, 42, 103, 375.71, 17, 158, '2014-11-07'),
(1149, 41, 103, 45.71, 17, 159, '2014-11-07'),
(1150, 40, 103, 230.31, 17, 160, '2014-11-07'),
(1152, 39, 103, 200.32, 17, 161, '2014-11-07'),
(1153, 38, 103, 288.01, 17, 162, '2014-11-07'),
(1155, 37, 103, 375.71, 17, 163, '2014-11-07'),
(1156, 35, 103, 405.69, 17, 164, '2014-11-07');
INSERT INTO `payment_values` (`id`, `id_apartment`, `id_upkeep`, `value`, `id_invoice_series`, `number`, `date`) VALUES
(1158, 25, 103, 272.57, 17, 165, '2014-11-07'),
(1159, 24, 103, 229.62, 17, 166, '2014-11-07'),
(1160, 26, 103, 132.73, 17, 167, '2014-11-07'),
(1161, 27, 103, 286.64, 17, 168, '2014-11-07'),
(1162, 28, 103, 374.49, 17, 169, '2014-11-07'),
(1163, 29, 103, 286.64, 17, 170, '2014-11-07'),
(1164, 31, 103, 221.11, 17, 171, '2014-11-07'),
(1165, 30, 103, 336.47, 17, 172, '2014-11-07'),
(1166, 32, 103, 374.5, 17, 173, '2014-11-07'),
(1167, 33, 103, 200.32, 17, 174, '2014-11-07'),
(1168, 34, 103, 463.4, 17, 175, '2014-11-07'),
(1169, 75, 105, 134.14, 17, 176, '2014-11-07'),
(1170, 74, 105, 120.71, 17, 177, '2014-11-07'),
(1171, 73, 105, 190.57, 17, 178, '2014-11-07'),
(1172, 64, 105, 120.71, 17, 179, '2014-11-07'),
(1173, 69, 105, 260.43, 17, 180, '2014-11-07'),
(1174, 68, 105, 120.71, 17, 181, '2014-11-07'),
(1175, 60, 105, 203.99, 17, 182, '2014-11-07'),
(1176, 73, 105, 0, 17, 183, '2014-11-07'),
(1177, 71, 105, 89.99, 17, 184, '2014-11-07'),
(1178, 67, 105, 260.43, 17, 185, '2014-11-07'),
(1179, 72, 105, 50.85, 17, 186, '2014-11-07'),
(1180, 70, 105, 134.13, 17, 187, '2014-11-07'),
(1181, 66, 105, 90, 17, 188, '2014-11-07'),
(1182, 65, 105, 204, 17, 189, '2014-11-07'),
(1183, 63, 105, 190.57, 17, 190, '2014-11-07'),
(1184, 62, 105, 260.43, 17, 191, '2014-11-07'),
(1185, 61, 105, 159.85, 17, 192, '2014-11-07'),
(1186, 59, 105, 120.71, 17, 193, '2014-11-07'),
(1187, 58, 105, 120.71, 17, 194, '2014-11-07'),
(1188, 57, 105, 260.44, 17, 195, '2014-11-07'),
(1189, 56, 105, 90, 17, 196, '2014-11-07'),
(1190, 55, 105, 273.85, 17, 197, '2014-11-07'),
(1191, 54, 105, 260.43, 17, 198, '2014-11-07'),
(1192, 53, 105, 260.43, 17, 199, '2014-11-07'),
(1193, 52, 105, 120.71, 17, 200, '2014-11-07'),
(1194, 51, 105, 159.85, 17, 201, '2014-11-07'),
(1195, 50, 105, 134.13, 17, 202, '2014-11-07'),
(1196, 49, 105, 120.71, 17, 203, '2014-11-07'),
(1197, 48, 105, 50.84, 17, 204, '2014-11-07'),
(1198, 47, 105, 120.71, 17, 205, '2014-11-07'),
(1199, 46, 105, 89.99, 17, 206, '2014-11-07'),
(1200, 45, 105, 343.72, 17, 207, '2014-11-07'),
(1201, 44, 105, 190.57, 17, 208, '2014-11-07'),
(1202, 43, 105, 190.57, 17, 209, '2014-11-07'),
(1203, 42, 105, 260.43, 17, 210, '2014-11-07'),
(1204, 40, 105, 134.13, 17, 211, '2014-11-07'),
(1205, 41, 105, 20.14, 17, 212, '2014-11-07'),
(1206, 39, 105, 120.71, 17, 213, '2014-11-07'),
(1207, 38, 105, 190.57, 17, 214, '2014-11-07'),
(1208, 37, 105, 260.43, 17, 215, '2014-11-07'),
(1209, 36, 105, 89.99, 17, 216, '2014-11-07'),
(1210, 35, 105, 273.86, 17, 217, '2014-11-07'),
(1211, 34, 105, 330.29, 17, 218, '2014-11-07'),
(1212, 33, 105, 114.48, 17, 219, '2014-11-07'),
(1213, 32, 105, 198.1, 17, 220, '2014-11-07'),
(1214, 31, 105, 109.99, 17, 221, '2014-11-07'),
(1215, 30, 105, 252.75, 17, 222, '2014-11-07'),
(1216, 29, 105, 140.72, 17, 223, '2014-11-07'),
(1217, 28, 105, 185.65, 17, 224, '2014-11-07'),
(1218, 27, 105, 140.72, 17, 225, '2014-11-07'),
(1219, 26, 105, 65.06, 17, 226, '2014-11-07'),
(1220, 24, 105, 119.79, 17, 227, '2014-11-07'),
(1221, 25, 105, 190.57, 17, 228, '2014-11-07'),
(1222, 23, 105, 230.57, 17, 229, '2014-11-07'),
(1223, 22, 105, 230.57, 17, 230, '2014-11-07'),
(1224, 21, 105, 109.99, 17, 231, '2014-11-07'),
(1225, 21, 106, 122.97, 17, 232, '2015-01-18'),
(1226, 75, 106, 273.52, 17, 233, '2015-01-18'),
(1227, 74, 106, 120.87, 17, 234, '2015-01-18'),
(1229, 73, 106, 190.05, 17, 235, '2015-01-18'),
(1230, 72, 106, 51.68, 17, 236, '2015-01-18'),
(1231, 71, 106, 89.65, 17, 237, '2015-01-18'),
(1232, 70, 106, 134.51, 17, 238, '2015-01-18'),
(1233, 69, 106, 259.24, 17, 239, '2015-01-18'),
(1234, 68, 106, 120.87, 17, 240, '2015-01-18'),
(1236, 67, 106, 259.25, 17, 241, '2015-01-18'),
(1238, 66, 106, 89.65, 17, 242, '2015-01-18'),
(1240, 65, 106, 203.69, 17, 243, '2015-01-18'),
(1241, 64, 106, 120.87, 17, 244, '2015-01-18'),
(1243, 63, 106, 190.06, 17, 245, '2015-01-18'),
(1244, 61, 106, 158.84, 17, 246, '2015-01-18'),
(1245, 62, 106, 259.24, 17, 247, '2015-01-18'),
(1246, 60, 106, 203.7, 17, 248, '2015-01-18'),
(1247, 59, 106, 120.87, 17, 249, '2015-01-18'),
(1248, 58, 106, 120.87, 17, 250, '2015-01-18'),
(1250, 57, 106, 259.24, 17, 252, '2015-01-18'),
(1251, 56, 106, 89.65, 17, 253, '2015-01-18'),
(1252, 55, 106, 272.89, 17, 254, '2015-01-18'),
(1253, 54, 106, 259.25, 17, 255, '2015-01-18'),
(1254, 53, 106, 259.25, 17, 256, '2015-01-18'),
(1255, 52, 106, 120.87, 17, 257, '2015-01-18'),
(1256, 45, 106, 342.07, 17, 258, '2015-01-18'),
(1257, 46, 106, 89.65, 17, 259, '2015-01-18'),
(1258, 47, 106, 120.87, 17, 260, '2015-01-18'),
(1259, 48, 106, 51.69, 17, 261, '2015-01-18'),
(1260, 49, 106, 120.87, 17, 262, '2015-01-18'),
(1261, 50, 106, 134.51, 17, 263, '2015-01-18'),
(1262, 51, 106, 158.84, 17, 264, '2015-01-18'),
(1263, 44, 106, 190.06, 17, 265, '2015-01-18'),
(1264, 42, 106, 259.24, 17, 266, '2015-01-18'),
(1265, 43, 106, 190.06, 17, 267, '2015-01-18'),
(1266, 41, 106, 20.46, 17, 268, '2015-01-18'),
(1267, 35, 106, 272.88, 17, 269, '2015-01-18'),
(1268, 36, 106, 89.65, 17, 270, '2015-01-18'),
(1269, 37, 106, 259.25, 17, 271, '2015-01-18'),
(1270, 38, 106, 190.05, 17, 272, '2015-01-18'),
(1271, 22, 106, 256.69, 17, 273, '2015-01-18'),
(1272, 23, 106, 329.71, 17, 274, '2015-01-18'),
(1273, 25, 106, 190.05, 17, 275, '2015-01-18'),
(1274, 24, 106, 134.83, 17, 276, '2015-01-18'),
(1275, 26, 106, 73.79, 17, 277, '2015-01-18'),
(1276, 27, 106, 194.55, 17, 278, '2015-01-18'),
(1277, 28, 106, 205.43, 17, 279, '2015-01-18'),
(1278, 29, 106, 154.18, 17, 280, '2015-01-18'),
(1279, 32, 106, 284.65, 17, 281, '2015-01-18'),
(1280, 33, 106, 116.38, 17, 282, '2015-01-18'),
(1281, 30, 106, 167.83, 17, 283, '2015-01-18'),
(1282, 34, 106, 255.41, 17, 284, '2015-01-18'),
(1283, 40, 106, 134.51, 17, 285, '2015-01-18'),
(1284, 31, 106, 122.97, 17, 286, '2015-01-18'),
(1285, 39, 106, 120.86, 17, 287, '2015-01-18'),
(1286, 21, 107, 127.76, 17, 288, '2015-02-17'),
(1287, 75, 107, 144.78, 17, 289, '2015-02-17'),
(1288, 74, 107, 128.93, 17, 290, '2015-02-17'),
(1289, 73, 107, 60.04, 17, 291, '2015-02-17'),
(1290, 71, 107, 92.67, 17, 292, '2015-02-17'),
(1291, 72, 107, 60.04, 17, 293, '2015-02-17'),
(1292, 70, 107, 144.78, 17, 294, '2015-02-17'),
(1293, 69, 107, 197.83, 17, 295, '2015-02-17'),
(1294, 68, 107, 128.93, 17, 296, '2015-02-17'),
(1295, 67, 107, 266.72, 17, 297, '2015-02-17'),
(1296, 66, 107, 92.67, 17, 298, '2015-02-17'),
(1297, 65, 107, 213.68, 17, 299, '2015-02-17'),
(1298, 64, 107, 128.93, 17, 300, '2015-02-17'),
(1299, 63, 107, 197.83, 17, 301, '2015-02-17'),
(1300, 62, 107, 266.73, 17, 302, '2015-02-17'),
(1301, 26, 107, 82.92, 17, 303, '2015-02-17'),
(1302, 61, 107, 161.56, 17, 304, '2015-02-17'),
(1303, 31, 107, 127.77, 17, 305, '2015-02-17'),
(1304, 59, 107, 128.93, 17, 306, '2015-02-17'),
(1305, 60, 107, 213.67, 17, 307, '2015-02-17'),
(1306, 56, 107, 92.66, 17, 308, '2015-02-17'),
(1307, 57, 107, 266.72, 17, 309, '2015-02-17'),
(1308, 58, 107, 128.93, 17, 310, '2015-02-17'),
(1309, 55, 107, 282.57, 17, 311, '2015-02-17'),
(1310, 35, 107, 282.57, 17, 312, '2015-02-17'),
(1311, 50, 107, 144.78, 17, 313, '2015-02-17'),
(1312, 54, 107, 266.72, 17, 314, '2015-02-17'),
(1313, 53, 107, 266.72, 17, 315, '2015-02-17'),
(1314, 52, 107, 128.93, 17, 316, '2015-02-17'),
(1315, 51, 107, 161.56, 17, 317, '2015-02-17'),
(1316, 49, 107, 128.94, 17, 318, '2015-02-17'),
(1317, 48, 107, 60.03, 17, 319, '2015-02-17'),
(1318, 47, 107, 128.93, 17, 320, '2015-02-17'),
(1319, 46, 107, 92.67, 17, 321, '2015-02-17'),
(1320, 45, 107, 351.47, 17, 322, '2015-02-17'),
(1321, 44, 107, 197.83, 17, 323, '2015-02-17'),
(1322, 43, 107, 197.82, 17, 324, '2015-02-17'),
(1323, 40, 107, 144.78, 17, 325, '2015-02-17'),
(1324, 42, 107, 266.73, 17, 326, '2015-02-17'),
(1325, 41, 107, 23.77, 17, 327, '2015-02-17'),
(1326, 37, 107, 266.72, 17, 328, '2015-02-17'),
(1327, 34, 107, 268.03, 17, 329, '2015-02-17'),
(1328, 33, 107, 124.71, 17, 330, '2015-02-17'),
(1329, 36, 107, 92.67, 17, 331, '2015-02-17'),
(1330, 30, 107, 194.68, 17, 332, '2015-02-17'),
(1331, 23, 107, 268.03, 17, 333, '2015-02-17'),
(1332, 22, 107, 866.32, 17, 334, '2015-02-17'),
(1333, 24, 107, 144.78, 17, 335, '2015-02-17'),
(1334, 39, 107, 128.94, 17, 336, '2015-02-17'),
(1335, 38, 107, 197.83, 17, 337, '2015-02-17'),
(1336, 32, 107, 266.73, 17, 338, '2015-02-17'),
(1337, 29, 107, 164.03, 17, 339, '2015-02-17'),
(1338, 28, 107, 238.25, 17, 340, '2015-02-17'),
(1339, 27, 107, 178.16, 17, 341, '2015-02-17'),
(1340, 25, 107, 197.83, 17, 342, '2015-02-17'),
(1341, 75, 110, 689.4, 17, 343, '2015-02-17'),
(1342, 74, 110, 339.75, 17, 344, '2015-02-17'),
(1343, 73, 110, 657.6, 17, 345, '2015-02-17'),
(1344, 72, 110, 145.16, 17, 346, '2015-02-17'),
(1346, 70, 110, 378.07, 17, 347, '2015-02-17'),
(1347, 71, 110, 252.07, 17, 348, '2015-02-17'),
(1348, 69, 110, 534.36, 17, 349, '2015-02-17'),
(1349, 68, 110, 339.76, 17, 350, '2015-02-17'),
(1351, 67, 110, 728.95, 17, 351, '2015-02-17'),
(1352, 66, 110, 252.07, 17, 352, '2015-02-17'),
(1353, 65, 110, 572.67, 17, 353, '2015-02-17'),
(1354, 56, 110, 252.08, 17, 354, '2015-02-17'),
(1355, 64, 110, 339.76, 17, 355, '2015-02-17'),
(1356, 63, 110, 534.35, 17, 356, '2015-02-17'),
(1357, 58, 110, 339.76, 17, 357, '2015-02-17'),
(1358, 57, 110, 728.96, 17, 358, '2015-02-17'),
(1359, 60, 110, 572.67, 17, 359, '2015-02-17'),
(1360, 62, 110, 728.95, 17, 360, '2015-02-17'),
(1361, 61, 110, 446.67, 17, 361, '2015-02-17'),
(1362, 59, 110, 339.75, 17, 362, '2015-02-17'),
(1363, 55, 110, 767.27, 17, 363, '2015-02-17'),
(1364, 54, 110, 728.95, 17, 364, '2015-02-17'),
(1365, 53, 110, 728.96, 17, 365, '2015-02-17'),
(1366, 52, 110, 339.76, 17, 366, '2015-02-17'),
(1367, 51, 110, 446.67, 17, 367, '2015-02-17'),
(1368, 50, 110, 378.07, 17, 368, '2015-02-17'),
(1370, 49, 110, 339.75, 17, 369, '2015-02-17'),
(1372, 48, 110, 145.16, 17, 370, '2015-02-17'),
(1373, 47, 110, 339.76, 17, 371, '2015-02-17'),
(1374, 46, 110, 252.07, 17, 372, '2015-02-17'),
(1375, 44, 110, 534.35, 17, 373, '2015-02-17'),
(1377, 45, 110, 961.86, 17, 374, '2015-02-17'),
(1378, 43, 110, 534.36, 17, 375, '2015-02-17'),
(1379, 41, 110, 57.47, 17, 376, '2015-02-17'),
(1380, 42, 110, 728.95, 17, 377, '2015-02-17'),
(1381, 40, 110, 378.07, 17, 378, '2015-02-17'),
(1382, 39, 110, 339.75, 17, 379, '2015-02-17'),
(1383, 38, 110, 534.36, 17, 380, '2015-02-17');
INSERT INTO `payment_values` (`id`, `id_apartment`, `id_upkeep`, `value`, `id_invoice_series`, `number`, `date`) VALUES
(1384, 37, 110, 728.96, 17, 381, '2015-02-17'),
(1385, 36, 110, 252.07, 17, 382, '2015-02-17'),
(1386, 35, 110, 767.27, 17, 383, '2015-02-17'),
(1387, 34, 110, 705.31, 17, 384, '2015-02-17'),
(1388, 33, 110, 326.11, 17, 385, '2015-02-17'),
(1389, 31, 110, 337.54, 17, 386, '2015-02-17'),
(1390, 22, 110, 923.56, 17, 387, '2015-02-17'),
(1391, 23, 110, 923.55, 17, 388, '2015-02-17'),
(1392, 24, 110, 378.07, 17, 389, '2015-02-17'),
(1393, 28, 110, 728.95, 17, 390, '2015-02-17'),
(1394, 32, 110, 728.95, 17, 391, '2015-02-17'),
(1395, 25, 110, 534.36, 17, 392, '2015-02-17'),
(1396, 27, 110, 534.35, 17, 393, '2015-02-17'),
(1397, 26, 110, 252.07, 17, 394, '2015-02-17'),
(1398, 21, 110, 446.68, 17, 395, '2015-02-17'),
(1399, 30, 110, 572.67, 17, 396, '2015-02-17'),
(1400, 29, 110, 425.23, 17, 397, '2015-02-17'),
(1401, 75, 110, 0, 17, 398, '2015-02-17'),
(1402, 21, 104, 142.76, 17, 399, '2015-02-18'),
(1403, 75, 104, 337.4, 17, 400, '2015-02-18'),
(1404, 74, 104, 281.37, 17, 401, '2015-02-18'),
(1405, 73, 104, 209.58, 17, 402, '2015-02-18'),
(1406, 72, 104, 209.58, 17, 403, '2015-02-18'),
(1407, 71, 104, 157.81, 17, 404, '2015-02-18'),
(1408, 70, 104, 337.39, 17, 405, '2015-02-18'),
(1409, 69, 104, 353.14, 17, 406, '2015-02-18'),
(1410, 65, 104, 409.17, 17, 407, '2015-02-18'),
(1411, 66, 104, 157.81, 17, 408, '2015-02-18'),
(1412, 67, 104, 424.93, 17, 409, '2015-02-18'),
(1413, 68, 104, 281.36, 17, 410, '2015-02-18'),
(1415, 22, 104, 496.7, 17, 412, '2015-02-18'),
(1416, 23, 104, 496.7, 17, 413, '2015-02-18'),
(1417, 25, 104, 353.14, 17, 414, '2015-02-18');

-- --------------------------------------------------------

--
-- Structura de tabel pentru tabelul `persons`
--
-- Creare: 06 Feb 2015 la 13:06
--

DROP TABLE IF EXISTS `persons`;
CREATE TABLE IF NOT EXISTS `persons` (
  `id` int(10) unsigned NOT NULL AUTO_INCREMENT,
  `name` varchar(128) COLLATE utf8_romanian_ci NOT NULL,
  `telephone` varchar(14) COLLATE utf8_romanian_ci DEFAULT NULL,
  `email` varchar(128) COLLATE utf8_romanian_ci DEFAULT NULL,
  `id_stair` int(10) unsigned NOT NULL,
  `id_person_role` int(10) unsigned NOT NULL DEFAULT '1',
  `id_apartment` int(10) unsigned DEFAULT NULL,
  `id_person_job` int(10) unsigned NOT NULL DEFAULT '1',
  `notify` tinyint(4) DEFAULT NULL,
  PRIMARY KEY (`id`),
  KEY `id_person_role` (`id_person_role`),
  KEY `id_apartment` (`id_apartment`),
  KEY `id_stair` (`id_stair`),
  KEY `id_person_job` (`id_person_job`)
) ENGINE=InnoDB  DEFAULT CHARSET=utf8 COLLATE=utf8_romanian_ci AUTO_INCREMENT=37 ;

--
-- RELAȚII PENTRU TABEL `persons`:
--   `id_person_role`
--       `person_roles` -> `id`
--   `id_apartment`
--       `apartments` -> `id`
--   `id_stair`
--       `stairs` -> `id`
--   `id_person_job`
--       `person_jobs` -> `id`
--

--
-- Salvarea datelor din tabel `persons`
--

INSERT INTO `persons` (`id`, `name`, `telephone`, `email`, `id_stair`, `id_person_role`, `id_apartment`, `id_person_job`, `notify`) VALUES
(3, 'Alexandru Alehin', '0723638457', 'teox_a@hotmail.com', 3, 2, 63, 2, 1),
(4, 'Alexandru Alehin', '', '', 4, 1, NULL, 1, 0),
(5, 'Alexandra Bacalu', '0722458779', 'alexa_bacalu@yahoo.com', 3, 3, 63, 1, 1),
(6, 'Bobby Fischer', '', '', 4, 2, NULL, 1, NULL),
(7, 'Nisipeanu', '0211 311311', '', 3, 2, 30, 1, 1),
(10, 'Ion Ion', '0722222222', 'ionion@yahoo.com', 5, 2, NULL, 1, NULL),
(12, 'Magnus Carlsen', '', '', 3, 1, 29, 2, 0),
(13, 'Kasparov', '', '', 3, 2, 21, 1, 1),
(14, 'Karpov Anatoly', '', '', 3, 2, 22, 1, 1),
(16, 'Polgar', '', '', 3, 2, 25, 1, 1),
(17, 'Anand', '', 'anand@chess.com', 3, 2, 24, 1, 1),
(18, 'Spassky', '', '', 3, 2, 26, 1, 1),
(19, 'Topalov', '', '', 3, 2, 27, 1, 1),
(20, 'Kramnik', '', '', 3, 2, 28, 1, 1),
(21, 'Tal', '', '', 3, 2, 29, 1, 1),
(22, 'Capablanca', '', '', 3, 2, 31, 1, 1),
(23, 'Fischer', '', '', 3, 2, 32, 1, 1),
(24, 'Lasker', '', '', 3, 2, 33, 1, 1),
(25, 'Steinitz', '', '', 3, 2, 34, 1, 1),
(26, 'Caruana', '', '', 3, 2, 35, 1, 1),
(27, 'Botvinnik', '', '', 3, 2, 36, 1, 1),
(28, 'Ivanchuk', '', '', 3, 2, 37, 1, 1),
(29, 'Petrosian', '', '', 3, 2, 38, 1, 1),
(30, 'Nimzowitsch', '', '', 3, 2, 39, 1, 1),
(31, 'Timman', '', '', 3, 1, 33, 2, 1),
(32, 'Polihroniade', '', '', 3, 2, 23, 1, 1),
(33, 'Aronian', '', '', 3, 1, 26, 2, 1),
(34, 'Admin Online', NULL, NULL, 6, 1, NULL, 5, 0),
(35, 'Admin Online', NULL, NULL, 3, 1, NULL, 5, NULL),
(36, 'Alexandra', '', '', 6, 2, NULL, 1, 1);

-- --------------------------------------------------------

--
-- Structura de tabel pentru tabelul `person_jobs`
--
-- Creare: 06 Feb 2015 la 13:06
--

DROP TABLE IF EXISTS `person_jobs`;
CREATE TABLE IF NOT EXISTS `person_jobs` (
  `id` int(10) unsigned NOT NULL AUTO_INCREMENT,
  `name` varchar(64) CHARACTER SET latin1 NOT NULL,
  PRIMARY KEY (`id`)
) ENGINE=InnoDB  DEFAULT CHARSET=utf8 COLLATE=utf8_romanian_ci AUTO_INCREMENT=6 ;

--
-- Salvarea datelor din tabel `person_jobs`
--

INSERT INTO `person_jobs` (`id`, `name`) VALUES
(1, 'Locatar'),
(2, 'Administrator'),
(3, 'Presedinte'),
(4, 'Cenzor'),
(5, 'Extern');

-- --------------------------------------------------------

--
-- Structura de tabel pentru tabelul `person_roles`
--
-- Creare: 06 Feb 2015 la 13:06
--

DROP TABLE IF EXISTS `person_roles`;
CREATE TABLE IF NOT EXISTS `person_roles` (
  `id` int(10) unsigned NOT NULL AUTO_INCREMENT,
  `name` varchar(24) COLLATE utf8_romanian_ci NOT NULL,
  PRIMARY KEY (`id`)
) ENGINE=InnoDB  DEFAULT CHARSET=utf8 COLLATE=utf8_romanian_ci AUTO_INCREMENT=4 ;

--
-- Salvarea datelor din tabel `person_roles`
--

INSERT INTO `person_roles` (`id`, `name`) VALUES
(1, 'Extern'),
(2, 'Proprietar'),
(3, 'Chirias');

-- --------------------------------------------------------

--
-- Structura de tabel pentru tabelul `stairs`
--
-- Creare: 31 Mar 2015 la 12:26
--

DROP TABLE IF EXISTS `stairs`;
CREATE TABLE IF NOT EXISTS `stairs` (
  `id` int(10) unsigned NOT NULL AUTO_INCREMENT,
  `name` varchar(256) COLLATE utf8_romanian_ci NOT NULL,
  `address` varchar(256) COLLATE utf8_romanian_ci DEFAULT NULL,
  `id_association` int(10) unsigned NOT NULL,
  `errors_column` tinyint(1) NOT NULL DEFAULT '1',
  `payments_column` tinyint(1) NOT NULL DEFAULT '1',
  PRIMARY KEY (`id`),
  KEY `id_association` (`id_association`)
) ENGINE=InnoDB  DEFAULT CHARSET=utf8 COLLATE=utf8_romanian_ci AUTO_INCREMENT=7 ;

--
-- RELAȚII PENTRU TABEL `stairs`:
--   `id_association`
--       `associations` -> `id`
--

--
-- Salvarea datelor din tabel `stairs`
--

INSERT INTO `stairs` (`id`, `name`, `address`, `id_association`, `errors_column`, `payments_column`) VALUES
(3, 'SCARA TEST', NULL, 2, 1, 1),
(4, 'BL 2 SCARA 1', NULL, 3, 1, 1),
(5, 'BL 2 SCARA 2', NULL, 3, 1, 1),
(6, 'BL. ALEX SC. ALEX', NULL, 4, 1, 1);

-- --------------------------------------------------------

--
-- Structura de tabel pentru tabelul `upkeeps`
--
-- Creare: 25 Feb 2015 la 18:55
--

DROP TABLE IF EXISTS `upkeeps`;
CREATE TABLE IF NOT EXISTS `upkeeps` (
  `id` int(10) unsigned NOT NULL AUTO_INCREMENT,
  `id_stair` int(10) unsigned NOT NULL,
  `name` varchar(256) COLLATE utf8_romanian_ci NOT NULL,
  `active` tinyint(1) NOT NULL DEFAULT '0',
  `start_date` date NOT NULL,
  `activation_date` date DEFAULT NULL,
  `deactivation_date` date DEFAULT NULL,
  `calculator` varchar(64) COLLATE utf8_romanian_ci DEFAULT NULL,
  `interest_rate` float DEFAULT NULL,
  PRIMARY KEY (`id`)
) ENGINE=InnoDB  DEFAULT CHARSET=utf8 COLLATE=utf8_romanian_ci AUTO_INCREMENT=116 ;

--
-- Salvarea datelor din tabel `upkeeps`
--

INSERT INTO `upkeeps` (`id`, `id_stair`, `name`, `active`, `start_date`, `activation_date`, `deactivation_date`, `calculator`, `interest_rate`) VALUES
(55, 3, 'Septembrie 2012', 0, '2012-09-01', '2014-08-09', '2014-11-06', NULL, NULL),
(56, 3, 'Octombrie 2012', 0, '2012-10-01', '2014-08-12', '2014-11-06', NULL, 0),
(57, 3, 'Noiembrie 2012', 0, '2012-11-01', '2014-08-20', '2014-11-06', NULL, NULL),
(58, 3, 'Decembrie 2012', 0, '2012-12-01', '2014-08-20', '2014-11-06', NULL, NULL),
(59, 3, 'Ianuarie 2013', 0, '2013-01-01', '2014-08-22', '2014-11-06', NULL, NULL),
(60, 3, 'Februarie 2013', 0, '2013-02-01', '2014-08-27', '2014-11-06', NULL, NULL),
(61, 3, 'martie 2013', 0, '2013-03-01', '2014-08-27', '2014-11-06', NULL, NULL),
(62, 3, 'Aprilie 2013', 0, '2013-04-01', '2014-08-28', '2014-11-06', NULL, NULL),
(63, 3, 'Mai 2013', 0, '2013-05-01', '2014-09-01', '2014-11-06', NULL, NULL),
(64, 3, 'Iunie 2013', 0, '2013-06-01', '2014-09-01', '2014-11-06', NULL, NULL),
(65, 3, 'Iulie 2013', 0, '2013-07-01', '2014-09-11', '2014-11-06', NULL, NULL),
(66, 3, 'August 2013', 0, '2013-08-01', '2014-09-18', '2014-11-06', NULL, NULL),
(67, 3, 'Septembrie 2013', 0, '2013-09-01', '2014-09-18', '2014-11-06', NULL, NULL),
(68, 3, 'Octombrie 2013', 0, '2013-10-01', '2014-09-18', '2014-11-06', NULL, NULL),
(69, 3, 'Noiembrie 2013', 0, '2013-11-01', '2014-09-22', '2014-11-06', NULL, NULL),
(70, 3, 'Decembrie 2013', 0, '2013-12-01', '2014-09-22', '2014-11-06', NULL, NULL),
(71, 3, 'Ianuarie 2014', 0, '2014-01-01', '2014-09-24', '2014-11-06', NULL, NULL),
(72, 4, 'August 2011', 0, '2011-08-01', NULL, '2014-11-06', NULL, NULL),
(73, 4, 'Noiembrie 2010', 0, '2010-11-01', NULL, '2014-11-06', NULL, NULL),
(74, 4, 'Decembrie 2010', 0, '2010-12-01', NULL, '2014-11-06', NULL, NULL),
(75, 4, 'Ianuarie 2011', 0, '2011-01-01', NULL, '2014-11-06', NULL, NULL),
(76, 4, 'Februarie 2011', 0, '2011-02-01', NULL, '2014-11-06', NULL, NULL),
(77, 4, 'Martie 2011', 0, '2011-03-01', NULL, '2014-11-06', NULL, NULL),
(78, 4, 'Aprilie 2011', 0, '2011-04-01', NULL, '2014-11-06', NULL, NULL),
(79, 4, 'Mai 2011', 0, '2011-05-01', NULL, '2014-11-06', NULL, NULL),
(80, 4, 'Iunie 2011', 0, '2011-06-01', NULL, '2014-11-06', NULL, NULL),
(81, 4, 'Iulie 2011', 0, '2011-07-01', NULL, '2014-11-06', NULL, NULL),
(82, 4, 'Septembrie 2011', 0, '2011-09-01', NULL, '2014-11-06', NULL, NULL),
(83, 4, 'Octombrie 2011', 0, '2011-10-01', NULL, '2014-11-06', NULL, NULL),
(84, 4, 'aprilie 2011', 0, '2011-04-01', NULL, '2014-11-06', NULL, NULL),
(85, 4, 'Ianuarie 2014', 0, '2014-01-01', NULL, '2014-11-06', NULL, NULL),
(86, 3, 'august 2012', 0, '2012-08-01', NULL, '2014-11-06', NULL, NULL),
(87, 5, 'februarie 2012', 0, '2012-02-01', NULL, '2014-11-06', NULL, 0.01),
(88, 5, 'noiembrie 2010', 0, '2010-11-01', NULL, '2014-11-06', NULL, 0.01),
(89, 5, 'octombrie 2010', 0, '2010-10-01', NULL, '2014-11-06', NULL, 0.01),
(90, 5, 'decembrie 2010', 0, '2010-12-01', NULL, '2014-11-06', NULL, 0.01),
(91, 5, 'ianuarie 2011', 0, '2011-01-01', NULL, '2014-11-06', NULL, 0.01),
(92, 5, 'februarie 2011', 0, '2011-02-01', NULL, '2014-11-06', NULL, 0.01),
(93, 5, 'martie 2011', 0, '2011-03-01', NULL, '2014-11-06', NULL, 0.01),
(94, 5, 'aprilie 2011', 0, '2011-04-01', NULL, '2014-11-06', NULL, 0.01),
(95, 5, 'mai 2011', 0, '2011-05-01', NULL, '2014-11-06', NULL, 0.01),
(96, 5, 'iunie 2011', 0, '2011-06-01', NULL, '2014-11-06', NULL, 0.01),
(97, 5, 'iulie 2011', 0, '2011-07-01', NULL, '2014-11-06', NULL, 0.01),
(98, 5, 'august 2011', 0, '2011-08-01', NULL, '2014-11-06', NULL, 0.01),
(99, 5, 'septembrie 2011', 0, '2011-09-01', NULL, '2014-11-06', NULL, 0.01),
(100, 5, 'Octombrie 2012', 0, '2012-10-01', NULL, '2014-11-06', NULL, 0.32),
(101, 3, 'februarie 2014', 0, '2014-02-01', '2014-09-29', '2014-11-06', NULL, NULL),
(102, 3, 'martie 2014', 0, '2014-03-01', '2014-11-06', '2014-11-06', NULL, NULL),
(103, 3, 'aprilie 2014', 0, '2014-04-01', '2014-11-06', '2014-11-07', NULL, NULL),
(104, 3, 'noiembrie 2014', 0, '2014-11-01', '2015-02-18', '2015-02-18', NULL, NULL),
(105, 3, 'mai 2014', 0, '2014-05-01', '2014-11-07', '2014-11-07', NULL, NULL),
(106, 3, 'iunie 2014', 0, '2014-06-01', '2014-11-07', '2015-02-17', NULL, NULL),
(107, 3, 'iulie 2014', 0, '2014-07-01', '2015-02-17', '2015-02-17', NULL, NULL),
(108, 3, 'august 2014', 0, '2014-08-01', '2015-02-17', '2015-02-17', NULL, NULL),
(109, 3, 'septembrie 2014', 0, '2014-09-01', '2015-02-17', '2015-02-17', NULL, NULL),
(110, 3, 'octombrie 2014', 0, '2014-10-01', '2015-02-17', '2015-02-18', NULL, NULL),
(111, 3, 'decembrie 2014', 1, '2014-12-01', '2015-02-18', NULL, NULL, NULL),
(113, 3, 'ianuarie 2015', 0, '2015-01-01', NULL, NULL, NULL, NULL),
(114, 6, 'februarie 2015', 0, '2015-02-01', NULL, NULL, NULL, NULL);

-- --------------------------------------------------------

--
-- Structura de tabel pentru tabelul `users`
--
-- Creare: 06 Feb 2015 la 13:06
--

DROP TABLE IF EXISTS `users`;
CREATE TABLE IF NOT EXISTS `users` (
  `id` int(10) unsigned NOT NULL AUTO_INCREMENT,
  `username` varchar(36) COLLATE utf8_romanian_ci NOT NULL,
  `password` varchar(36) COLLATE utf8_romanian_ci NOT NULL,
  `admin` tinyint(1) DEFAULT NULL,
  PRIMARY KEY (`id`)
) ENGINE=InnoDB  DEFAULT CHARSET=utf8 COLLATE=utf8_romanian_ci AUTO_INCREMENT=31 ;

--
-- Salvarea datelor din tabel `users`
--

INSERT INTO `users` (`id`, `username`, `password`, `admin`) VALUES
(3, 'Alehin', 'b17d3a010d3d02446e00014a3838f97e', NULL),
(4, 'Alexandra', '9db3c8f773c85206e661d7538de50fe7', NULL),
(5, 'fischer', '0a8e3638e3c0deb4e5e49c72286a5b83', NULL),
(6, 'Nisipeanu', '4f90d80f64612ba3aa1efcefb664ca71', NULL),
(7, 'Fischer', '0a8e3638e3c0deb4e5e49c72286a5b83', NULL),
(8, 'Magnus', '137dcec44002170db2d2dcd9c70dbebf', 1),
(9, 'Kasparov', '5128e47728f3e8c1ffa0615951bb080f', NULL),
(10, 'Karpov', 'c031e7afcf5df46c11331df24b856de3', NULL),
(12, 'Timman', '3890670a2b16b3cff0cdd33246c2b5df', NULL),
(13, 'Polihroniade', '001747f07c92c805c256f9a543f2b56c', NULL),
(14, 'Polgar', '4099060ab41e5e32a2e25ec3a1e76082', NULL),
(15, 'Anand', '8bda8e915e629a9fd1bbca44f8099c81', NULL),
(16, 'Spassky', '83cecf19d77944e9db610c4b49dd5e8d', NULL),
(17, 'Topalov', 'c197580d5f4a91518506636774c63df2', NULL),
(18, 'Kramnik', '27f6c2769ef3dd9bf9697b7d47a710ee', NULL),
(19, 'Tal', 'c0079e0d4e801bc94bce6fa2ed9e008c', NULL),
(20, 'Capablanca', '9594ee9bd0a37a23738d90815c4f3046', NULL),
(21, 'Fischer', '0a8e3638e3c0deb4e5e49c72286a5b83', NULL),
(22, 'Lasker', '44e3c40af580e534fe210870ba442c80', NULL),
(23, 'Steinitz', '524baa3aa77d52f9e3bfcc6c828a0840', NULL),
(24, 'Caruana', '16808c376828407dd2a445504d767322', NULL),
(25, 'Botvinnik', '90cc59ed43a62f7b424a01f93d8ca2ed', NULL),
(26, 'Ivanchuk', '75cf86ae66a875a656e0d261a115e7e5', NULL),
(27, 'Petrosian', '416282afeef2abdf545576081c05615b', NULL),
(28, 'Nimzowitsch', 'f634a8f61d93b3ee4132f83cb4f60f82', NULL),
(29, 'Aronian', '77a7760b074b1e440cea5e6fded33dc8', NULL),
(30, 'adminonline', '524baa3aa77d52f9e3bfcc6c828a0840', 1);

-- --------------------------------------------------------

--
-- Structura de tabel pentru tabelul `users_apartments_map`
--
-- Creare: 06 Feb 2015 la 13:06
--

DROP TABLE IF EXISTS `users_apartments_map`;
CREATE TABLE IF NOT EXISTS `users_apartments_map` (
  `id_user` int(10) unsigned NOT NULL,
  `id_apartment` int(10) unsigned NOT NULL,
  KEY `id_user` (`id_user`),
  KEY `id_apartment` (`id_apartment`)
) ENGINE=InnoDB DEFAULT CHARSET=utf8 COLLATE=utf8_romanian_ci;

--
-- RELAȚII PENTRU TABEL `users_apartments_map`:
--   `id_user`
--       `users` -> `id`
--   `id_apartment`
--       `apartments` -> `id`
--

--
-- Salvarea datelor din tabel `users_apartments_map`
--

INSERT INTO `users_apartments_map` (`id_user`, `id_apartment`) VALUES
(4, 63),
(9, 21),
(10, 22),
(13, 23),
(14, 25),
(15, 24),
(16, 26),
(17, 27),
(18, 28),
(19, 29),
(20, 31),
(21, 32),
(22, 33),
(28, 39),
(27, 38),
(26, 37),
(25, 36),
(24, 35),
(23, 34),
(6, 30);

-- --------------------------------------------------------

--
-- Structura de tabel pentru tabelul `users_persons_map`
--
-- Creare: 06 Feb 2015 la 13:06
--

DROP TABLE IF EXISTS `users_persons_map`;
CREATE TABLE IF NOT EXISTS `users_persons_map` (
  `id_user` int(10) unsigned NOT NULL,
  `id_person` int(10) unsigned NOT NULL,
  KEY `id_user` (`id_user`),
  KEY `id_person` (`id_person`)
) ENGINE=InnoDB DEFAULT CHARSET=latin1;

--
-- RELAȚII PENTRU TABEL `users_persons_map`:
--   `id_user`
--       `users` -> `id`
--   `id_person`
--       `persons` -> `id`
--

--
-- Salvarea datelor din tabel `users_persons_map`
--

INSERT INTO `users_persons_map` (`id_user`, `id_person`) VALUES
(4, 5),
(5, 6),
(8, 12),
(9, 13),
(10, 14),
(12, 31),
(13, 32),
(14, 16),
(15, 17),
(16, 18),
(17, 19),
(18, 20),
(19, 21),
(20, 22),
(21, 23),
(22, 24),
(28, 30),
(27, 29),
(26, 28),
(25, 27),
(24, 26),
(23, 25),
(7, 23),
(29, 33),
(6, 7),
(3, 3),
(30, 34),
(30, 35);

-- --------------------------------------------------------

--
-- Structura de tabel pentru tabelul `users_stairs_map`
--
-- Creare: 06 Feb 2015 la 13:06
--

DROP TABLE IF EXISTS `users_stairs_map`;
CREATE TABLE IF NOT EXISTS `users_stairs_map` (
  `id_user` int(10) unsigned NOT NULL,
  `id_stair` int(10) unsigned NOT NULL,
  KEY `id_user` (`id_user`),
  KEY `id_stair` (`id_stair`)
) ENGINE=InnoDB DEFAULT CHARSET=utf8 COLLATE=utf8_romanian_ci;

--
-- RELAȚII PENTRU TABEL `users_stairs_map`:
--   `id_user`
--       `users` -> `id`
--   `id_stair`
--       `stairs` -> `id`
--

--
-- Salvarea datelor din tabel `users_stairs_map`
--

INSERT INTO `users_stairs_map` (`id_user`, `id_stair`) VALUES
(5, 4),
(8, 3),
(12, 3),
(7, 3),
(29, 3),
(3, 3),
(30, 6),
(30, 3);

--
-- Restrictii pentru tabele sterse
--

--
-- Restrictii pentru tabele `apartments`
--
ALTER TABLE `apartments`
  ADD CONSTRAINT `apartments_ibfk_1` FOREIGN KEY (`id_person`) REFERENCES `persons` (`id`) ON DELETE CASCADE,
  ADD CONSTRAINT `apartments_ibfk_2` FOREIGN KEY (`id_stair`) REFERENCES `stairs` (`id`) ON DELETE CASCADE;

--
-- Restrictii pentru tabele `coefficient_mod_values`
--
ALTER TABLE `coefficient_mod_values`
  ADD CONSTRAINT `coefficient_mod_values_ibfk_4` FOREIGN KEY (`id_upkeep`) REFERENCES `upkeeps` (`id`) ON DELETE CASCADE,
  ADD CONSTRAINT `coefficient_mod_values_ibfk_1` FOREIGN KEY (`id_expense`) REFERENCES `expenses` (`id`) ON DELETE CASCADE,
  ADD CONSTRAINT `coefficient_mod_values_ibfk_2` FOREIGN KEY (`id_apartment`) REFERENCES `apartments` (`id`) ON DELETE CASCADE,
  ADD CONSTRAINT `coefficient_mod_values_ibfk_3` FOREIGN KEY (`id_mod_type`) REFERENCES `mod_types` (`id`) ON DELETE CASCADE;

--
-- Restrictii pentru tabele `coefficient_values`
--
ALTER TABLE `coefficient_values`
  ADD CONSTRAINT `coefficient_values_ibfk_3` FOREIGN KEY (`id_upkeep`) REFERENCES `upkeeps` (`id`) ON DELETE CASCADE,
  ADD CONSTRAINT `coefficient_values_ibfk_1` FOREIGN KEY (`id_apartment`) REFERENCES `apartments` (`id`) ON DELETE CASCADE,
  ADD CONSTRAINT `coefficient_values_ibfk_2` FOREIGN KEY (`id_coefficient`) REFERENCES `coefficients` (`id`) ON DELETE CASCADE;

--
-- Restrictii pentru tabele `expenses`
--
ALTER TABLE `expenses`
  ADD CONSTRAINT `expenses_ibfk_1` FOREIGN KEY (`id_stair`) REFERENCES `stairs` (`id`) ON DELETE CASCADE,
  ADD CONSTRAINT `expenses_ibfk_2` FOREIGN KEY (`id_coefficient`) REFERENCES `coefficients` (`id`) ON DELETE CASCADE;

--
-- Restrictii pentru tabele `expense_values`
--
ALTER TABLE `expense_values`
  ADD CONSTRAINT `expense_values_ibfk_1` FOREIGN KEY (`id_expense`) REFERENCES `expenses` (`id`) ON DELETE CASCADE,
  ADD CONSTRAINT `expense_values_ibfk_2` FOREIGN KEY (`id_upkeep`) REFERENCES `upkeeps` (`id`) ON DELETE CASCADE;

--
-- Restrictii pentru tabele `indexes`
--
ALTER TABLE `indexes`
  ADD CONSTRAINT `indexes_ibfk_1` FOREIGN KEY (`id_upkeep`) REFERENCES `upkeeps` (`id`) ON DELETE CASCADE,
  ADD CONSTRAINT `indexes_ibfk_2` FOREIGN KEY (`id_apartment`) REFERENCES `apartments` (`id`) ON DELETE CASCADE,
  ADD CONSTRAINT `indexes_ibfk_3` FOREIGN KEY (`id_expense`) REFERENCES `expenses` (`id`) ON DELETE CASCADE;

--
-- Restrictii pentru tabele `invoice_series`
--
ALTER TABLE `invoice_series`
  ADD CONSTRAINT `invoice_series_ibfk_1` FOREIGN KEY (`id_stair`) REFERENCES `stairs` (`id`) ON DELETE CASCADE;

--
-- Restrictii pentru tabele `messages`
--
ALTER TABLE `messages`
  ADD CONSTRAINT `messages_ibfk_1` FOREIGN KEY (`id_user`) REFERENCES `users` (`id`) ON DELETE CASCADE,
  ADD CONSTRAINT `messages_ibfk_2` FOREIGN KEY (`id_upkeep`) REFERENCES `upkeeps` (`id`) ON DELETE CASCADE;

--
-- Restrictii pentru tabele `payment_values`
--
ALTER TABLE `payment_values`
  ADD CONSTRAINT `payment_values_ibfk_1` FOREIGN KEY (`id_upkeep`) REFERENCES `upkeeps` (`id`) ON DELETE CASCADE,
  ADD CONSTRAINT `payment_values_ibfk_2` FOREIGN KEY (`id_apartment`) REFERENCES `apartments` (`id`) ON DELETE CASCADE,
  ADD CONSTRAINT `payment_values_ibfk_3` FOREIGN KEY (`id_invoice_series`) REFERENCES `invoice_series` (`id`) ON DELETE CASCADE;

--
-- Restrictii pentru tabele `persons`
--
ALTER TABLE `persons`
  ADD CONSTRAINT `persons_ibfk_1` FOREIGN KEY (`id_person_role`) REFERENCES `person_roles` (`id`) ON DELETE CASCADE,
  ADD CONSTRAINT `persons_ibfk_2` FOREIGN KEY (`id_apartment`) REFERENCES `apartments` (`id`) ON DELETE CASCADE,
  ADD CONSTRAINT `persons_ibfk_3` FOREIGN KEY (`id_stair`) REFERENCES `stairs` (`id`) ON DELETE CASCADE,
  ADD CONSTRAINT `persons_ibfk_4` FOREIGN KEY (`id_person_job`) REFERENCES `person_jobs` (`id`) ON DELETE CASCADE;

--
-- Restrictii pentru tabele `stairs`
--
ALTER TABLE `stairs`
  ADD CONSTRAINT `stairs_ibfk_1` FOREIGN KEY (`id_association`) REFERENCES `associations` (`id`) ON DELETE CASCADE;

--
-- Restrictii pentru tabele `users_apartments_map`
--
ALTER TABLE `users_apartments_map`
  ADD CONSTRAINT `users_apartments_map_ibfk_1` FOREIGN KEY (`id_user`) REFERENCES `users` (`id`) ON DELETE CASCADE,
  ADD CONSTRAINT `users_apartments_map_ibfk_2` FOREIGN KEY (`id_apartment`) REFERENCES `apartments` (`id`) ON DELETE CASCADE;

--
-- Restrictii pentru tabele `users_persons_map`
--
ALTER TABLE `users_persons_map`
  ADD CONSTRAINT `users_persons_map_ibfk_1` FOREIGN KEY (`id_user`) REFERENCES `users` (`id`) ON DELETE CASCADE,
  ADD CONSTRAINT `users_persons_map_ibfk_2` FOREIGN KEY (`id_person`) REFERENCES `persons` (`id`) ON DELETE CASCADE;

--
-- Restrictii pentru tabele `users_stairs_map`
--
ALTER TABLE `users_stairs_map`
  ADD CONSTRAINT `users_stairs_map_ibfk_1` FOREIGN KEY (`id_user`) REFERENCES `users` (`id`) ON DELETE CASCADE,
  ADD CONSTRAINT `users_stairs_map_ibfk_2` FOREIGN KEY (`id_stair`) REFERENCES `stairs` (`id`) ON DELETE CASCADE;
SET FOREIGN_KEY_CHECKS=1;

/*!40101 SET CHARACTER_SET_CLIENT=@OLD_CHARACTER_SET_CLIENT */;
/*!40101 SET CHARACTER_SET_RESULTS=@OLD_CHARACTER_SET_RESULTS */;
/*!40101 SET COLLATION_CONNECTION=@OLD_COLLATION_CONNECTION */;
