--
-- phpMyAdmin v.3.5.8 SQL Dump
-- http://www.phpmyadmin.net
--
-- Generation Time: Jun 14, 2016 at 04:32 PM
-- Server version: 5.1.50-rel11.4-log
--

SET FOREIGN_KEY_CHECKS=0;
SET SQL_MODE="NO_AUTO_VALUE_ON_ZERO";
SET time_zone = "+00:00";


/*!40101 SET @OLD_CHARACTER_SET_CLIENT=@@CHARACTER_SET_CLIENT */;
/*!40101 SET @OLD_CHARACTER_SET_RESULTS=@@CHARACTER_SET_RESULTS */;
/*!40101 SET @OLD_COLLATION_CONNECTION=@@COLLATION_CONNECTION */;
/*!40101 SET NAMES utf8 */;

--
-- Database: `adminonline`
--

CREATE DATABASE `adminonline` DEFAULT CHARACTER SET utf8 COLLATE utf8_romanian_ci;
USE `adminonline`;

-- --------------------------------------------------------

--
-- Table structure for table `apartments`
--
-- Creation: Mar 06, 2015 at 01:50 PM
--

DROP TABLE IF EXISTS `apartments`;
CREATE TABLE IF NOT EXISTS `apartments` (
  `id` int(10) unsigned NOT NULL AUTO_INCREMENT,
  `number` int(10) unsigned NOT NULL,
  `id_stair` int(10) unsigned NOT NULL,
  `id_person` int(10) unsigned NOT NULL,
  `pending` float NOT NULL DEFAULT '0',
  `penalty` float NOT NULL DEFAULT '0',
  `current` float NOT NULL DEFAULT '0',
  `name` varchar(12) COLLATE utf8_romanian_ci NOT NULL,
  PRIMARY KEY (`id`),
  UNIQUE KEY `number` (`number`,`id_stair`),
  KEY `id_person` (`id_person`),
  KEY `id_stair` (`id_stair`)
) ENGINE=InnoDB  DEFAULT CHARSET=utf8 COLLATE=utf8_romanian_ci AUTO_INCREMENT=65 ;

--
-- RELATIONS FOR TABLE `apartments`:
--   `id_person`
--       `persons` -> `id`
--   `id_stair`
--       `stairs` -> `id`
--

--
-- Dumping data for table `apartments`
--

INSERT INTO `apartments` (`id`, `number`, `id_stair`, `id_person`, `pending`, `penalty`, `current`, `name`) VALUES
(2, 56, 1, 35, 0, 0, 0, 'Garsoniera'),
(3, 57, 1, 35, 0, 0, 0, '4 camere'),
(4, 58, 1, 35, 0, 0, 0, '3 camere'),
(5, 59, 1, 35, 0, 0, 0, '3 camere'),
(6, 60, 1, 35, 0, 0, 0, '3 camere'),
(7, 61, 1, 35, 99.78, 93.29, 1558.22, 'Garsoniera'),
(8, 62, 1, 35, 0, 0, 0, '4 camere'),
(9, 63, 1, 35, 0, 0, 0, '3 camere'),
(10, 64, 1, 35, 0, 0, 0, '3 camere'),
(11, 65, 1, 35, 0, 0, 0, '3 camere'),
(12, 66, 1, 35, 0, 0, 0, 'Garsoniera'),
(13, 67, 1, 35, 0, 0, 0, '4 camere'),
(14, 68, 1, 35, 0, 0, 0, '3 camere'),
(15, 69, 1, 35, 0, 0, 0, '3 camere'),
(16, 70, 1, 35, 0, 0, 0, '3 camere'),
(17, 71, 1, 35, 0, 0, 0, 'Garsoniera'),
(18, 72, 1, 35, 0, 0, 0, '4 camere'),
(19, 73, 1, 35, 0, 0, 0, '3 camere'),
(20, 74, 1, 35, 0, 0, 0, '3 camere'),
(21, 75, 1, 35, 0, 0, 0, '3 camere'),
(22, 76, 1, 35, 0, 0, 0, 'Garsoniera'),
(23, 77, 1, 35, 0, 0, 0, '4 camere'),
(24, 78, 1, 35, 0, 0, 0, '3 camere'),
(25, 79, 1, 35, 0, 0, 0, '3 camere'),
(26, 80, 1, 35, 0, 0, 0, '3 camere'),
(27, 81, 1, 35, 0, 0, 254, 'Garsoniera'),
(28, 82, 1, 35, 0, 0, 0, '4 camere'),
(29, 83, 1, 35, 0, 0, 0, '3 camere'),
(30, 84, 1, 35, 0, 0, 0, '3 camere'),
(31, 85, 1, 35, 0, 0, 384, '3 camere'),
(32, 86, 1, 35, 0, 0, 0, 'Garsoniera'),
(33, 87, 1, 35, 0, 0, 342, '4 camere'),
(34, 88, 1, 35, 0, 0, 0, '3 camere'),
(35, 89, 1, 35, 0, 0, 0, '3 camere'),
(36, 90, 1, 35, 0, 0, 0, '3 camere'),
(37, 91, 1, 35, 0, 0, 214, 'Garsoniera'),
(38, 92, 1, 35, 0, 0, 0, '4 camere'),
(39, 93, 1, 35, 0, 0, 0, '3 camere'),
(40, 94, 1, 35, 0, 0, 0, '3 camere'),
(41, 95, 1, 35, 0, 0, 0, '3 camere'),
(42, 96, 1, 35, 0, 0, 0, 'Garsoniera'),
(43, 97, 1, 35, 0, 0, 0, '4 camere'),
(45, 99, 1, 35, 0, 0, 0, '3 camere'),
(46, 100, 1, 35, 0, 0, 0, '3 camere'),
(47, 101, 1, 35, 0, 0, 254, 'Garsoniera'),
(48, 102, 1, 35, 0, 0, 0, '4 camere'),
(49, 103, 1, 35, 0, 0, 0, '3 camere'),
(50, 104, 1, 35, 0, 0, 0, '3 camere'),
(51, 105, 1, 35, 0, 0, 0, '3 camere'),
(52, 106, 1, 35, 0, 0, 0, 'Garsoniera'),
(53, 107, 1, 35, 0, 0, 0, '4 camere'),
(54, 108, 1, 35, 0, 0, 0, '3 camere'),
(55, 109, 1, 35, 0, 0, 307, '3 camere'),
(56, 110, 1, 35, 0, 0, 0, '3 camere');

-- --------------------------------------------------------

--
-- Table structure for table `associations`
--
-- Creation: Feb 21, 2015 at 03:14 PM
--

DROP TABLE IF EXISTS `associations`;
CREATE TABLE IF NOT EXISTS `associations` (
  `id` int(10) unsigned NOT NULL AUTO_INCREMENT,
  `name` varchar(256) COLLATE utf8_romanian_ci NOT NULL,
  `address` varchar(256) COLLATE utf8_romanian_ci NOT NULL,
  PRIMARY KEY (`id`)
) ENGINE=InnoDB  DEFAULT CHARSET=utf8 COLLATE=utf8_romanian_ci AUTO_INCREMENT=3 ;

--
-- Dumping data for table `associations`
--

INSERT INTO `associations` (`id`, `name`, `address`) VALUES
(1, 'Asociatia Titulescu nr. 39 bl. 12 sc. B', 'str. Nicolae Titulescu nr. 39 bl. 12 sc. B'),
(2, 'Edelweiss', 'Edelweiss');

-- --------------------------------------------------------

--
-- Table structure for table `coefficients`
--
-- Creation: Mar 09, 2015 at 03:17 PM
--

DROP TABLE IF EXISTS `coefficients`;
CREATE TABLE IF NOT EXISTS `coefficients` (
  `id` int(10) unsigned NOT NULL AUTO_INCREMENT,
  `name` varchar(32) COLLATE utf8_romanian_ci NOT NULL,
  `default_show` tinyint(1) DEFAULT NULL,
  `unit` varchar(12) COLLATE utf8_romanian_ci DEFAULT NULL,
  PRIMARY KEY (`id`)
) ENGINE=InnoDB  DEFAULT CHARSET=utf8 COLLATE=utf8_romanian_ci AUTO_INCREMENT=6 ;

--
-- Dumping data for table `coefficients`
--

INSERT INTO `coefficients` (`id`, `name`, `default_show`, `unit`) VALUES
(2, 'Suprafata', 0, 'm.p.'),
(3, 'Numar persoane', 1, 'pers.'),
(4, 'Suprafata incalzita', 0, 'm.p.'),
(5, 'Numar camere', 0, 'cam.');

-- --------------------------------------------------------

--
-- Table structure for table `coefficient_mod_values`
--
-- Creation: Feb 24, 2015 at 02:54 PM
--

DROP TABLE IF EXISTS `coefficient_mod_values`;
CREATE TABLE IF NOT EXISTS `coefficient_mod_values` (
  `id` int(10) unsigned NOT NULL AUTO_INCREMENT,
  `id_expense` int(10) unsigned NOT NULL,
  `id_apartment` int(10) unsigned NOT NULL,
  `value` float unsigned DEFAULT NULL,
  `id_mod_type` int(10) unsigned NOT NULL,
  `id_upkeep` int(10) unsigned NOT NULL,
  PRIMARY KEY (`id`),
  UNIQUE KEY `id_upkeep` (`id_upkeep`,`id_apartment`,`id_expense`),
  KEY `coefficient_mod_values_ibfk_3` (`id_mod_type`),
  KEY `coefficient_mod_values_ibfk_1` (`id_expense`),
  KEY `coefficient_mod_values_ibfk_2` (`id_apartment`)
) ENGINE=InnoDB  DEFAULT CHARSET=latin1 AUTO_INCREMENT=965 ;

--
-- RELATIONS FOR TABLE `coefficient_mod_values`:
--   `id_upkeep`
--       `upkeeps` -> `id`
--   `id_expense`
--       `expenses` -> `id`
--   `id_apartment`
--       `apartments` -> `id`
--   `id_mod_type`
--       `mod_types` -> `id`
--

--
-- Dumping data for table `coefficient_mod_values`
--

INSERT INTO `coefficient_mod_values` (`id`, `id_expense`, `id_apartment`, `value`, `id_mod_type`, `id_upkeep`) VALUES
(1, 2, 4, 3.85454, 3, 2),
(2, 2, 5, 2, 3, 2),
(3, 2, 6, 3.36364, 3, 2),
(4, 2, 9, 9, 3, 2),
(5, 2, 12, 6.3637, 3, 2),
(6, 2, 14, 3, 3, 2),
(7, 2, 15, 5.80909, 3, 2),
(8, 2, 20, 2, 3, 2),
(9, 2, 25, 4.9728, 3, 2),
(10, 2, 26, 6.11818, 3, 2),
(11, 2, 32, 2.82727, 3, 2),
(12, 2, 35, 4.07273, 3, 2),
(13, 2, 36, 4.25455, 3, 2),
(14, 2, 37, 1.2, 3, 2),
(15, 2, 39, 4, 3, 2),
(16, 2, 41, 4.29091, 3, 2),
(17, 2, 42, 2, 3, 2),
(19, 2, 45, 8.04545, 3, 2),
(20, 2, 46, 4.54545, 3, 2),
(21, 2, 47, 2.46364, 3, 2),
(22, 2, 48, 1.09091, 3, 2),
(23, 2, 50, 8.7, 3, 2),
(24, 2, 51, 4.54545, 3, 2),
(25, 2, 54, 4.63636, 3, 2),
(26, 2, 55, 7.76364, 3, 2),
(27, 2, 56, 4.47273, 3, 2),
(28, 2, 2, NULL, 1, 2),
(29, 1, 2, NULL, 1, 2),
(32, 9, 2, NULL, 1, 2),
(34, 5, 2, NULL, 1, 2),
(35, 6, 2, NULL, 1, 2),
(38, 2, 3, NULL, 1, 2),
(39, 1, 3, NULL, 1, 2),
(42, 9, 3, NULL, 1, 2),
(44, 5, 3, NULL, 1, 2),
(45, 6, 3, NULL, 1, 2),
(48, 1, 4, NULL, 1, 2),
(51, 9, 4, NULL, 1, 2),
(53, 5, 4, NULL, 1, 2),
(54, 6, 4, NULL, 1, 2),
(57, 1, 5, NULL, 1, 2),
(60, 9, 5, NULL, 1, 2),
(62, 5, 5, NULL, 1, 2),
(63, 6, 5, NULL, 1, 2),
(66, 1, 6, NULL, 1, 2),
(69, 9, 6, NULL, 1, 2),
(71, 5, 6, NULL, 1, 2),
(72, 6, 6, NULL, 1, 2),
(75, 2, 7, NULL, 1, 2),
(76, 1, 7, NULL, 1, 2),
(79, 9, 7, NULL, 1, 2),
(81, 5, 7, NULL, 1, 2),
(82, 6, 7, NULL, 1, 2),
(85, 2, 8, NULL, 1, 2),
(86, 1, 8, NULL, 1, 2),
(89, 9, 8, NULL, 1, 2),
(91, 5, 8, NULL, 1, 2),
(92, 6, 8, NULL, 1, 2),
(95, 2, 10, NULL, 1, 2),
(96, 1, 10, NULL, 1, 2),
(99, 9, 10, NULL, 1, 2),
(101, 5, 10, NULL, 1, 2),
(102, 6, 10, NULL, 1, 2),
(105, 1, 9, NULL, 1, 2),
(108, 9, 9, NULL, 1, 2),
(110, 5, 9, NULL, 1, 2),
(111, 6, 9, NULL, 1, 2),
(114, 2, 11, NULL, 1, 2),
(115, 1, 11, NULL, 1, 2),
(118, 9, 11, NULL, 1, 2),
(120, 5, 11, NULL, 1, 2),
(121, 6, 11, NULL, 1, 2),
(124, 1, 12, NULL, 1, 2),
(127, 9, 12, NULL, 1, 2),
(129, 5, 12, NULL, 1, 2),
(130, 6, 12, NULL, 1, 2),
(133, 2, 13, NULL, 1, 2),
(134, 1, 13, NULL, 1, 2),
(137, 9, 13, NULL, 1, 2),
(139, 5, 13, NULL, 1, 2),
(140, 6, 13, NULL, 1, 2),
(143, 1, 14, NULL, 1, 2),
(146, 9, 14, NULL, 1, 2),
(148, 5, 14, NULL, 1, 2),
(149, 6, 14, NULL, 1, 2),
(152, 1, 15, NULL, 1, 2),
(155, 9, 15, NULL, 1, 2),
(157, 5, 15, NULL, 1, 2),
(158, 6, 15, NULL, 1, 2),
(161, 2, 16, NULL, 1, 2),
(162, 1, 16, NULL, 1, 2),
(165, 9, 16, NULL, 1, 2),
(167, 5, 16, NULL, 1, 2),
(168, 6, 16, NULL, 1, 2),
(171, 2, 17, NULL, 1, 2),
(172, 1, 17, NULL, 1, 2),
(175, 9, 17, NULL, 1, 2),
(177, 5, 17, NULL, 1, 2),
(178, 6, 17, NULL, 1, 2),
(181, 2, 18, NULL, 1, 2),
(182, 1, 18, NULL, 1, 2),
(185, 9, 18, NULL, 1, 2),
(187, 5, 18, NULL, 1, 2),
(188, 6, 18, NULL, 1, 2),
(191, 2, 19, NULL, 1, 2),
(192, 1, 19, NULL, 1, 2),
(195, 9, 19, NULL, 1, 2),
(197, 5, 19, NULL, 1, 2),
(198, 6, 19, NULL, 1, 2),
(201, 1, 20, NULL, 1, 2),
(204, 9, 20, NULL, 1, 2),
(206, 5, 20, NULL, 1, 2),
(207, 6, 20, NULL, 1, 2),
(210, 2, 21, NULL, 1, 2),
(211, 1, 21, NULL, 1, 2),
(214, 9, 21, NULL, 1, 2),
(216, 5, 21, NULL, 1, 2),
(217, 6, 21, NULL, 1, 2),
(220, 2, 22, NULL, 1, 2),
(221, 1, 22, NULL, 1, 2),
(224, 9, 22, NULL, 1, 2),
(226, 5, 22, NULL, 1, 2),
(227, 6, 22, NULL, 1, 2),
(230, 2, 23, NULL, 1, 2),
(231, 1, 23, NULL, 1, 2),
(234, 9, 23, NULL, 1, 2),
(236, 5, 23, NULL, 1, 2),
(237, 6, 23, NULL, 1, 2),
(240, 2, 24, NULL, 1, 2),
(241, 1, 24, NULL, 1, 2),
(244, 9, 24, NULL, 1, 2),
(246, 5, 24, NULL, 1, 2),
(247, 6, 24, NULL, 1, 2),
(250, 1, 25, NULL, 1, 2),
(253, 9, 25, NULL, 1, 2),
(255, 5, 25, NULL, 1, 2),
(256, 6, 25, NULL, 1, 2),
(259, 1, 26, NULL, 1, 2),
(262, 9, 26, NULL, 1, 2),
(264, 5, 26, NULL, 1, 2),
(265, 6, 26, NULL, 1, 2),
(268, 2, 27, NULL, 1, 2),
(269, 1, 27, NULL, 1, 2),
(272, 9, 27, NULL, 1, 2),
(274, 5, 27, NULL, 1, 2),
(275, 6, 27, NULL, 1, 2),
(278, 2, 28, NULL, 1, 2),
(279, 1, 28, NULL, 1, 2),
(282, 9, 28, NULL, 1, 2),
(284, 5, 28, NULL, 1, 2),
(285, 6, 28, NULL, 1, 2),
(288, 2, 29, NULL, 1, 2),
(289, 1, 29, NULL, 1, 2),
(292, 9, 29, NULL, 1, 2),
(294, 5, 29, NULL, 1, 2),
(295, 6, 29, NULL, 1, 2),
(298, 2, 30, NULL, 1, 2),
(299, 1, 30, NULL, 1, 2),
(302, 9, 30, NULL, 1, 2),
(304, 5, 30, NULL, 1, 2),
(305, 6, 30, NULL, 1, 2),
(308, 2, 31, NULL, 1, 2),
(309, 1, 31, NULL, 1, 2),
(312, 9, 31, NULL, 1, 2),
(314, 5, 31, NULL, 1, 2),
(315, 6, 31, NULL, 1, 2),
(318, 1, 32, NULL, 1, 2),
(321, 9, 32, NULL, 1, 2),
(323, 5, 32, NULL, 1, 2),
(324, 6, 32, NULL, 1, 2),
(327, 2, 33, NULL, 1, 2),
(328, 1, 33, NULL, 1, 2),
(331, 9, 33, NULL, 1, 2),
(333, 5, 33, NULL, 1, 2),
(334, 6, 33, NULL, 1, 2),
(337, 2, 34, NULL, 1, 2),
(338, 1, 34, NULL, 1, 2),
(341, 9, 34, NULL, 1, 2),
(343, 5, 34, NULL, 1, 2),
(344, 6, 34, NULL, 1, 2),
(347, 1, 35, NULL, 1, 2),
(350, 9, 35, NULL, 1, 2),
(352, 5, 35, NULL, 1, 2),
(353, 6, 35, NULL, 1, 2),
(356, 1, 36, NULL, 1, 2),
(359, 9, 36, NULL, 1, 2),
(361, 5, 36, NULL, 1, 2),
(362, 6, 36, NULL, 1, 2),
(365, 1, 37, NULL, 1, 2),
(368, 9, 37, NULL, 1, 2),
(370, 5, 37, NULL, 1, 2),
(371, 6, 37, NULL, 1, 2),
(374, 2, 38, NULL, 1, 2),
(375, 1, 38, NULL, 1, 2),
(378, 9, 38, NULL, 1, 2),
(380, 5, 38, NULL, 1, 2),
(381, 6, 38, NULL, 1, 2),
(384, 1, 39, NULL, 1, 2),
(387, 9, 39, NULL, 1, 2),
(389, 5, 39, NULL, 1, 2),
(390, 6, 39, NULL, 1, 2),
(393, 2, 40, NULL, 1, 2),
(394, 1, 40, NULL, 1, 2),
(397, 9, 40, NULL, 1, 2),
(399, 5, 40, NULL, 1, 2),
(400, 6, 40, NULL, 1, 2),
(403, 1, 41, NULL, 1, 2),
(406, 9, 41, NULL, 1, 2),
(408, 5, 41, NULL, 1, 2),
(409, 6, 41, NULL, 1, 2),
(412, 1, 42, NULL, 1, 2),
(415, 9, 42, NULL, 1, 2),
(417, 5, 42, NULL, 1, 2),
(418, 6, 42, NULL, 1, 2),
(421, 2, 43, NULL, 1, 2),
(422, 1, 43, NULL, 1, 2),
(425, 9, 43, NULL, 1, 2),
(427, 5, 43, NULL, 1, 2),
(428, 6, 43, NULL, 1, 2),
(440, 1, 45, NULL, 1, 2),
(443, 9, 45, NULL, 1, 2),
(445, 5, 45, NULL, 1, 2),
(446, 6, 45, NULL, 1, 2),
(449, 1, 46, NULL, 1, 2),
(452, 9, 46, NULL, 1, 2),
(454, 5, 46, NULL, 1, 2),
(455, 6, 46, NULL, 1, 2),
(458, 1, 47, NULL, 1, 2),
(461, 9, 47, NULL, 1, 2),
(463, 5, 47, NULL, 1, 2),
(464, 6, 47, NULL, 1, 2),
(467, 1, 48, NULL, 1, 2),
(470, 9, 48, NULL, 1, 2),
(472, 5, 48, NULL, 1, 2),
(473, 6, 48, NULL, 1, 2),
(476, 2, 49, NULL, 1, 2),
(477, 1, 49, NULL, 1, 2),
(480, 9, 49, NULL, 1, 2),
(482, 5, 49, NULL, 1, 2),
(483, 6, 49, NULL, 1, 2),
(486, 1, 50, NULL, 1, 2),
(489, 9, 50, NULL, 1, 2),
(491, 5, 50, NULL, 1, 2),
(492, 6, 50, NULL, 1, 2),
(495, 1, 56, NULL, 1, 2),
(498, 9, 56, NULL, 1, 2),
(500, 5, 56, NULL, 1, 2),
(501, 6, 56, NULL, 1, 2),
(504, 1, 51, NULL, 1, 2),
(507, 9, 51, NULL, 1, 2),
(509, 5, 51, NULL, 1, 2),
(510, 6, 51, NULL, 1, 2),
(513, 2, 52, NULL, 1, 2),
(514, 1, 52, NULL, 1, 2),
(517, 9, 52, NULL, 1, 2),
(519, 5, 52, NULL, 1, 2),
(520, 6, 52, NULL, 1, 2),
(523, 2, 53, NULL, 1, 2),
(524, 1, 53, NULL, 1, 2),
(527, 9, 53, NULL, 1, 2),
(529, 5, 53, NULL, 1, 2),
(530, 6, 53, NULL, 1, 2),
(533, 1, 54, NULL, 1, 2),
(536, 9, 54, NULL, 1, 2),
(538, 5, 54, NULL, 1, 2),
(539, 6, 54, NULL, 1, 2),
(542, 1, 55, NULL, 1, 2),
(545, 9, 55, NULL, 1, 2),
(547, 5, 55, NULL, 1, 2),
(548, 6, 55, NULL, 1, 2),
(551, 2, 4, 4, 3, 4),
(552, 2, 5, NULL, 3, 4),
(553, 2, 6, NULL, 3, 4),
(554, 2, 9, 4, 3, 4),
(555, 2, 12, NULL, 3, 4),
(556, 2, 14, 1.7, 3, 4),
(557, 2, 15, NULL, 3, 4),
(558, 2, 20, 0.25, 3, 4),
(559, 2, 25, NULL, 3, 4),
(560, 2, 26, 4.03, 3, 4),
(561, 2, 32, NULL, 3, 4),
(562, 2, 35, 4.94, 3, 4),
(563, 2, 36, 5.48, 3, 4),
(564, 2, 37, NULL, 3, 4),
(565, 2, 39, 3, 3, 4),
(566, 2, 41, 4.59, 3, 4),
(567, 2, 42, 2, 3, 4),
(569, 2, 45, NULL, 3, 4),
(570, 2, 46, 3, 3, 4),
(571, 2, 47, NULL, 3, 4),
(572, 2, 48, 2, 3, 4),
(573, 2, 50, 0.08, 3, 4),
(574, 2, 51, 5, 3, 4),
(575, 2, 54, 0.22, 3, 4),
(576, 2, 55, NULL, 3, 4),
(577, 2, 56, 6, 3, 4),
(582, 1, 4, NULL, 1, 4),
(583, 14, 4, NULL, 1, 4),
(584, 9, 4, NULL, 1, 4),
(585, 13, 4, NULL, 1, 4),
(586, 5, 4, NULL, 1, 4),
(587, 6, 4, NULL, 1, 4),
(588, 15, 4, NULL, 1, 4),
(589, 11, 4, NULL, 1, 4),
(590, 1, 9, NULL, 1, 4),
(591, 14, 9, NULL, 1, 4),
(592, 9, 9, NULL, 1, 4),
(593, 13, 9, NULL, 1, 4),
(594, 5, 9, NULL, 1, 4),
(595, 6, 9, NULL, 1, 4),
(596, 15, 9, NULL, 1, 4),
(597, 11, 9, NULL, 1, 4),
(598, 1, 15, NULL, 1, 4),
(599, 14, 15, NULL, 1, 4),
(600, 9, 15, NULL, 1, 4),
(601, 13, 15, NULL, 1, 4),
(602, 5, 15, NULL, 1, 4),
(603, 6, 15, NULL, 1, 4),
(604, 15, 15, NULL, 1, 4),
(605, 11, 15, NULL, 1, 4),
(607, 1, 14, NULL, 1, 4),
(608, 14, 14, NULL, 1, 4),
(609, 9, 14, NULL, 1, 4),
(610, 13, 14, NULL, 1, 4),
(611, 5, 14, NULL, 1, 4),
(612, 6, 14, NULL, 1, 4),
(613, 15, 14, NULL, 1, 4),
(614, 11, 14, NULL, 1, 4),
(615, 1, 20, NULL, 1, 4),
(616, 14, 20, NULL, 1, 4),
(617, 9, 20, NULL, 1, 4),
(618, 13, 20, NULL, 1, 4),
(619, 5, 20, NULL, 1, 4),
(620, 6, 20, NULL, 1, 4),
(621, 15, 20, NULL, 1, 4),
(622, 11, 20, NULL, 1, 4),
(623, 1, 26, NULL, 1, 4),
(624, 14, 26, NULL, 1, 4),
(625, 9, 26, NULL, 1, 4),
(626, 13, 26, NULL, 1, 4),
(627, 5, 26, NULL, 1, 4),
(628, 6, 26, NULL, 1, 4),
(629, 15, 26, NULL, 1, 4),
(630, 11, 26, NULL, 1, 4),
(631, 1, 35, NULL, 1, 4),
(632, 14, 35, NULL, 1, 4),
(633, 9, 35, NULL, 1, 4),
(634, 13, 35, NULL, 1, 4),
(635, 5, 35, NULL, 1, 4),
(636, 6, 35, NULL, 1, 4),
(637, 15, 35, NULL, 1, 4),
(638, 11, 35, NULL, 1, 4),
(639, 1, 36, NULL, 1, 4),
(640, 14, 36, NULL, 1, 4),
(641, 9, 36, NULL, 1, 4),
(642, 13, 36, NULL, 1, 4),
(643, 5, 36, NULL, 1, 4),
(644, 6, 36, NULL, 1, 4),
(645, 15, 36, NULL, 1, 4),
(646, 11, 36, NULL, 1, 4),
(647, 2, 38, 4, 3, 4),
(648, 1, 38, NULL, 1, 4),
(649, 14, 38, NULL, 1, 4),
(650, 9, 38, NULL, 1, 4),
(651, 13, 38, NULL, 1, 4),
(652, 5, 38, NULL, 1, 4),
(653, 6, 38, NULL, 1, 4),
(654, 15, 38, NULL, 1, 4),
(655, 11, 38, NULL, 1, 4),
(656, 1, 39, NULL, 1, 4),
(657, 14, 39, NULL, 1, 4),
(658, 9, 39, NULL, 1, 4),
(659, 13, 39, NULL, 1, 4),
(660, 5, 39, NULL, 1, 4),
(661, 6, 39, NULL, 1, 4),
(662, 15, 39, NULL, 1, 4),
(663, 11, 39, NULL, 1, 4),
(673, 1, 41, NULL, 1, 4),
(674, 14, 41, NULL, 1, 4),
(675, 9, 41, NULL, 1, 4),
(676, 13, 41, NULL, 1, 4),
(677, 5, 41, NULL, 1, 4),
(678, 6, 41, NULL, 1, 4),
(679, 15, 41, NULL, 1, 4),
(680, 11, 41, NULL, 1, 4),
(681, 1, 42, NULL, 1, 4),
(682, 14, 42, NULL, 1, 4),
(683, 9, 42, NULL, 1, 4),
(684, 13, 42, NULL, 1, 4),
(685, 5, 42, NULL, 1, 4),
(686, 6, 42, NULL, 1, 4),
(687, 15, 42, NULL, 1, 4),
(688, 11, 42, NULL, 1, 4),
(689, 1, 46, NULL, 1, 4),
(690, 14, 46, NULL, 1, 4),
(691, 9, 46, NULL, 1, 4),
(692, 13, 46, NULL, 1, 4),
(693, 5, 46, NULL, 1, 4),
(694, 6, 46, NULL, 1, 4),
(695, 15, 46, NULL, 1, 4),
(696, 11, 46, NULL, 1, 4),
(697, 1, 48, NULL, 1, 4),
(698, 14, 48, NULL, 1, 4),
(699, 9, 48, NULL, 1, 4),
(700, 13, 48, NULL, 1, 4),
(701, 5, 48, NULL, 1, 4),
(702, 6, 48, NULL, 1, 4),
(703, 15, 48, NULL, 1, 4),
(704, 11, 48, NULL, 1, 4),
(705, 1, 50, NULL, 1, 4),
(706, 14, 50, NULL, 1, 4),
(707, 9, 50, NULL, 1, 4),
(708, 13, 50, NULL, 1, 4),
(709, 5, 50, NULL, 1, 4);
INSERT INTO `coefficient_mod_values` (`id`, `id_expense`, `id_apartment`, `value`, `id_mod_type`, `id_upkeep`) VALUES
(710, 6, 50, NULL, 1, 4),
(711, 15, 50, NULL, 1, 4),
(712, 11, 50, NULL, 1, 4),
(713, 1, 51, NULL, 1, 4),
(714, 14, 51, NULL, 1, 4),
(715, 9, 51, NULL, 1, 4),
(716, 13, 51, NULL, 1, 4),
(717, 5, 51, NULL, 1, 4),
(718, 6, 51, NULL, 1, 4),
(719, 15, 51, NULL, 1, 4),
(720, 11, 51, NULL, 1, 4),
(721, 2, 52, 5.65, 3, 4),
(722, 1, 52, NULL, 1, 4),
(723, 14, 52, NULL, 1, 4),
(724, 9, 52, NULL, 1, 4),
(725, 13, 52, NULL, 1, 4),
(726, 5, 52, NULL, 1, 4),
(727, 6, 52, NULL, 1, 4),
(728, 15, 52, NULL, 1, 4),
(729, 11, 52, NULL, 1, 4),
(730, 1, 54, NULL, 1, 4),
(731, 14, 54, NULL, 1, 4),
(732, 9, 54, NULL, 1, 4),
(733, 13, 54, NULL, 1, 4),
(734, 5, 54, NULL, 1, 4),
(735, 6, 54, NULL, 1, 4),
(736, 15, 54, NULL, 1, 4),
(737, 11, 54, NULL, 1, 4),
(738, 1, 56, NULL, 1, 4),
(739, 14, 56, NULL, 1, 4),
(740, 9, 56, NULL, 1, 4),
(741, 13, 56, NULL, 1, 4),
(742, 5, 56, NULL, 1, 4),
(743, 6, 56, NULL, 1, 4),
(744, 15, 56, NULL, 1, 4),
(745, 11, 56, NULL, 1, 4),
(748, 2, 4, NULL, 3, 5),
(749, 2, 5, NULL, 3, 5),
(750, 2, 6, NULL, 3, 5),
(751, 2, 9, NULL, 3, 5),
(752, 2, 12, NULL, 3, 5),
(753, 2, 14, NULL, 3, 5),
(754, 2, 15, NULL, 3, 5),
(755, 2, 20, NULL, 3, 5),
(756, 2, 25, NULL, 3, 5),
(757, 2, 26, NULL, 3, 5),
(758, 2, 32, NULL, 3, 5),
(759, 2, 35, NULL, 3, 5),
(760, 2, 36, NULL, 3, 5),
(761, 2, 37, NULL, 3, 5),
(762, 2, 38, NULL, 3, 5),
(763, 2, 39, NULL, 3, 5),
(764, 2, 41, NULL, 3, 5),
(765, 2, 42, NULL, 3, 5),
(767, 2, 45, NULL, 3, 5),
(768, 2, 46, NULL, 3, 5),
(769, 2, 47, NULL, 3, 5),
(770, 2, 48, NULL, 3, 5),
(771, 2, 50, NULL, 3, 5),
(772, 2, 51, NULL, 3, 5),
(773, 2, 52, NULL, 3, 5),
(774, 2, 54, NULL, 3, 5),
(775, 2, 55, NULL, 3, 5),
(776, 2, 56, NULL, 3, 5),
(779, 2, 4, NULL, 3, 6),
(780, 2, 5, NULL, 3, 6),
(781, 2, 6, NULL, 3, 6),
(782, 2, 9, NULL, 3, 6),
(783, 2, 12, NULL, 3, 6),
(784, 2, 14, NULL, 3, 6),
(785, 2, 15, NULL, 3, 6),
(786, 2, 20, NULL, 3, 6),
(787, 2, 25, NULL, 3, 6),
(788, 2, 26, NULL, 3, 6),
(789, 2, 32, NULL, 3, 6),
(790, 2, 35, NULL, 3, 6),
(791, 2, 36, NULL, 3, 6),
(792, 2, 37, NULL, 3, 6),
(793, 2, 38, NULL, 3, 6),
(794, 2, 39, NULL, 3, 6),
(795, 2, 41, NULL, 3, 6),
(796, 2, 42, NULL, 3, 6),
(798, 2, 45, NULL, 3, 6),
(799, 2, 46, NULL, 3, 6),
(800, 2, 47, NULL, 3, 6),
(801, 2, 48, NULL, 3, 6),
(802, 2, 50, NULL, 3, 6),
(803, 2, 51, NULL, 3, 6),
(804, 2, 52, NULL, 3, 6),
(805, 2, 54, NULL, 3, 6),
(806, 2, 55, NULL, 3, 6),
(807, 2, 56, NULL, 3, 6),
(810, 2, 4, NULL, 3, 7),
(811, 2, 5, NULL, 3, 7),
(812, 2, 6, NULL, 3, 7),
(813, 2, 9, NULL, 3, 7),
(814, 2, 12, NULL, 3, 7),
(815, 2, 14, NULL, 3, 7),
(816, 2, 15, NULL, 3, 7),
(817, 2, 20, NULL, 3, 7),
(818, 2, 25, NULL, 3, 7),
(819, 2, 26, NULL, 3, 7),
(820, 2, 32, NULL, 3, 7),
(821, 2, 35, NULL, 3, 7),
(822, 2, 36, NULL, 3, 7),
(823, 2, 37, NULL, 3, 7),
(824, 2, 38, NULL, 3, 7),
(825, 2, 39, NULL, 3, 7),
(826, 2, 41, NULL, 3, 7),
(827, 2, 42, NULL, 3, 7),
(829, 2, 45, NULL, 3, 7),
(830, 2, 46, NULL, 3, 7),
(831, 2, 47, NULL, 3, 7),
(832, 2, 48, NULL, 3, 7),
(833, 2, 50, NULL, 3, 7),
(834, 2, 51, NULL, 3, 7),
(835, 2, 52, NULL, 3, 7),
(836, 2, 54, NULL, 3, 7),
(837, 2, 55, NULL, 3, 7),
(838, 2, 56, NULL, 3, 7),
(841, 2, 4, NULL, 3, 9),
(842, 2, 5, NULL, 3, 9),
(843, 2, 6, NULL, 3, 9),
(844, 2, 9, NULL, 3, 9),
(845, 2, 12, NULL, 3, 9),
(846, 2, 14, NULL, 3, 9),
(847, 2, 15, NULL, 3, 9),
(848, 2, 20, NULL, 3, 9),
(849, 2, 25, NULL, 3, 9),
(850, 2, 26, NULL, 3, 9),
(851, 2, 32, NULL, 3, 9),
(852, 2, 35, NULL, 3, 9),
(853, 2, 36, NULL, 3, 9),
(854, 2, 37, NULL, 3, 9),
(855, 2, 38, NULL, 3, 9),
(856, 2, 39, NULL, 3, 9),
(857, 2, 41, NULL, 3, 9),
(858, 2, 42, NULL, 3, 9),
(860, 2, 45, NULL, 3, 9),
(861, 2, 46, NULL, 3, 9),
(862, 2, 47, NULL, 3, 9),
(863, 2, 48, NULL, 3, 9),
(864, 2, 50, NULL, 3, 9),
(865, 2, 51, NULL, 3, 9),
(866, 2, 52, NULL, 3, 9),
(867, 2, 54, NULL, 3, 9),
(868, 2, 55, NULL, 3, 9),
(869, 2, 56, NULL, 3, 9),
(872, 2, 4, NULL, 3, 10),
(873, 2, 5, NULL, 3, 10),
(874, 2, 6, NULL, 3, 10),
(875, 2, 9, NULL, 3, 10),
(876, 2, 12, NULL, 3, 10),
(877, 2, 14, NULL, 3, 10),
(878, 2, 15, NULL, 3, 10),
(879, 2, 20, NULL, 3, 10),
(880, 2, 25, NULL, 3, 10),
(881, 2, 26, NULL, 3, 10),
(882, 2, 32, NULL, 3, 10),
(883, 2, 35, NULL, 3, 10),
(884, 2, 36, NULL, 3, 10),
(885, 2, 37, NULL, 3, 10),
(886, 2, 38, NULL, 3, 10),
(887, 2, 39, NULL, 3, 10),
(888, 2, 41, NULL, 3, 10),
(889, 2, 42, NULL, 3, 10),
(891, 2, 45, NULL, 3, 10),
(892, 2, 46, NULL, 3, 10),
(893, 2, 47, NULL, 3, 10),
(894, 2, 48, NULL, 3, 10),
(895, 2, 50, NULL, 3, 10),
(896, 2, 51, NULL, 3, 10),
(897, 2, 52, NULL, 3, 10),
(898, 2, 54, NULL, 3, 10),
(899, 2, 55, NULL, 3, 10),
(900, 2, 56, NULL, 3, 10),
(903, 2, 4, NULL, 3, 11),
(904, 2, 5, NULL, 3, 11),
(905, 2, 6, NULL, 3, 11),
(906, 2, 9, NULL, 3, 11),
(907, 2, 12, NULL, 3, 11),
(908, 2, 14, NULL, 3, 11),
(909, 2, 15, NULL, 3, 11),
(910, 2, 20, NULL, 3, 11),
(911, 2, 25, NULL, 3, 11),
(912, 2, 26, NULL, 3, 11),
(913, 2, 32, NULL, 3, 11),
(914, 2, 35, NULL, 3, 11),
(915, 2, 36, NULL, 3, 11),
(916, 2, 37, NULL, 3, 11),
(917, 2, 38, NULL, 3, 11),
(918, 2, 39, NULL, 3, 11),
(919, 2, 41, NULL, 3, 11),
(920, 2, 42, NULL, 3, 11),
(922, 2, 45, NULL, 3, 11),
(923, 2, 46, NULL, 3, 11),
(924, 2, 47, NULL, 3, 11),
(925, 2, 48, NULL, 3, 11),
(926, 2, 50, NULL, 3, 11),
(927, 2, 51, NULL, 3, 11),
(928, 2, 52, NULL, 3, 11),
(929, 2, 54, NULL, 3, 11),
(930, 2, 55, NULL, 3, 11),
(931, 2, 56, NULL, 3, 11),
(934, 2, 4, NULL, 3, 12),
(935, 2, 5, NULL, 3, 12),
(936, 2, 6, NULL, 3, 12),
(937, 2, 9, NULL, 3, 12),
(938, 2, 12, NULL, 3, 12),
(939, 2, 14, NULL, 3, 12),
(940, 2, 15, NULL, 3, 12),
(941, 2, 20, NULL, 3, 12),
(942, 2, 25, NULL, 3, 12),
(943, 2, 26, NULL, 3, 12),
(944, 2, 32, NULL, 3, 12),
(945, 2, 35, NULL, 3, 12),
(946, 2, 36, NULL, 3, 12),
(947, 2, 37, NULL, 3, 12),
(948, 2, 38, NULL, 3, 12),
(949, 2, 39, NULL, 3, 12),
(950, 2, 41, NULL, 3, 12),
(951, 2, 42, NULL, 3, 12),
(953, 2, 45, NULL, 3, 12),
(954, 2, 46, NULL, 3, 12),
(955, 2, 47, NULL, 3, 12),
(956, 2, 48, NULL, 3, 12),
(957, 2, 50, NULL, 3, 12),
(958, 2, 51, NULL, 3, 12),
(959, 2, 52, NULL, 3, 12),
(960, 2, 54, NULL, 3, 12),
(961, 2, 55, NULL, 3, 12),
(962, 2, 56, NULL, 3, 12);

-- --------------------------------------------------------

--
-- Table structure for table `coefficient_values`
--
-- Creation: Mar 05, 2015 at 09:30 AM
--

DROP TABLE IF EXISTS `coefficient_values`;
CREATE TABLE IF NOT EXISTS `coefficient_values` (
  `id` int(10) unsigned NOT NULL AUTO_INCREMENT,
  `id_coefficient` int(10) unsigned NOT NULL,
  `id_apartment` int(10) unsigned NOT NULL,
  `value` float unsigned NOT NULL,
  `id_upkeep` int(10) unsigned NOT NULL,
  PRIMARY KEY (`id`),
  UNIQUE KEY `id_upkeep` (`id_upkeep`,`id_coefficient`,`id_apartment`),
  KEY `id_apartment` (`id_apartment`),
  KEY `id_coefficient` (`id_coefficient`)
) ENGINE=InnoDB  DEFAULT CHARSET=utf8 COLLATE=utf8_romanian_ci AUTO_INCREMENT=7891 ;

--
-- RELATIONS FOR TABLE `coefficient_values`:
--   `id_upkeep`
--       `upkeeps` -> `id`
--   `id_apartment`
--       `apartments` -> `id`
--   `id_coefficient`
--       `coefficients` -> `id`
--

--
-- Dumping data for table `coefficient_values`
--

INSERT INTO `coefficient_values` (`id`, `id_coefficient`, `id_apartment`, `value`, `id_upkeep`) VALUES
(5686, 2, 2, 0.78, 2),
(5687, 3, 2, 1, 2),
(5688, 4, 2, 17, 2),
(5689, 2, 3, 2.49, 2),
(5690, 3, 3, 4, 2),
(5691, 4, 3, 52, 2),
(5692, 2, 4, 1.97, 2),
(5693, 3, 4, 4, 2),
(5694, 4, 4, 41, 2),
(5695, 2, 5, 1.97, 2),
(5696, 3, 5, 2, 2),
(5697, 4, 5, 41, 2),
(5698, 2, 6, 1.97, 2),
(5699, 3, 6, 1, 2),
(5700, 4, 6, 41, 2),
(5701, 2, 7, 0.78, 2),
(5702, 3, 7, 0, 2),
(5703, 4, 7, 17, 2),
(5704, 2, 8, 2.49, 2),
(5705, 3, 8, 2, 2),
(5706, 4, 8, 52, 2),
(5707, 2, 9, 1.97, 2),
(5708, 3, 9, 3, 2),
(5709, 4, 9, 41, 2),
(5710, 2, 10, 1.97, 2),
(5711, 3, 10, 0, 2),
(5712, 4, 10, 41, 2),
(5713, 2, 11, 1.97, 2),
(5714, 3, 11, 2, 2),
(5715, 4, 11, 41, 2),
(5716, 2, 12, 0.78, 2),
(5717, 3, 12, 1, 2),
(5718, 4, 12, 17, 2),
(5719, 2, 13, 2.49, 2),
(5720, 3, 13, 3, 2),
(5721, 4, 13, 52, 2),
(5722, 2, 14, 1.97, 2),
(5723, 3, 14, 1, 2),
(5724, 4, 14, 41, 2),
(5725, 2, 15, 1.97, 2),
(5726, 3, 15, 4, 2),
(5727, 4, 15, 41, 2),
(5728, 2, 16, 1.97, 2),
(5729, 3, 16, 3, 2),
(5730, 4, 16, 41, 2),
(5731, 2, 17, 0.78, 2),
(5732, 3, 17, 2, 2),
(5733, 4, 17, 17, 2),
(5734, 2, 18, 2.49, 2),
(5735, 3, 18, 3, 2),
(5736, 4, 18, 52, 2),
(5737, 2, 19, 1.97, 2),
(5738, 3, 19, 2, 2),
(5739, 4, 19, 41, 2),
(5740, 2, 20, 1.97, 2),
(5741, 3, 20, 1, 2),
(5742, 4, 20, 41, 2),
(5743, 2, 21, 1.97, 2),
(5744, 3, 21, 1, 2),
(5745, 4, 21, 41, 2),
(5746, 2, 22, 0.78, 2),
(5747, 3, 22, 1, 2),
(5748, 4, 22, 17, 2),
(5749, 2, 23, 2.49, 2),
(5750, 3, 23, 3, 2),
(5751, 4, 23, 52, 2),
(5752, 2, 24, 1.97, 2),
(5753, 3, 24, 2, 2),
(5754, 4, 24, 41, 2),
(5755, 2, 25, 1.97, 2),
(5756, 3, 25, 2, 2),
(5757, 4, 25, 41, 2),
(5758, 2, 26, 1.97, 2),
(5759, 3, 26, 4, 2),
(5760, 4, 26, 41, 2),
(5761, 2, 27, 0.78, 2),
(5762, 3, 27, 2, 2),
(5763, 4, 27, 17, 2),
(5764, 2, 28, 2.49, 2),
(5765, 3, 28, 1, 2),
(5766, 4, 28, 30, 2),
(5767, 2, 29, 1.97, 2),
(5768, 3, 29, 1, 2),
(5769, 4, 29, 41, 2),
(5770, 2, 30, 1.97, 2),
(5771, 3, 30, 0, 2),
(5772, 4, 30, 41, 2),
(5773, 2, 31, 1.97, 2),
(5774, 3, 31, 3, 2),
(5775, 4, 31, 41, 2),
(5776, 2, 32, 0.78, 2),
(5777, 3, 32, 1, 2),
(5778, 4, 32, 17, 2),
(5779, 2, 33, 2.49, 2),
(5780, 3, 33, 2, 2),
(5781, 4, 33, 52, 2),
(5782, 2, 34, 1.97, 2),
(5783, 3, 34, 3, 2),
(5784, 4, 34, 41, 2),
(5785, 2, 35, 1.97, 2),
(5786, 3, 35, 3, 2),
(5787, 4, 35, 41, 2),
(5788, 2, 36, 1.97, 2),
(5789, 3, 36, 3, 2),
(5790, 4, 36, 41, 2),
(5791, 2, 37, 0.78, 2),
(5792, 3, 37, 1, 2),
(5793, 4, 37, 17, 2),
(5794, 2, 38, 2.49, 2),
(5795, 3, 38, 0, 2),
(5796, 4, 38, 52, 2),
(5797, 2, 39, 1.97, 2),
(5798, 3, 39, 1, 2),
(5799, 4, 39, 41, 2),
(5800, 2, 40, 1.97, 2),
(5801, 3, 40, 0, 2),
(5802, 4, 40, 41, 2),
(5803, 2, 41, 1.97, 2),
(5804, 3, 41, 2, 2),
(5805, 4, 41, 41, 2),
(5806, 2, 42, 0.78, 2),
(5807, 3, 42, 1, 2),
(5808, 4, 42, 17, 2),
(5809, 2, 43, 2.49, 2),
(5810, 3, 43, 3, 2),
(5811, 4, 43, 52, 2),
(5815, 2, 45, 1.97, 2),
(5816, 3, 45, 1, 2),
(5817, 4, 45, 41, 2),
(5818, 2, 46, 1.97, 2),
(5819, 3, 46, 2, 2),
(5820, 4, 46, 41, 2),
(5821, 2, 47, 0.78, 2),
(5822, 3, 47, 2, 2),
(5823, 4, 47, 17, 2),
(5824, 2, 48, 2.49, 2),
(5825, 3, 48, 2, 2),
(5826, 4, 48, 52, 2),
(5827, 2, 49, 1.97, 2),
(5828, 3, 49, 0, 2),
(5829, 4, 49, 41, 2),
(5830, 2, 50, 1.97, 2),
(5831, 3, 50, 3, 2),
(5832, 4, 50, 41, 2),
(5833, 2, 51, 1.97, 2),
(5834, 3, 51, 2, 2),
(5835, 4, 51, 41, 2),
(5836, 2, 52, 0.78, 2),
(5837, 3, 52, 1, 2),
(5838, 4, 52, 17, 2),
(5839, 2, 53, 2.49, 2),
(5840, 3, 53, 0, 2),
(5841, 4, 53, 52, 2),
(5842, 2, 54, 1.97, 2),
(5843, 3, 54, 2, 2),
(5844, 4, 54, 41, 2),
(5845, 2, 55, 1.97, 2),
(5846, 3, 55, 2, 2),
(5847, 4, 55, 41, 2),
(5848, 2, 56, 1.97, 2),
(5849, 3, 56, 2, 2),
(5850, 4, 56, 41, 2),
(5851, 2, 2, 0.78, 4),
(5852, 2, 3, 2.49, 4),
(5853, 2, 4, 1.97, 4),
(5854, 2, 5, 1.97, 4),
(5855, 2, 6, 1.97, 4),
(5856, 2, 7, 0.78, 4),
(5857, 2, 8, 2.49, 4),
(5858, 2, 9, 1.97, 4),
(5859, 2, 10, 1.97, 4),
(5860, 2, 11, 1.97, 4),
(5861, 2, 12, 0.78, 4),
(5862, 2, 13, 2.49, 4),
(5863, 2, 14, 1.97, 4),
(5864, 2, 15, 1.97, 4),
(5865, 2, 16, 1.97, 4),
(5866, 2, 17, 0.78, 4),
(5867, 2, 18, 2.49, 4),
(5868, 2, 19, 1.97, 4),
(5869, 2, 20, 1.97, 4),
(5870, 2, 21, 1.97, 4),
(5871, 2, 22, 0.78, 4),
(5872, 2, 23, 2.49, 4),
(5873, 2, 24, 1.97, 4),
(5874, 2, 25, 1.97, 4),
(5875, 2, 26, 1.97, 4),
(5876, 2, 27, 0.78, 4),
(5877, 2, 28, 2.49, 4),
(5878, 2, 29, 1.97, 4),
(5879, 2, 30, 1.97, 4),
(5880, 2, 31, 1.97, 4),
(5881, 2, 32, 0.78, 4),
(5882, 2, 33, 2.49, 4),
(5883, 2, 34, 1.97, 4),
(5884, 2, 35, 1.97, 4),
(5885, 2, 36, 1.97, 4),
(5886, 2, 37, 0.78, 4),
(5887, 2, 38, 2.49, 4),
(5888, 2, 39, 1.97, 4),
(5889, 2, 40, 1.97, 4),
(5890, 2, 41, 1.97, 4),
(5891, 2, 42, 0.78, 4),
(5892, 2, 43, 2.49, 4),
(5894, 2, 45, 1.97, 4),
(5895, 2, 46, 1.97, 4),
(5896, 2, 47, 0.78, 4),
(5897, 2, 48, 2.49, 4),
(5898, 2, 49, 1.97, 4),
(5899, 2, 50, 1.97, 4),
(5900, 2, 51, 1.97, 4),
(5901, 2, 52, 0.78, 4),
(5902, 2, 53, 2.49, 4),
(5903, 2, 54, 1.97, 4),
(5904, 2, 55, 1.97, 4),
(5905, 2, 56, 1.97, 4),
(5906, 3, 2, 1, 4),
(5907, 3, 3, 4, 4),
(5908, 3, 4, 4, 4),
(5909, 3, 5, 2, 4),
(5910, 3, 6, 1, 4),
(5911, 3, 7, 0, 4),
(5912, 3, 8, 2, 4),
(5913, 3, 9, 3, 4),
(5914, 3, 10, 0, 4),
(5915, 3, 11, 2, 4),
(5916, 3, 12, 1, 4),
(5917, 3, 13, 3, 4),
(5918, 3, 14, 1, 4),
(5919, 3, 15, 4, 4),
(5920, 3, 16, 3, 4),
(5921, 3, 17, 2, 4),
(5922, 3, 18, 3, 4),
(5923, 3, 19, 2, 4),
(5924, 3, 20, 1, 4),
(5925, 3, 21, 1, 4),
(5926, 3, 22, 1, 4),
(5927, 3, 23, 3, 4),
(5928, 3, 24, 2, 4),
(5929, 3, 25, 2, 4),
(5930, 3, 26, 4, 4),
(5931, 3, 27, 2, 4),
(5932, 3, 28, 1, 4),
(5933, 3, 29, 1, 4),
(5934, 3, 30, 0, 4),
(5935, 3, 31, 3, 4),
(5936, 3, 32, 1, 4),
(5937, 3, 33, 2, 4),
(5938, 3, 34, 3, 4),
(5939, 3, 35, 3, 4),
(5940, 3, 36, 3, 4),
(5941, 3, 37, 0, 4),
(5942, 3, 38, 2, 4),
(5943, 3, 39, 2, 4),
(5944, 3, 40, 1, 4),
(5945, 3, 41, 2, 4),
(5946, 3, 42, 1, 4),
(5947, 3, 43, 3, 4),
(5949, 3, 45, 1, 4),
(5950, 3, 46, 2, 4),
(5951, 3, 47, 1, 4),
(5952, 3, 48, 2, 4),
(5953, 3, 49, 0, 4),
(5954, 3, 50, 3, 4),
(5955, 3, 51, 2, 4),
(5956, 3, 52, 1, 4),
(5957, 3, 53, 1, 4),
(5958, 3, 54, 2, 4),
(5959, 3, 55, 3, 4),
(5960, 3, 56, 3, 4),
(5961, 4, 2, 17, 4),
(5962, 4, 3, 52, 4),
(5963, 4, 4, 41, 4),
(5964, 4, 5, 41, 4),
(5965, 4, 6, 41, 4),
(5966, 4, 7, 17, 4),
(5967, 4, 8, 52, 4),
(5968, 4, 9, 41, 4),
(5969, 4, 10, 41, 4),
(5970, 4, 11, 41, 4),
(5971, 4, 12, 17, 4),
(5972, 4, 13, 52, 4),
(5973, 4, 14, 41, 4),
(5974, 4, 15, 41, 4),
(5975, 4, 16, 41, 4),
(5976, 4, 17, 17, 4),
(5977, 4, 18, 52, 4),
(5978, 4, 19, 41, 4),
(5979, 4, 20, 41, 4),
(5980, 4, 21, 41, 4),
(5981, 4, 22, 17, 4),
(5982, 4, 23, 52, 4),
(5983, 4, 24, 41, 4),
(5984, 4, 25, 41, 4),
(5985, 4, 26, 41, 4),
(5986, 4, 27, 17, 4),
(5987, 4, 28, 30, 4),
(5988, 4, 29, 41, 4),
(5989, 4, 30, 41, 4),
(5990, 4, 31, 41, 4),
(5991, 4, 32, 17, 4),
(5992, 4, 33, 52, 4),
(5993, 4, 34, 41, 4),
(5994, 4, 35, 41, 4),
(5995, 4, 36, 41, 4),
(5996, 4, 37, 17, 4),
(5997, 4, 38, 52, 4),
(5998, 4, 39, 41, 4),
(5999, 4, 40, 41, 4),
(6000, 4, 41, 41, 4),
(6001, 4, 42, 17, 4),
(6002, 4, 43, 52, 4),
(6004, 4, 45, 41, 4),
(6005, 4, 46, 41, 4),
(6006, 4, 47, 17, 4),
(6007, 4, 48, 52, 4),
(6008, 4, 49, 41, 4),
(6009, 4, 50, 41, 4),
(6010, 4, 51, 41, 4),
(6011, 4, 52, 17, 4),
(6012, 4, 53, 52, 4),
(6013, 4, 54, 41, 4),
(6014, 4, 55, 41, 4),
(6015, 4, 56, 41, 4),
(6106, 2, 2, 0.78, 5),
(6107, 2, 3, 2.49, 5),
(6108, 2, 4, 1.97, 5),
(6109, 2, 5, 1.97, 5),
(6110, 2, 6, 1.97, 5),
(6111, 2, 7, 0.78, 5),
(6112, 2, 8, 2.49, 5),
(6113, 2, 9, 1.97, 5),
(6114, 2, 10, 1.97, 5),
(6115, 2, 11, 1.97, 5),
(6116, 2, 12, 0.78, 5),
(6117, 2, 13, 2.49, 5),
(6118, 2, 14, 1.97, 5),
(6119, 2, 15, 1.97, 5),
(6120, 2, 16, 1.97, 5),
(6121, 2, 17, 0.78, 5),
(6122, 2, 18, 2.49, 5),
(6123, 2, 19, 1.97, 5),
(6124, 2, 20, 1.97, 5),
(6125, 2, 21, 1.97, 5),
(6126, 2, 22, 0.78, 5),
(6127, 2, 23, 2.49, 5),
(6128, 2, 24, 1.97, 5),
(6129, 2, 25, 1.97, 5),
(6130, 2, 26, 1.97, 5),
(6131, 2, 27, 0.78, 5),
(6132, 2, 28, 2.49, 5),
(6133, 2, 29, 1.97, 5),
(6134, 2, 30, 1.97, 5),
(6135, 2, 31, 1.97, 5),
(6136, 2, 32, 0.78, 5),
(6137, 2, 33, 2.49, 5),
(6138, 2, 34, 1.97, 5),
(6139, 2, 35, 1.97, 5),
(6140, 2, 36, 1.97, 5),
(6141, 2, 37, 0.78, 5),
(6142, 2, 38, 2.49, 5),
(6143, 2, 39, 1.97, 5),
(6144, 2, 40, 1.97, 5),
(6145, 2, 41, 1.97, 5),
(6146, 2, 42, 0.78, 5),
(6147, 2, 43, 2.49, 5),
(6149, 2, 45, 1.97, 5),
(6150, 2, 46, 1.97, 5),
(6151, 2, 47, 0.78, 5),
(6152, 2, 48, 2.49, 5),
(6153, 2, 49, 1.97, 5),
(6154, 2, 50, 1.97, 5),
(6155, 2, 51, 1.97, 5),
(6156, 2, 52, 0.78, 5),
(6157, 2, 53, 2.49, 5),
(6158, 2, 54, 1.97, 5),
(6159, 2, 55, 1.97, 5),
(6160, 2, 56, 1.97, 5),
(6161, 3, 2, 1, 5),
(6162, 3, 3, 4, 5),
(6163, 3, 4, 4, 5),
(6164, 3, 5, 2, 5),
(6165, 3, 6, 1, 5),
(6166, 3, 7, 0, 5),
(6167, 3, 8, 2, 5),
(6168, 3, 9, 3, 5),
(6169, 3, 10, 0, 5),
(6170, 3, 11, 2, 5),
(6171, 3, 12, 1, 5),
(6172, 3, 13, 3, 5),
(6173, 3, 14, 1, 5),
(6174, 3, 15, 4, 5),
(6175, 3, 16, 2, 5),
(6176, 3, 17, 2, 5),
(6177, 3, 18, 3, 5),
(6178, 3, 19, 2, 5),
(6179, 3, 20, 1, 5),
(6180, 3, 21, 1, 5),
(6181, 3, 22, 1, 5),
(6182, 3, 23, 3, 5),
(6183, 3, 24, 2, 5),
(6184, 3, 25, 2, 5),
(6185, 3, 26, 4, 5),
(6186, 3, 27, 2, 5),
(6187, 3, 28, 1, 5),
(6188, 3, 29, 1, 5),
(6189, 3, 30, 0, 5),
(6190, 3, 31, 3, 5),
(6191, 3, 32, 1, 5),
(6192, 3, 33, 2, 5),
(6193, 3, 34, 3, 5),
(6194, 3, 35, 3, 5),
(6195, 3, 36, 3, 5),
(6196, 3, 37, 0, 5),
(6197, 3, 38, 2, 5),
(6198, 3, 39, 2, 5),
(6199, 3, 40, 1, 5),
(6200, 3, 41, 2, 5),
(6201, 3, 42, 1, 5),
(6202, 3, 43, 3, 5),
(6204, 3, 45, 1, 5),
(6205, 3, 46, 2, 5),
(6206, 3, 47, 1, 5),
(6207, 3, 48, 2, 5),
(6208, 3, 49, 0, 5),
(6209, 3, 50, 3, 5),
(6210, 3, 51, 2, 5),
(6211, 3, 52, 1, 5),
(6212, 3, 53, 0, 5),
(6213, 3, 54, 2, 5),
(6214, 3, 55, 3, 5),
(6215, 3, 56, 3, 5),
(6216, 4, 2, 17, 5),
(6217, 4, 3, 52, 5),
(6218, 4, 4, 41, 5),
(6219, 4, 5, 41, 5),
(6220, 4, 6, 41, 5),
(6221, 4, 7, 17, 5),
(6222, 4, 8, 52, 5),
(6223, 4, 9, 41, 5),
(6224, 4, 10, 41, 5),
(6225, 4, 11, 41, 5),
(6226, 4, 12, 17, 5),
(6227, 4, 13, 52, 5),
(6228, 4, 14, 41, 5),
(6229, 4, 15, 41, 5),
(6230, 4, 16, 41, 5),
(6231, 4, 17, 17, 5),
(6232, 4, 18, 52, 5),
(6233, 4, 19, 41, 5),
(6234, 4, 20, 41, 5),
(6235, 4, 21, 41, 5),
(6236, 4, 22, 17, 5),
(6237, 4, 23, 52, 5),
(6238, 4, 24, 41, 5),
(6239, 4, 25, 41, 5),
(6240, 4, 26, 41, 5),
(6241, 4, 27, 17, 5),
(6242, 4, 28, 30, 5),
(6243, 4, 29, 41, 5),
(6244, 4, 30, 41, 5),
(6245, 4, 31, 41, 5),
(6246, 4, 32, 17, 5),
(6247, 4, 33, 52, 5),
(6248, 4, 34, 41, 5),
(6249, 4, 35, 41, 5),
(6250, 4, 36, 41, 5),
(6251, 4, 37, 17, 5),
(6252, 4, 38, 52, 5),
(6253, 4, 39, 41, 5),
(6254, 4, 40, 41, 5),
(6255, 4, 41, 41, 5),
(6256, 4, 42, 17, 5),
(6257, 4, 43, 52, 5),
(6259, 4, 45, 41, 5),
(6260, 4, 46, 41, 5),
(6261, 4, 47, 17, 5),
(6262, 4, 48, 52, 5),
(6263, 4, 49, 41, 5),
(6264, 4, 50, 41, 5),
(6265, 4, 51, 41, 5),
(6266, 4, 52, 17, 5),
(6267, 4, 53, 52, 5),
(6268, 4, 54, 41, 5),
(6269, 4, 55, 41, 5),
(6270, 4, 56, 41, 5),
(6361, 2, 2, 0.78, 6),
(6362, 2, 3, 2.49, 6),
(6363, 2, 4, 1.97, 6),
(6364, 2, 5, 1.97, 6);
INSERT INTO `coefficient_values` (`id`, `id_coefficient`, `id_apartment`, `value`, `id_upkeep`) VALUES
(6365, 2, 6, 1.97, 6),
(6366, 2, 7, 0.78, 6),
(6367, 2, 8, 2.49, 6),
(6368, 2, 9, 1.97, 6),
(6369, 2, 10, 1.97, 6),
(6370, 2, 11, 1.97, 6),
(6371, 2, 12, 0.78, 6),
(6372, 2, 13, 2.49, 6),
(6373, 2, 14, 1.97, 6),
(6374, 2, 15, 1.97, 6),
(6375, 2, 16, 1.97, 6),
(6376, 2, 17, 0.78, 6),
(6377, 2, 18, 2.49, 6),
(6378, 2, 19, 1.97, 6),
(6379, 2, 20, 1.97, 6),
(6380, 2, 21, 1.97, 6),
(6381, 2, 22, 0.78, 6),
(6382, 2, 23, 2.49, 6),
(6383, 2, 24, 1.97, 6),
(6384, 2, 25, 1.97, 6),
(6385, 2, 26, 1.97, 6),
(6386, 2, 27, 0.78, 6),
(6387, 2, 28, 2.49, 6),
(6388, 2, 29, 1.97, 6),
(6389, 2, 30, 1.97, 6),
(6390, 2, 31, 1.97, 6),
(6391, 2, 32, 0.78, 6),
(6392, 2, 33, 2.49, 6),
(6393, 2, 34, 1.97, 6),
(6394, 2, 35, 1.97, 6),
(6395, 2, 36, 1.97, 6),
(6396, 2, 37, 0.78, 6),
(6397, 2, 38, 2.49, 6),
(6398, 2, 39, 1.97, 6),
(6399, 2, 40, 1.97, 6),
(6400, 2, 41, 1.97, 6),
(6401, 2, 42, 0.78, 6),
(6402, 2, 43, 2.49, 6),
(6404, 2, 45, 1.97, 6),
(6405, 2, 46, 1.97, 6),
(6406, 2, 47, 0.78, 6),
(6407, 2, 48, 2.49, 6),
(6408, 2, 49, 1.97, 6),
(6409, 2, 50, 1.97, 6),
(6410, 2, 51, 1.97, 6),
(6411, 2, 52, 0.78, 6),
(6412, 2, 53, 2.49, 6),
(6413, 2, 54, 1.97, 6),
(6414, 2, 55, 1.97, 6),
(6415, 2, 56, 1.97, 6),
(6416, 3, 2, 1, 6),
(6417, 3, 3, 4, 6),
(6418, 3, 4, 4, 6),
(6419, 3, 5, 2, 6),
(6420, 3, 6, 1, 6),
(6421, 3, 7, 0, 6),
(6422, 3, 8, 2, 6),
(6423, 3, 9, 3, 6),
(6424, 3, 10, 0, 6),
(6425, 3, 11, 2, 6),
(6426, 3, 12, 1, 6),
(6427, 3, 13, 3, 6),
(6428, 3, 14, 1, 6),
(6429, 3, 15, 4, 6),
(6430, 3, 16, 2, 6),
(6431, 3, 17, 2, 6),
(6432, 3, 18, 3, 6),
(6433, 3, 19, 2, 6),
(6434, 3, 20, 1, 6),
(6435, 3, 21, 1, 6),
(6436, 3, 22, 1, 6),
(6437, 3, 23, 3, 6),
(6438, 3, 24, 2, 6),
(6439, 3, 25, 2, 6),
(6440, 3, 26, 4, 6),
(6441, 3, 27, 2, 6),
(6442, 3, 28, 1, 6),
(6443, 3, 29, 1, 6),
(6444, 3, 30, 0, 6),
(6445, 3, 31, 3, 6),
(6446, 3, 32, 1, 6),
(6447, 3, 33, 2, 6),
(6448, 3, 34, 3, 6),
(6449, 3, 35, 3, 6),
(6450, 3, 36, 3, 6),
(6451, 3, 37, 0, 6),
(6452, 3, 38, 2, 6),
(6453, 3, 39, 2, 6),
(6454, 3, 40, 1, 6),
(6455, 3, 41, 2, 6),
(6456, 3, 42, 1, 6),
(6457, 3, 43, 3, 6),
(6459, 3, 45, 1, 6),
(6460, 3, 46, 2, 6),
(6461, 3, 47, 1, 6),
(6462, 3, 48, 2, 6),
(6463, 3, 49, 0, 6),
(6464, 3, 50, 3, 6),
(6465, 3, 51, 2, 6),
(6466, 3, 52, 1, 6),
(6467, 3, 53, 0, 6),
(6468, 3, 54, 2, 6),
(6469, 3, 55, 3, 6),
(6470, 3, 56, 3, 6),
(6471, 4, 2, 17, 6),
(6472, 4, 3, 52, 6),
(6473, 4, 4, 41, 6),
(6474, 4, 5, 41, 6),
(6475, 4, 6, 41, 6),
(6476, 4, 7, 17, 6),
(6477, 4, 8, 52, 6),
(6478, 4, 9, 41, 6),
(6479, 4, 10, 41, 6),
(6480, 4, 11, 41, 6),
(6481, 4, 12, 17, 6),
(6482, 4, 13, 52, 6),
(6483, 4, 14, 41, 6),
(6484, 4, 15, 41, 6),
(6485, 4, 16, 41, 6),
(6486, 4, 17, 17, 6),
(6487, 4, 18, 52, 6),
(6488, 4, 19, 41, 6),
(6489, 4, 20, 41, 6),
(6490, 4, 21, 41, 6),
(6491, 4, 22, 17, 6),
(6492, 4, 23, 52, 6),
(6493, 4, 24, 41, 6),
(6494, 4, 25, 41, 6),
(6495, 4, 26, 41, 6),
(6496, 4, 27, 17, 6),
(6497, 4, 28, 30, 6),
(6498, 4, 29, 41, 6),
(6499, 4, 30, 41, 6),
(6500, 4, 31, 41, 6),
(6501, 4, 32, 17, 6),
(6502, 4, 33, 52, 6),
(6503, 4, 34, 41, 6),
(6504, 4, 35, 41, 6),
(6505, 4, 36, 41, 6),
(6506, 4, 37, 17, 6),
(6507, 4, 38, 52, 6),
(6508, 4, 39, 41, 6),
(6509, 4, 40, 41, 6),
(6510, 4, 41, 41, 6),
(6511, 4, 42, 17, 6),
(6512, 4, 43, 52, 6),
(6514, 4, 45, 41, 6),
(6515, 4, 46, 41, 6),
(6516, 4, 47, 17, 6),
(6517, 4, 48, 52, 6),
(6518, 4, 49, 41, 6),
(6519, 4, 50, 41, 6),
(6520, 4, 51, 41, 6),
(6521, 4, 52, 17, 6),
(6522, 4, 53, 52, 6),
(6523, 4, 54, 41, 6),
(6524, 4, 55, 41, 6),
(6525, 4, 56, 41, 6),
(6616, 2, 2, 0.78, 7),
(6617, 2, 3, 2.49, 7),
(6618, 2, 4, 1.97, 7),
(6619, 2, 5, 1.97, 7),
(6620, 2, 6, 1.97, 7),
(6621, 2, 7, 0.78, 7),
(6622, 2, 8, 2.49, 7),
(6623, 2, 9, 1.97, 7),
(6624, 2, 10, 1.97, 7),
(6625, 2, 11, 1.97, 7),
(6626, 2, 12, 0.78, 7),
(6627, 2, 13, 2.49, 7),
(6628, 2, 14, 1.97, 7),
(6629, 2, 15, 1.97, 7),
(6630, 2, 16, 1.97, 7),
(6631, 2, 17, 0.78, 7),
(6632, 2, 18, 2.49, 7),
(6633, 2, 19, 1.97, 7),
(6634, 2, 20, 1.97, 7),
(6635, 2, 21, 1.97, 7),
(6636, 2, 22, 0.78, 7),
(6637, 2, 23, 2.49, 7),
(6638, 2, 24, 1.97, 7),
(6639, 2, 25, 1.97, 7),
(6640, 2, 26, 1.97, 7),
(6641, 2, 27, 0.78, 7),
(6642, 2, 28, 2.49, 7),
(6643, 2, 29, 1.97, 7),
(6644, 2, 30, 1.97, 7),
(6645, 2, 31, 1.97, 7),
(6646, 2, 32, 0.78, 7),
(6647, 2, 33, 2.49, 7),
(6648, 2, 34, 1.97, 7),
(6649, 2, 35, 1.97, 7),
(6650, 2, 36, 1.97, 7),
(6651, 2, 37, 0.78, 7),
(6652, 2, 38, 2.49, 7),
(6653, 2, 39, 1.97, 7),
(6654, 2, 40, 1.97, 7),
(6655, 2, 41, 1.97, 7),
(6656, 2, 42, 0.78, 7),
(6657, 2, 43, 2.49, 7),
(6659, 2, 45, 1.97, 7),
(6660, 2, 46, 1.97, 7),
(6661, 2, 47, 0.78, 7),
(6662, 2, 48, 2.49, 7),
(6663, 2, 49, 1.97, 7),
(6664, 2, 50, 1.97, 7),
(6665, 2, 51, 1.97, 7),
(6666, 2, 52, 0.78, 7),
(6667, 2, 53, 2.49, 7),
(6668, 2, 54, 1.97, 7),
(6669, 2, 55, 1.97, 7),
(6670, 2, 56, 1.97, 7),
(6671, 3, 2, 1, 7),
(6672, 3, 3, 4, 7),
(6673, 3, 4, 4, 7),
(6674, 3, 5, 2, 7),
(6675, 3, 6, 1, 7),
(6676, 3, 7, 0, 7),
(6677, 3, 8, 2, 7),
(6678, 3, 9, 3, 7),
(6679, 3, 10, 0, 7),
(6680, 3, 11, 2, 7),
(6681, 3, 12, 1, 7),
(6682, 3, 13, 3, 7),
(6683, 3, 14, 1, 7),
(6684, 3, 15, 4, 7),
(6685, 3, 16, 2, 7),
(6686, 3, 17, 2, 7),
(6687, 3, 18, 3, 7),
(6688, 3, 19, 2, 7),
(6689, 3, 20, 1, 7),
(6690, 3, 21, 1, 7),
(6691, 3, 22, 1, 7),
(6692, 3, 23, 3, 7),
(6693, 3, 24, 2, 7),
(6694, 3, 25, 2, 7),
(6695, 3, 26, 4, 7),
(6696, 3, 27, 2, 7),
(6697, 3, 28, 1, 7),
(6698, 3, 29, 1, 7),
(6699, 3, 30, 0, 7),
(6700, 3, 31, 3, 7),
(6701, 3, 32, 1, 7),
(6702, 3, 33, 2, 7),
(6703, 3, 34, 3, 7),
(6704, 3, 35, 3, 7),
(6705, 3, 36, 3, 7),
(6706, 3, 37, 0, 7),
(6707, 3, 38, 2, 7),
(6708, 3, 39, 2, 7),
(6709, 3, 40, 1, 7),
(6710, 3, 41, 2, 7),
(6711, 3, 42, 1, 7),
(6712, 3, 43, 3, 7),
(6714, 3, 45, 1, 7),
(6715, 3, 46, 2, 7),
(6716, 3, 47, 1, 7),
(6717, 3, 48, 2, 7),
(6718, 3, 49, 0, 7),
(6719, 3, 50, 3, 7),
(6720, 3, 51, 2, 7),
(6721, 3, 52, 1, 7),
(6722, 3, 53, 0, 7),
(6723, 3, 54, 2, 7),
(6724, 3, 55, 3, 7),
(6725, 3, 56, 3, 7),
(6726, 4, 2, 17, 7),
(6727, 4, 3, 52, 7),
(6728, 4, 4, 41, 7),
(6729, 4, 5, 41, 7),
(6730, 4, 6, 41, 7),
(6731, 4, 7, 17, 7),
(6732, 4, 8, 52, 7),
(6733, 4, 9, 41, 7),
(6734, 4, 10, 41, 7),
(6735, 4, 11, 41, 7),
(6736, 4, 12, 17, 7),
(6737, 4, 13, 52, 7),
(6738, 4, 14, 41, 7),
(6739, 4, 15, 41, 7),
(6740, 4, 16, 41, 7),
(6741, 4, 17, 17, 7),
(6742, 4, 18, 52, 7),
(6743, 4, 19, 41, 7),
(6744, 4, 20, 41, 7),
(6745, 4, 21, 41, 7),
(6746, 4, 22, 17, 7),
(6747, 4, 23, 52, 7),
(6748, 4, 24, 41, 7),
(6749, 4, 25, 41, 7),
(6750, 4, 26, 41, 7),
(6751, 4, 27, 17, 7),
(6752, 4, 28, 30, 7),
(6753, 4, 29, 41, 7),
(6754, 4, 30, 41, 7),
(6755, 4, 31, 41, 7),
(6756, 4, 32, 17, 7),
(6757, 4, 33, 52, 7),
(6758, 4, 34, 41, 7),
(6759, 4, 35, 41, 7),
(6760, 4, 36, 41, 7),
(6761, 4, 37, 17, 7),
(6762, 4, 38, 52, 7),
(6763, 4, 39, 41, 7),
(6764, 4, 40, 41, 7),
(6765, 4, 41, 41, 7),
(6766, 4, 42, 17, 7),
(6767, 4, 43, 52, 7),
(6769, 4, 45, 41, 7),
(6770, 4, 46, 41, 7),
(6771, 4, 47, 17, 7),
(6772, 4, 48, 52, 7),
(6773, 4, 49, 41, 7),
(6774, 4, 50, 41, 7),
(6775, 4, 51, 41, 7),
(6776, 4, 52, 17, 7),
(6777, 4, 53, 52, 7),
(6778, 4, 54, 41, 7),
(6779, 4, 55, 41, 7),
(6780, 4, 56, 41, 7),
(6871, 2, 2, 0.78, 9),
(6872, 2, 3, 2.49, 9),
(6873, 2, 4, 1.97, 9),
(6874, 2, 5, 1.97, 9),
(6875, 2, 6, 1.97, 9),
(6876, 2, 7, 0.78, 9),
(6877, 2, 8, 2.49, 9),
(6878, 2, 9, 1.97, 9),
(6879, 2, 10, 1.97, 9),
(6880, 2, 11, 1.97, 9),
(6881, 2, 12, 0.78, 9),
(6882, 2, 13, 2.49, 9),
(6883, 2, 14, 1.97, 9),
(6884, 2, 15, 1.97, 9),
(6885, 2, 16, 1.97, 9),
(6886, 2, 17, 0.78, 9),
(6887, 2, 18, 2.49, 9),
(6888, 2, 19, 1.97, 9),
(6889, 2, 20, 1.97, 9),
(6890, 2, 21, 1.97, 9),
(6891, 2, 22, 0.78, 9),
(6892, 2, 23, 2.49, 9),
(6893, 2, 24, 1.97, 9),
(6894, 2, 25, 1.97, 9),
(6895, 2, 26, 1.97, 9),
(6896, 2, 27, 0.78, 9),
(6897, 2, 28, 2.49, 9),
(6898, 2, 29, 1.97, 9),
(6899, 2, 30, 1.97, 9),
(6900, 2, 31, 1.97, 9),
(6901, 2, 32, 0.78, 9),
(6902, 2, 33, 2.49, 9),
(6903, 2, 34, 1.97, 9),
(6904, 2, 35, 1.97, 9),
(6905, 2, 36, 1.97, 9),
(6906, 2, 37, 0.78, 9),
(6907, 2, 38, 2.49, 9),
(6908, 2, 39, 1.97, 9),
(6909, 2, 40, 1.97, 9),
(6910, 2, 41, 1.97, 9),
(6911, 2, 42, 0.78, 9),
(6912, 2, 43, 2.49, 9),
(6914, 2, 45, 1.97, 9),
(6915, 2, 46, 1.97, 9),
(6916, 2, 47, 0.78, 9),
(6917, 2, 48, 2.49, 9),
(6918, 2, 49, 1.97, 9),
(6919, 2, 50, 1.97, 9),
(6920, 2, 51, 1.97, 9),
(6921, 2, 52, 0.78, 9),
(6922, 2, 53, 2.49, 9),
(6923, 2, 54, 1.97, 9),
(6924, 2, 55, 1.97, 9),
(6925, 2, 56, 1.97, 9),
(6926, 3, 2, 1, 9),
(6927, 3, 3, 4, 9),
(6928, 3, 4, 4, 9),
(6929, 3, 5, 2, 9),
(6930, 3, 6, 1, 9),
(6931, 3, 7, 0, 9),
(6932, 3, 8, 2, 9),
(6933, 3, 9, 3, 9),
(6934, 3, 10, 0, 9),
(6935, 3, 11, 2, 9),
(6936, 3, 12, 1, 9),
(6937, 3, 13, 3, 9),
(6938, 3, 14, 1, 9),
(6939, 3, 15, 4, 9),
(6940, 3, 16, 2, 9),
(6941, 3, 17, 2, 9),
(6942, 3, 18, 3, 9),
(6943, 3, 19, 2, 9),
(6944, 3, 20, 1, 9),
(6945, 3, 21, 1, 9),
(6946, 3, 22, 1, 9),
(6947, 3, 23, 3, 9),
(6948, 3, 24, 2, 9),
(6949, 3, 25, 2, 9),
(6950, 3, 26, 4, 9),
(6951, 3, 27, 2, 9),
(6952, 3, 28, 1, 9),
(6953, 3, 29, 1, 9),
(6954, 3, 30, 0, 9),
(6955, 3, 31, 3, 9),
(6956, 3, 32, 1, 9),
(6957, 3, 33, 2, 9),
(6958, 3, 34, 3, 9),
(6959, 3, 35, 3, 9),
(6960, 3, 36, 3, 9),
(6961, 3, 37, 0, 9),
(6962, 3, 38, 2, 9),
(6963, 3, 39, 2, 9),
(6964, 3, 40, 1, 9),
(6965, 3, 41, 2, 9),
(6966, 3, 42, 1, 9),
(6967, 3, 43, 3, 9),
(6969, 3, 45, 1, 9),
(6970, 3, 46, 2, 9),
(6971, 3, 47, 1, 9),
(6972, 3, 48, 2, 9),
(6973, 3, 49, 0, 9),
(6974, 3, 50, 3, 9),
(6975, 3, 51, 2, 9),
(6976, 3, 52, 1, 9),
(6977, 3, 53, 0, 9),
(6978, 3, 54, 2, 9),
(6979, 3, 55, 3, 9),
(6980, 3, 56, 3, 9),
(6981, 4, 2, 17, 9),
(6982, 4, 3, 52, 9),
(6983, 4, 4, 41, 9),
(6984, 4, 5, 41, 9),
(6985, 4, 6, 41, 9),
(6986, 4, 7, 17, 9),
(6987, 4, 8, 52, 9),
(6988, 4, 9, 41, 9),
(6989, 4, 10, 41, 9),
(6990, 4, 11, 41, 9),
(6991, 4, 12, 17, 9),
(6992, 4, 13, 52, 9),
(6993, 4, 14, 41, 9),
(6994, 4, 15, 41, 9),
(6995, 4, 16, 41, 9),
(6996, 4, 17, 17, 9),
(6997, 4, 18, 52, 9),
(6998, 4, 19, 41, 9),
(6999, 4, 20, 41, 9),
(7000, 4, 21, 41, 9),
(7001, 4, 22, 17, 9),
(7002, 4, 23, 52, 9),
(7003, 4, 24, 41, 9),
(7004, 4, 25, 41, 9),
(7005, 4, 26, 41, 9),
(7006, 4, 27, 17, 9),
(7007, 4, 28, 30, 9),
(7008, 4, 29, 41, 9),
(7009, 4, 30, 41, 9),
(7010, 4, 31, 41, 9),
(7011, 4, 32, 17, 9),
(7012, 4, 33, 52, 9),
(7013, 4, 34, 41, 9),
(7014, 4, 35, 41, 9),
(7015, 4, 36, 41, 9),
(7016, 4, 37, 17, 9),
(7017, 4, 38, 52, 9),
(7018, 4, 39, 41, 9),
(7019, 4, 40, 41, 9),
(7020, 4, 41, 41, 9),
(7021, 4, 42, 17, 9),
(7022, 4, 43, 52, 9),
(7024, 4, 45, 41, 9),
(7025, 4, 46, 41, 9),
(7026, 4, 47, 17, 9),
(7027, 4, 48, 52, 9),
(7028, 4, 49, 41, 9),
(7029, 4, 50, 41, 9),
(7030, 4, 51, 41, 9),
(7031, 4, 52, 17, 9),
(7032, 4, 53, 52, 9),
(7033, 4, 54, 41, 9),
(7034, 4, 55, 41, 9),
(7035, 4, 56, 41, 9),
(7126, 2, 2, 0.78, 10),
(7127, 2, 3, 2.49, 10),
(7128, 2, 4, 1.97, 10),
(7129, 2, 5, 1.97, 10),
(7130, 2, 6, 1.97, 10),
(7131, 2, 7, 0.78, 10),
(7132, 2, 8, 2.49, 10);
INSERT INTO `coefficient_values` (`id`, `id_coefficient`, `id_apartment`, `value`, `id_upkeep`) VALUES
(7133, 2, 9, 1.97, 10),
(7134, 2, 10, 1.97, 10),
(7135, 2, 11, 1.97, 10),
(7136, 2, 12, 0.78, 10),
(7137, 2, 13, 2.49, 10),
(7138, 2, 14, 1.97, 10),
(7139, 2, 15, 1.97, 10),
(7140, 2, 16, 1.97, 10),
(7141, 2, 17, 0.78, 10),
(7142, 2, 18, 2.49, 10),
(7143, 2, 19, 1.97, 10),
(7144, 2, 20, 1.97, 10),
(7145, 2, 21, 1.97, 10),
(7146, 2, 22, 0.78, 10),
(7147, 2, 23, 2.49, 10),
(7148, 2, 24, 1.97, 10),
(7149, 2, 25, 1.97, 10),
(7150, 2, 26, 1.97, 10),
(7151, 2, 27, 0.78, 10),
(7152, 2, 28, 2.49, 10),
(7153, 2, 29, 1.97, 10),
(7154, 2, 30, 1.97, 10),
(7155, 2, 31, 1.97, 10),
(7156, 2, 32, 0.78, 10),
(7157, 2, 33, 2.49, 10),
(7158, 2, 34, 1.97, 10),
(7159, 2, 35, 1.97, 10),
(7160, 2, 36, 1.97, 10),
(7161, 2, 37, 0.78, 10),
(7162, 2, 38, 2.49, 10),
(7163, 2, 39, 1.97, 10),
(7164, 2, 40, 1.97, 10),
(7165, 2, 41, 1.97, 10),
(7166, 2, 42, 0.78, 10),
(7167, 2, 43, 2.49, 10),
(7169, 2, 45, 1.97, 10),
(7170, 2, 46, 1.97, 10),
(7171, 2, 47, 0.78, 10),
(7172, 2, 48, 2.49, 10),
(7173, 2, 49, 1.97, 10),
(7174, 2, 50, 1.97, 10),
(7175, 2, 51, 1.97, 10),
(7176, 2, 52, 0.78, 10),
(7177, 2, 53, 2.49, 10),
(7178, 2, 54, 1.97, 10),
(7179, 2, 55, 1.97, 10),
(7180, 2, 56, 1.97, 10),
(7181, 3, 2, 1, 10),
(7182, 3, 3, 4, 10),
(7183, 3, 4, 4, 10),
(7184, 3, 5, 2, 10),
(7185, 3, 6, 1, 10),
(7186, 3, 7, 0, 10),
(7187, 3, 8, 2, 10),
(7188, 3, 9, 3, 10),
(7189, 3, 10, 0, 10),
(7190, 3, 11, 2, 10),
(7191, 3, 12, 1, 10),
(7192, 3, 13, 3, 10),
(7193, 3, 14, 1, 10),
(7194, 3, 15, 4, 10),
(7195, 3, 16, 2, 10),
(7196, 3, 17, 2, 10),
(7197, 3, 18, 3, 10),
(7198, 3, 19, 2, 10),
(7199, 3, 20, 1, 10),
(7200, 3, 21, 1, 10),
(7201, 3, 22, 1, 10),
(7202, 3, 23, 3, 10),
(7203, 3, 24, 2, 10),
(7204, 3, 25, 2, 10),
(7205, 3, 26, 4, 10),
(7206, 3, 27, 2, 10),
(7207, 3, 28, 1, 10),
(7208, 3, 29, 1, 10),
(7209, 3, 30, 0, 10),
(7210, 3, 31, 3, 10),
(7211, 3, 32, 1, 10),
(7212, 3, 33, 2, 10),
(7213, 3, 34, 3, 10),
(7214, 3, 35, 3, 10),
(7215, 3, 36, 3, 10),
(7216, 3, 37, 0, 10),
(7217, 3, 38, 2, 10),
(7218, 3, 39, 2, 10),
(7219, 3, 40, 1, 10),
(7220, 3, 41, 2, 10),
(7221, 3, 42, 1, 10),
(7222, 3, 43, 3, 10),
(7224, 3, 45, 1, 10),
(7225, 3, 46, 2, 10),
(7226, 3, 47, 1, 10),
(7227, 3, 48, 2, 10),
(7228, 3, 49, 0, 10),
(7229, 3, 50, 3, 10),
(7230, 3, 51, 2, 10),
(7231, 3, 52, 1, 10),
(7232, 3, 53, 0, 10),
(7233, 3, 54, 2, 10),
(7234, 3, 55, 3, 10),
(7235, 3, 56, 3, 10),
(7236, 4, 2, 17, 10),
(7237, 4, 3, 52, 10),
(7238, 4, 4, 41, 10),
(7239, 4, 5, 41, 10),
(7240, 4, 6, 41, 10),
(7241, 4, 7, 17, 10),
(7242, 4, 8, 52, 10),
(7243, 4, 9, 41, 10),
(7244, 4, 10, 41, 10),
(7245, 4, 11, 41, 10),
(7246, 4, 12, 17, 10),
(7247, 4, 13, 52, 10),
(7248, 4, 14, 41, 10),
(7249, 4, 15, 41, 10),
(7250, 4, 16, 41, 10),
(7251, 4, 17, 17, 10),
(7252, 4, 18, 52, 10),
(7253, 4, 19, 41, 10),
(7254, 4, 20, 41, 10),
(7255, 4, 21, 41, 10),
(7256, 4, 22, 17, 10),
(7257, 4, 23, 52, 10),
(7258, 4, 24, 41, 10),
(7259, 4, 25, 41, 10),
(7260, 4, 26, 41, 10),
(7261, 4, 27, 17, 10),
(7262, 4, 28, 30, 10),
(7263, 4, 29, 41, 10),
(7264, 4, 30, 41, 10),
(7265, 4, 31, 41, 10),
(7266, 4, 32, 17, 10),
(7267, 4, 33, 52, 10),
(7268, 4, 34, 41, 10),
(7269, 4, 35, 41, 10),
(7270, 4, 36, 41, 10),
(7271, 4, 37, 17, 10),
(7272, 4, 38, 52, 10),
(7273, 4, 39, 41, 10),
(7274, 4, 40, 41, 10),
(7275, 4, 41, 41, 10),
(7276, 4, 42, 17, 10),
(7277, 4, 43, 52, 10),
(7279, 4, 45, 41, 10),
(7280, 4, 46, 41, 10),
(7281, 4, 47, 17, 10),
(7282, 4, 48, 52, 10),
(7283, 4, 49, 41, 10),
(7284, 4, 50, 41, 10),
(7285, 4, 51, 41, 10),
(7286, 4, 52, 17, 10),
(7287, 4, 53, 52, 10),
(7288, 4, 54, 41, 10),
(7289, 4, 55, 41, 10),
(7290, 4, 56, 41, 10),
(7381, 2, 2, 0.78, 11),
(7382, 2, 3, 2.49, 11),
(7383, 2, 4, 1.97, 11),
(7384, 2, 5, 1.97, 11),
(7385, 2, 6, 1.97, 11),
(7386, 2, 7, 0.78, 11),
(7387, 2, 8, 2.49, 11),
(7388, 2, 9, 1.97, 11),
(7389, 2, 10, 1.97, 11),
(7390, 2, 11, 1.97, 11),
(7391, 2, 12, 0.78, 11),
(7392, 2, 13, 2.49, 11),
(7393, 2, 14, 1.97, 11),
(7394, 2, 15, 1.97, 11),
(7395, 2, 16, 1.97, 11),
(7396, 2, 17, 0.78, 11),
(7397, 2, 18, 2.49, 11),
(7398, 2, 19, 1.97, 11),
(7399, 2, 20, 1.97, 11),
(7400, 2, 21, 1.97, 11),
(7401, 2, 22, 0.78, 11),
(7402, 2, 23, 2.49, 11),
(7403, 2, 24, 1.97, 11),
(7404, 2, 25, 1.97, 11),
(7405, 2, 26, 1.97, 11),
(7406, 2, 27, 0.78, 11),
(7407, 2, 28, 2.49, 11),
(7408, 2, 29, 1.97, 11),
(7409, 2, 30, 1.97, 11),
(7410, 2, 31, 1.97, 11),
(7411, 2, 32, 0.78, 11),
(7412, 2, 33, 2.49, 11),
(7413, 2, 34, 1.97, 11),
(7414, 2, 35, 1.97, 11),
(7415, 2, 36, 1.97, 11),
(7416, 2, 37, 0.78, 11),
(7417, 2, 38, 2.49, 11),
(7418, 2, 39, 1.97, 11),
(7419, 2, 40, 1.97, 11),
(7420, 2, 41, 1.97, 11),
(7421, 2, 42, 0.78, 11),
(7422, 2, 43, 2.49, 11),
(7424, 2, 45, 1.97, 11),
(7425, 2, 46, 1.97, 11),
(7426, 2, 47, 0.78, 11),
(7427, 2, 48, 2.49, 11),
(7428, 2, 49, 1.97, 11),
(7429, 2, 50, 1.97, 11),
(7430, 2, 51, 1.97, 11),
(7431, 2, 52, 0.78, 11),
(7432, 2, 53, 2.49, 11),
(7433, 2, 54, 1.97, 11),
(7434, 2, 55, 1.97, 11),
(7435, 2, 56, 1.97, 11),
(7436, 3, 2, 1, 11),
(7437, 3, 3, 4, 11),
(7438, 3, 4, 4, 11),
(7439, 3, 5, 2, 11),
(7440, 3, 6, 1, 11),
(7441, 3, 7, 0, 11),
(7442, 3, 8, 2, 11),
(7443, 3, 9, 3, 11),
(7444, 3, 10, 0, 11),
(7445, 3, 11, 2, 11),
(7446, 3, 12, 1, 11),
(7447, 3, 13, 3, 11),
(7448, 3, 14, 1, 11),
(7449, 3, 15, 4, 11),
(7450, 3, 16, 2, 11),
(7451, 3, 17, 2, 11),
(7452, 3, 18, 3, 11),
(7453, 3, 19, 2, 11),
(7454, 3, 20, 1, 11),
(7455, 3, 21, 1, 11),
(7456, 3, 22, 1, 11),
(7457, 3, 23, 3, 11),
(7458, 3, 24, 2, 11),
(7459, 3, 25, 2, 11),
(7460, 3, 26, 4, 11),
(7461, 3, 27, 2, 11),
(7462, 3, 28, 1, 11),
(7463, 3, 29, 1, 11),
(7464, 3, 30, 0, 11),
(7465, 3, 31, 3, 11),
(7466, 3, 32, 1, 11),
(7467, 3, 33, 2, 11),
(7468, 3, 34, 3, 11),
(7469, 3, 35, 3, 11),
(7470, 3, 36, 3, 11),
(7471, 3, 37, 0, 11),
(7472, 3, 38, 2, 11),
(7473, 3, 39, 2, 11),
(7474, 3, 40, 1, 11),
(7475, 3, 41, 2, 11),
(7476, 3, 42, 1, 11),
(7477, 3, 43, 3, 11),
(7479, 3, 45, 1, 11),
(7480, 3, 46, 2, 11),
(7481, 3, 47, 1, 11),
(7482, 3, 48, 2, 11),
(7483, 3, 49, 0, 11),
(7484, 3, 50, 3, 11),
(7485, 3, 51, 2, 11),
(7486, 3, 52, 1, 11),
(7487, 3, 53, 0, 11),
(7488, 3, 54, 2, 11),
(7489, 3, 55, 3, 11),
(7490, 3, 56, 3, 11),
(7491, 4, 2, 17, 11),
(7492, 4, 3, 52, 11),
(7493, 4, 4, 41, 11),
(7494, 4, 5, 41, 11),
(7495, 4, 6, 41, 11),
(7496, 4, 7, 17, 11),
(7497, 4, 8, 52, 11),
(7498, 4, 9, 41, 11),
(7499, 4, 10, 41, 11),
(7500, 4, 11, 41, 11),
(7501, 4, 12, 17, 11),
(7502, 4, 13, 52, 11),
(7503, 4, 14, 41, 11),
(7504, 4, 15, 41, 11),
(7505, 4, 16, 41, 11),
(7506, 4, 17, 17, 11),
(7507, 4, 18, 52, 11),
(7508, 4, 19, 41, 11),
(7509, 4, 20, 41, 11),
(7510, 4, 21, 41, 11),
(7511, 4, 22, 17, 11),
(7512, 4, 23, 52, 11),
(7513, 4, 24, 41, 11),
(7514, 4, 25, 41, 11),
(7515, 4, 26, 41, 11),
(7516, 4, 27, 17, 11),
(7517, 4, 28, 30, 11),
(7518, 4, 29, 41, 11),
(7519, 4, 30, 41, 11),
(7520, 4, 31, 41, 11),
(7521, 4, 32, 17, 11),
(7522, 4, 33, 52, 11),
(7523, 4, 34, 41, 11),
(7524, 4, 35, 41, 11),
(7525, 4, 36, 41, 11),
(7526, 4, 37, 17, 11),
(7527, 4, 38, 52, 11),
(7528, 4, 39, 41, 11),
(7529, 4, 40, 41, 11),
(7530, 4, 41, 41, 11),
(7531, 4, 42, 17, 11),
(7532, 4, 43, 52, 11),
(7534, 4, 45, 41, 11),
(7535, 4, 46, 41, 11),
(7536, 4, 47, 17, 11),
(7537, 4, 48, 52, 11),
(7538, 4, 49, 41, 11),
(7539, 4, 50, 41, 11),
(7540, 4, 51, 41, 11),
(7541, 4, 52, 17, 11),
(7542, 4, 53, 52, 11),
(7543, 4, 54, 41, 11),
(7544, 4, 55, 41, 11),
(7545, 4, 56, 41, 11),
(7636, 2, 2, 0.78, 12),
(7637, 2, 3, 2.49, 12),
(7638, 2, 4, 1.97, 12),
(7639, 2, 5, 1.97, 12),
(7640, 2, 6, 1.97, 12),
(7641, 2, 7, 0.78, 12),
(7642, 2, 8, 2.49, 12),
(7643, 2, 9, 1.97, 12),
(7644, 2, 10, 1.97, 12),
(7645, 2, 11, 1.97, 12),
(7646, 2, 12, 0.78, 12),
(7647, 2, 13, 2.49, 12),
(7648, 2, 14, 1.97, 12),
(7649, 2, 15, 1.97, 12),
(7650, 2, 16, 1.97, 12),
(7651, 2, 17, 0.78, 12),
(7652, 2, 18, 2.49, 12),
(7653, 2, 19, 1.97, 12),
(7654, 2, 20, 1.97, 12),
(7655, 2, 21, 1.97, 12),
(7656, 2, 22, 0.78, 12),
(7657, 2, 23, 2.49, 12),
(7658, 2, 24, 1.97, 12),
(7659, 2, 25, 1.97, 12),
(7660, 2, 26, 1.97, 12),
(7661, 2, 27, 0.78, 12),
(7662, 2, 28, 2.49, 12),
(7663, 2, 29, 1.97, 12),
(7664, 2, 30, 1.97, 12),
(7665, 2, 31, 1.97, 12),
(7666, 2, 32, 0.78, 12),
(7667, 2, 33, 2.49, 12),
(7668, 2, 34, 1.97, 12),
(7669, 2, 35, 1.97, 12),
(7670, 2, 36, 1.97, 12),
(7671, 2, 37, 0.78, 12),
(7672, 2, 38, 2.49, 12),
(7673, 2, 39, 1.97, 12),
(7674, 2, 40, 1.97, 12),
(7675, 2, 41, 1.97, 12),
(7676, 2, 42, 0.78, 12),
(7677, 2, 43, 2.49, 12),
(7679, 2, 45, 1.97, 12),
(7680, 2, 46, 1.97, 12),
(7681, 2, 47, 0.78, 12),
(7682, 2, 48, 2.49, 12),
(7683, 2, 49, 1.97, 12),
(7684, 2, 50, 1.97, 12),
(7685, 2, 51, 1.97, 12),
(7686, 2, 52, 0.78, 12),
(7687, 2, 53, 2.49, 12),
(7688, 2, 54, 1.97, 12),
(7689, 2, 55, 1.97, 12),
(7690, 2, 56, 1.97, 12),
(7691, 3, 2, 1, 12),
(7692, 3, 3, 4, 12),
(7693, 3, 4, 4, 12),
(7694, 3, 5, 2, 12),
(7695, 3, 6, 1, 12),
(7696, 3, 7, 0, 12),
(7697, 3, 8, 2, 12),
(7698, 3, 9, 3, 12),
(7699, 3, 10, 0, 12),
(7700, 3, 11, 2, 12),
(7701, 3, 12, 1, 12),
(7702, 3, 13, 3, 12),
(7703, 3, 14, 1, 12),
(7704, 3, 15, 4, 12),
(7705, 3, 16, 2, 12),
(7706, 3, 17, 2, 12),
(7707, 3, 18, 3, 12),
(7708, 3, 19, 2, 12),
(7709, 3, 20, 1, 12),
(7710, 3, 21, 1, 12),
(7711, 3, 22, 1, 12),
(7712, 3, 23, 3, 12),
(7713, 3, 24, 2, 12),
(7714, 3, 25, 2, 12),
(7715, 3, 26, 4, 12),
(7716, 3, 27, 2, 12),
(7717, 3, 28, 1, 12),
(7718, 3, 29, 1, 12),
(7719, 3, 30, 0, 12),
(7720, 3, 31, 3, 12),
(7721, 3, 32, 1, 12),
(7722, 3, 33, 2, 12),
(7723, 3, 34, 3, 12),
(7724, 3, 35, 3, 12),
(7725, 3, 36, 3, 12),
(7726, 3, 37, 0, 12),
(7727, 3, 38, 2, 12),
(7728, 3, 39, 2, 12),
(7729, 3, 40, 1, 12),
(7730, 3, 41, 2, 12),
(7731, 3, 42, 1, 12),
(7732, 3, 43, 3, 12),
(7734, 3, 45, 1, 12),
(7735, 3, 46, 2, 12),
(7736, 3, 47, 1, 12),
(7737, 3, 48, 2, 12),
(7738, 3, 49, 0, 12),
(7739, 3, 50, 3, 12),
(7740, 3, 51, 2, 12),
(7741, 3, 52, 1, 12),
(7742, 3, 53, 0, 12),
(7743, 3, 54, 2, 12),
(7744, 3, 55, 3, 12),
(7745, 3, 56, 3, 12),
(7746, 4, 2, 17, 12),
(7747, 4, 3, 52, 12),
(7748, 4, 4, 41, 12),
(7749, 4, 5, 41, 12),
(7750, 4, 6, 41, 12),
(7751, 4, 7, 17, 12),
(7752, 4, 8, 52, 12),
(7753, 4, 9, 41, 12),
(7754, 4, 10, 41, 12),
(7755, 4, 11, 41, 12),
(7756, 4, 12, 17, 12),
(7757, 4, 13, 52, 12),
(7758, 4, 14, 41, 12),
(7759, 4, 15, 41, 12),
(7760, 4, 16, 41, 12),
(7761, 4, 17, 17, 12),
(7762, 4, 18, 52, 12),
(7763, 4, 19, 41, 12),
(7764, 4, 20, 41, 12),
(7765, 4, 21, 41, 12),
(7766, 4, 22, 17, 12),
(7767, 4, 23, 52, 12),
(7768, 4, 24, 41, 12),
(7769, 4, 25, 41, 12),
(7770, 4, 26, 41, 12),
(7771, 4, 27, 17, 12),
(7772, 4, 28, 30, 12),
(7773, 4, 29, 41, 12),
(7774, 4, 30, 41, 12),
(7775, 4, 31, 41, 12),
(7776, 4, 32, 17, 12),
(7777, 4, 33, 52, 12),
(7778, 4, 34, 41, 12),
(7779, 4, 35, 41, 12),
(7780, 4, 36, 41, 12),
(7781, 4, 37, 17, 12),
(7782, 4, 38, 52, 12),
(7783, 4, 39, 41, 12),
(7784, 4, 40, 41, 12),
(7785, 4, 41, 41, 12),
(7786, 4, 42, 17, 12),
(7787, 4, 43, 52, 12);
INSERT INTO `coefficient_values` (`id`, `id_coefficient`, `id_apartment`, `value`, `id_upkeep`) VALUES
(7789, 4, 45, 41, 12),
(7790, 4, 46, 41, 12),
(7791, 4, 47, 17, 12),
(7792, 4, 48, 52, 12),
(7793, 4, 49, 41, 12),
(7794, 4, 50, 41, 12),
(7795, 4, 51, 41, 12),
(7796, 4, 52, 17, 12),
(7797, 4, 53, 52, 12),
(7798, 4, 54, 41, 12),
(7799, 4, 55, 41, 12),
(7800, 4, 56, 41, 12);

-- --------------------------------------------------------

--
-- Table structure for table `expenses`
--
-- Creation: Mar 11, 2015 at 01:17 PM
--

DROP TABLE IF EXISTS `expenses`;
CREATE TABLE IF NOT EXISTS `expenses` (
  `id` int(10) unsigned NOT NULL AUTO_INCREMENT,
  `name` varchar(128) COLLATE utf8_romanian_ci NOT NULL,
  `id_stair` int(10) unsigned NOT NULL,
  `id_coefficient` int(10) unsigned NOT NULL,
  `supplier` varchar(128) COLLATE utf8_romanian_ci NOT NULL,
  `unit` varchar(4) COLLATE utf8_romanian_ci DEFAULT NULL,
  `title` varchar(23) COLLATE utf8_romanian_ci DEFAULT NULL,
  PRIMARY KEY (`id`),
  UNIQUE KEY `id_stair_2` (`id_stair`,`name`),
  KEY `id_stair` (`id_stair`),
  KEY `id_coefficient` (`id_coefficient`)
) ENGINE=InnoDB  DEFAULT CHARSET=utf8 COLLATE=utf8_romanian_ci AUTO_INCREMENT=16 ;

--
-- RELATIONS FOR TABLE `expenses`:
--   `id_stair`
--       `stairs` -> `id`
--   `id_coefficient`
--       `coefficients` -> `id`
--

--
-- Dumping data for table `expenses`
--

INSERT INTO `expenses` (`id`, `name`, `id_stair`, `id_coefficient`, `supplier`, `unit`, `title`) VALUES
(1, 'Apa rece', 1, 3, 'Apa Nova', 'm.c.', 'Apa rece'),
(2, 'Apa calda', 1, 3, 'Apa Nova', 'm.c.', 'Apa calda'),
(5, 'Energie Electrica', 1, 3, 'Enel', '', 'Chelt / Pers'),
(6, 'Gaze', 1, 3, 'Distrigaz', '', 'Chelt / Pers'),
(9, 'Caldura', 1, 4, '', '', 'Caldura'),
(11, 'Salarii si impozite', 1, 2, '', '', 'Ch Cota Prop'),
(13, 'Cheltuieli administrative', 1, 2, '', '', 'Ch Cota Prop'),
(14, 'Ascensor', 1, 2, '', '', 'Ch Cota Prop'),
(15, 'Interfon', 1, 2, '', '', 'Ch Cota Prop');

-- --------------------------------------------------------

--
-- Table structure for table `expense_values`
--
-- Creation: Feb 24, 2015 at 03:04 PM
--

DROP TABLE IF EXISTS `expense_values`;
CREATE TABLE IF NOT EXISTS `expense_values` (
  `id_expense` int(10) unsigned NOT NULL,
  `value` float DEFAULT NULL,
  `id_upkeep` int(10) unsigned NOT NULL,
  `quantity` float unsigned DEFAULT NULL,
  PRIMARY KEY (`id_expense`,`id_upkeep`),
  KEY `id_expense` (`id_expense`),
  KEY `id_upkeep` (`id_upkeep`)
) ENGINE=InnoDB DEFAULT CHARSET=utf8 COLLATE=utf8_romanian_ci;

--
-- RELATIONS FOR TABLE `expense_values`:
--   `id_expense`
--       `expenses` -> `id`
--   `id_upkeep`
--       `upkeeps` -> `id`
--

--
-- Dumping data for table `expense_values`
--

INSERT INTO `expense_values` (`id_expense`, `value`, `id_upkeep`, `quantity`) VALUES
(1, 1692.89, 2, 238.6),
(1, 1803.98, 4, 252.17),
(1, 2064.14, 5, 289.75),
(2, 3725.34, 2, 258.35),
(2, 3468.15, 4, 240.51),
(2, 4342.02, 5, 310.9),
(5, 324.17, 2, NULL),
(5, 255.53, 4, NULL),
(5, 91.41, 5, NULL),
(6, 742.09, 2, NULL),
(6, 742.86, 4, NULL),
(6, NULL, 5, NULL),
(9, 8833.02, 2, NULL),
(9, 8691.3, 4, NULL),
(9, 7836.63, 5, NULL),
(9, NULL, 9, NULL),
(11, 1751, 2, NULL),
(11, 1751, 4, NULL),
(11, 1751, 5, NULL),
(13, 395.1, 2, NULL),
(13, 339.79, 4, NULL),
(13, 436.31, 5, NULL),
(14, 297.6, 2, NULL),
(14, 297.6, 4, NULL),
(14, 297.6, 5, NULL),
(15, 100, 2, NULL),
(15, 100, 4, NULL),
(15, 100, 5, NULL);

-- --------------------------------------------------------

--
-- Table structure for table `indexes`
--
-- Creation: Mar 31, 2015 at 02:41 PM
--

DROP TABLE IF EXISTS `indexes`;
CREATE TABLE IF NOT EXISTS `indexes` (
  `id` int(10) unsigned NOT NULL AUTO_INCREMENT,
  `index1` float DEFAULT NULL,
  `index2` float DEFAULT NULL,
  `index3` float DEFAULT NULL,
  `id_upkeep` int(10) unsigned NOT NULL,
  `id_apartment` int(10) unsigned NOT NULL,
  `id_expense` int(10) unsigned NOT NULL,
  PRIMARY KEY (`id`),
  UNIQUE KEY `id_upkeep_2` (`id_upkeep`,`id_apartment`,`id_expense`),
  KEY `id_upkeep` (`id_upkeep`),
  KEY `id_apartment` (`id_apartment`),
  KEY `id_expense` (`id_expense`)
) ENGINE=InnoDB  DEFAULT CHARSET=utf8 COLLATE=utf8_romanian_ci AUTO_INCREMENT=51 ;

--
-- RELATIONS FOR TABLE `indexes`:
--   `id_upkeep`
--       `upkeeps` -> `id`
--   `id_apartment`
--       `apartments` -> `id`
--   `id_expense`
--       `expenses` -> `id`
--

--
-- Dumping data for table `indexes`
--

INSERT INTO `indexes` (`id`, `index1`, `index2`, `index3`, `id_upkeep`, `id_apartment`, `id_expense`) VALUES
(1, 0, 0, 0, 2, 4, 2),
(2, 0, 0, 0, 2, 5, 2),
(3, 0, 0, 0, 2, 6, 2),
(4, 387, 1207, 0, 2, 9, 2),
(5, 117, 0, 0, 2, 12, 2),
(6, 193.8, 161, 0, 2, 14, 2),
(7, 0, 0, 0, 2, 15, 2),
(8, 306.18, 616, 0, 2, 20, 2),
(9, 0, 0, 0, 2, 25, 2),
(10, 306.84, 344, 0, 2, 26, 2),
(11, 597.973, 0, 0, 2, 32, 2),
(12, 285.72, 183, 0, 2, 35, 2),
(13, 0, 0, 0, 2, 36, 2),
(14, 0, 0, 0, 2, 37, 2),
(15, 566, 997, 0, 2, 39, 2),
(16, 328.88, 274, 0, 2, 41, 2),
(17, 0, 0, 0, 2, 42, 2),
(19, 0, 0, 0, 2, 45, 2),
(20, 181, 243, 0, 2, 46, 2),
(21, 478.261, 0, 0, 2, 47, 2),
(22, 348.1, 371, 0, 2, 48, 2),
(23, 294.78, 316, 0, 2, 50, 2),
(24, 240, 352, 0, 2, 51, 2),
(25, 9.84, 70, 0, 2, 54, 2),
(26, 0, 0, 0, 2, 55, 2),
(27, 308.6, 518, 0, 2, 56, 2),
(28, 334.5, 0, 307.9, 4, 4, 2),
(29, 390, 1208, 0, 4, 9, 2),
(30, 117, 0, 0, 4, 12, 2),
(31, 161.5, 0, 195, 4, 15, 2),
(32, 195, 161.5, 0, 4, 14, 2),
(33, 306.18, 616, 0, 4, 20, 2),
(34, 307.72, 347.15, 0, 4, 26, 2),
(35, 597.973, 0, 0, 4, 32, 2),
(36, 287.43, 186.23, 0, 4, 35, 2),
(37, 287.43, 0, 186.23, 4, 36, 2),
(38, 400, 6, 280, 4, 38, 2),
(39, 566, 997, 0, 4, 39, 2),
(41, 331.84, 275.63, 0, 4, 41, 2),
(42, 569, 0, 0, 4, 42, 2),
(43, 183, 244, 0, 4, 46, 2),
(44, 478.261, 0, 0, 4, 47, 2),
(45, 348.9, 372.2, 0, 4, 48, 2),
(46, 294.78, 316.08, 0, 4, 50, 2),
(47, 242, 355, 0, 4, 51, 2),
(48, 522.4, 0, 310.2, 4, 52, 2),
(49, 9.84, 70.22, 0, 4, 54, 2),
(50, 310.2, 522.4, 0, 4, 56, 2);

-- --------------------------------------------------------

--
-- Table structure for table `invoice_series`
--
-- Creation: Feb 21, 2015 at 03:14 PM
--

DROP TABLE IF EXISTS `invoice_series`;
CREATE TABLE IF NOT EXISTS `invoice_series` (
  `id` int(10) unsigned NOT NULL AUTO_INCREMENT,
  `name` varchar(12) COLLATE utf8_romanian_ci NOT NULL,
  `id_stair` int(10) unsigned NOT NULL,
  PRIMARY KEY (`id`),
  UNIQUE KEY `name` (`name`),
  KEY `id_stair` (`id_stair`)
) ENGINE=InnoDB  DEFAULT CHARSET=utf8 COLLATE=utf8_romanian_ci AUTO_INCREMENT=7 ;

--
-- RELATIONS FOR TABLE `invoice_series`:
--   `id_stair`
--       `stairs` -> `id`
--

--
-- Dumping data for table `invoice_series`
--

INSERT INTO `invoice_series` (`id`, `name`, `id_stair`) VALUES
(3, 'A1', 1),
(6, 'A2', 1);

-- --------------------------------------------------------

--
-- Table structure for table `messages`
--
-- Creation: Feb 21, 2015 at 03:14 PM
--

DROP TABLE IF EXISTS `messages`;
CREATE TABLE IF NOT EXISTS `messages` (
  `id` int(10) unsigned NOT NULL AUTO_INCREMENT,
  `message` varchar(1024) COLLATE utf8_romanian_ci NOT NULL,
  `created_date` date NOT NULL,
  `id_user` int(10) unsigned NOT NULL,
  `id_upkeep` int(10) unsigned NOT NULL,
  `expire_date` date NOT NULL,
  PRIMARY KEY (`id`),
  KEY `id_user` (`id_user`),
  KEY `id_upkeep` (`id_upkeep`)
) ENGINE=InnoDB DEFAULT CHARSET=utf8 COLLATE=utf8_romanian_ci AUTO_INCREMENT=1 ;

--
-- RELATIONS FOR TABLE `messages`:
--   `id_user`
--       `users` -> `id`
--   `id_upkeep`
--       `upkeeps` -> `id`
--

-- --------------------------------------------------------

--
-- Table structure for table `mod_types`
--
-- Creation: Feb 21, 2015 at 03:14 PM
--

DROP TABLE IF EXISTS `mod_types`;
CREATE TABLE IF NOT EXISTS `mod_types` (
  `id` int(10) unsigned NOT NULL AUTO_INCREMENT,
  `name` varchar(64) CHARACTER SET latin1 NOT NULL,
  PRIMARY KEY (`id`)
) ENGINE=InnoDB  DEFAULT CHARSET=utf8 COLLATE=utf8_romanian_ci AUTO_INCREMENT=5 ;

--
-- Dumping data for table `mod_types`
--

INSERT INTO `mod_types` (`id`, `name`) VALUES
(1, 'Pausal'),
(2, 'Debransat'),
(3, 'Contor'),
(4, 'Calcul extern');

-- --------------------------------------------------------

--
-- Table structure for table `payment_values`
--
-- Creation: Feb 21, 2015 at 03:14 PM
--

DROP TABLE IF EXISTS `payment_values`;
CREATE TABLE IF NOT EXISTS `payment_values` (
  `id` int(10) unsigned NOT NULL AUTO_INCREMENT,
  `id_apartment` int(10) unsigned NOT NULL,
  `id_upkeep` int(10) unsigned NOT NULL,
  `value` float NOT NULL,
  `id_invoice_series` int(10) unsigned NOT NULL,
  `number` int(10) unsigned NOT NULL,
  `date` date NOT NULL,
  PRIMARY KEY (`id`),
  UNIQUE KEY `id_invoice_series_2` (`id_invoice_series`,`number`),
  KEY `id_apartment` (`id_apartment`),
  KEY `id_upkeep` (`id_upkeep`),
  KEY `id_invoice_series` (`id_invoice_series`)
) ENGINE=InnoDB  DEFAULT CHARSET=utf8 COLLATE=utf8_romanian_ci AUTO_INCREMENT=1412 ;

--
-- RELATIONS FOR TABLE `payment_values`:
--   `id_upkeep`
--       `upkeeps` -> `id`
--   `id_apartment`
--       `apartments` -> `id`
--   `id_invoice_series`
--       `invoice_series` -> `id`
--

--
-- Dumping data for table `payment_values`
--

INSERT INTO `payment_values` (`id`, `id_apartment`, `id_upkeep`, `value`, `id_invoice_series`, `number`, `date`) VALUES
(1286, 2, 2, 160.14, 3, 1, '2015-03-27'),
(1287, 3, 2, 557.09, 3, 2, '2015-03-27'),
(1288, 4, 2, 394.42, 3, 3, '2015-03-27'),
(1289, 5, 2, 309.81, 3, 5, '2015-03-27'),
(1290, 6, 2, 303.85, 3, 6, '2015-03-27'),
(1291, 8, 2, 419.79, 3, 7, '2015-03-27'),
(1292, 10, 2, 222.91, 3, 8, '2015-03-27'),
(1293, 11, 2, 360.2, 3, 9, '2015-03-27'),
(1294, 12, 2, 220.03, 3, 10, '2015-03-27'),
(1295, 13, 2, 488.44, 3, 11, '2015-03-27'),
(1296, 14, 2, 298.09, 3, 12, '2015-03-27'),
(1297, 16, 2, 428.85, 3, 13, '2015-03-27'),
(1298, 17, 2, 228.79, 3, 14, '2015-03-27'),
(1299, 18, 2, 488.44, 3, 15, '2015-03-27'),
(1300, 19, 2, 360.2, 3, 16, '2015-03-27'),
(1301, 21, 2, 291.55, 3, 17, '2015-03-27'),
(1302, 22, 2, 160.14, 3, 18, '2015-03-27'),
(1303, 23, 2, 488.44, 3, 19, '2015-03-27'),
(1304, 24, 2, 360.2, 3, 20, '2015-03-27'),
(1305, 25, 2, 356.97, 3, 21, '2015-03-27'),
(1306, 26, 2, 430.32, 3, 22, '2015-03-27'),
(1307, 9, 2, 90, 3, 23, '2015-03-27'),
(1308, 20, 2, 90, 3, 24, '2015-03-27'),
(1309, 33, 2, 120, 3, 25, '2015-03-27'),
(1310, 37, 2, 30, 3, 26, '2015-03-27'),
(1311, 50, 2, 90, 3, 27, '2015-03-27'),
(1312, 27, 2, 482.79, 3, 28, '2015-03-27'),
(1313, 28, 2, 258.16, 3, 29, '2015-03-27'),
(1314, 30, 2, 222.91, 3, 30, '2015-03-27'),
(1315, 31, 2, 812.85, 3, 31, '2015-03-27'),
(1316, 32, 2, 163.94, 3, 32, '2015-03-27'),
(1317, 34, 2, 428.85, 3, 33, '2015-03-27'),
(1318, 35, 2, 370.29, 3, 34, '2015-03-27'),
(1319, 38, 2, 282.5, 3, 35, '2015-03-27'),
(1320, 40, 2, 222.91, 3, 36, '2015-03-27'),
(1321, 41, 2, 346.15, 3, 37, '2015-03-27'),
(1322, 42, 2, 150.81, 3, 38, '2015-03-27'),
(1323, 43, 2, 488.44, 3, 39, '2015-03-27'),
(1325, 46, 2, 350.19, 3, 41, '2015-03-27'),
(1326, 47, 2, 439.76, 3, 42, '2015-03-27'),
(1327, 48, 2, 354.98, 3, 43, '2015-03-27'),
(1328, 49, 2, 222.91, 3, 44, '2015-03-27'),
(1329, 51, 2, 350.19, 3, 45, '2015-03-27'),
(1330, 54, 2, 351.63, 3, 46, '2015-03-27'),
(1331, 55, 2, 708.23, 3, 47, '2015-03-27'),
(1332, 56, 2, 349.04, 3, 48, '2015-03-27'),
(1352, 9, 2, 358.45, 3, 49, '2015-04-02'),
(1353, 15, 2, 425.42, 3, 50, '2015-04-02'),
(1354, 20, 2, 192.22, 3, 51, '2015-04-02'),
(1355, 53, 2, 282.5, 3, 52, '2015-04-02'),
(1356, 52, 2, 160.14, 3, 53, '2015-04-02'),
(1357, 50, 2, 353.69, 3, 54, '2015-04-02'),
(1358, 45, 2, 378.11, 3, 55, '2015-04-02'),
(1359, 39, 2, 313.95, 3, 56, '2015-04-02'),
(1360, 36, 2, 373.17, 3, 57, '2015-04-02'),
(1361, 33, 2, 641.79, 3, 58, '2015-04-02'),
(1362, 29, 2, 291.55, 3, 59, '2015-04-02'),
(1363, 2, 4, 157.61, 3, 60, '2015-05-04'),
(1364, 4, 4, 384.62, 3, 61, '2015-05-04'),
(1365, 5, 4, 354.48, 3, 62, '2015-05-04'),
(1366, 6, 4, 286.75, 3, 63, '2015-05-04'),
(1367, 8, 4, 413.04, 3, 64, '2015-05-04'),
(1368, 9, 4, 357.93, 3, 65, '2015-05-04'),
(1369, 10, 4, 219.05, 3, 66, '2015-05-04'),
(1370, 11, 4, 354.48, 3, 67, '2015-05-04'),
(1371, 12, 4, 157.61, 3, 68, '2015-05-04'),
(1372, 13, 4, 480.74, 3, 69, '2015-05-04'),
(1373, 14, 4, 270.73, 3, 70, '2015-05-04'),
(1374, 15, 4, 489.9, 3, 71, '2015-05-04'),
(1375, 16, 4, 422.18, 3, 72, '2015-05-04'),
(1376, 26, 4, 385.06, 3, 73, '2015-05-04'),
(1377, 25, 4, 354.48, 3, 74, '2015-05-04'),
(1378, 24, 4, 354.48, 3, 75, '2015-05-04'),
(1379, 23, 4, 480.74, 3, 76, '2015-05-04'),
(1380, 22, 4, 157.61, 3, 77, '2015-05-04'),
(1381, 21, 4, 286.75, 3, 78, '2015-05-04'),
(1382, 20, 4, 249.41, 3, 79, '2015-05-04'),
(1383, 19, 4, 354.48, 3, 80, '2015-05-04'),
(1384, 18, 4, 480.74, 3, 81, '2015-05-04'),
(1385, 17, 4, 225.34, 3, 82, '2015-05-04'),
(1386, 28, 4, 253.83, 3, 83, '2015-05-04'),
(1387, 29, 4, 286.75, 3, 84, '2015-05-04'),
(1388, 30, 4, 219.05, 3, 85, '2015-05-04'),
(1389, 32, 4, 157.61, 3, 86, '2015-05-04'),
(1390, 37, 4, 423.44, 3, 87, '2015-05-04'),
(1391, 36, 4, 379.69, 3, 88, '2015-05-04'),
(1392, 35, 4, 371.75, 3, 89, '2015-05-04'),
(1393, 34, 4, 422.18, 3, 90, '2015-05-04'),
(1394, 33, 4, 413.04, 3, 91, '2015-05-04'),
(1395, 38, 4, 390.11, 3, 92, '2015-05-04'),
(1396, 40, 4, 286.75, 3, 93, '2015-05-04'),
(1397, 41, 4, 339.92, 3, 94, '2015-05-04'),
(1398, 43, 4, 480.74, 3, 95, '2015-05-04'),
(1400, 56, 4, 387.33, 3, 97, '2015-05-04'),
(1402, 55, 4, 422.18, 3, 98, '2015-05-04'),
(1403, 54, 4, 275.66, 3, 99, '2015-05-04'),
(1404, 46, 4, 316.54, 3, 100, '2015-05-04'),
(1405, 52, 4, 198.7, 3, 101, '2015-05-04'),
(1406, 50, 4, 300.29, 3, 102, '2015-05-04'),
(1407, 49, 4, 219.05, 3, 103, '2015-05-04'),
(1408, 48, 4, 360.55, 3, 104, '2015-05-04'),
(1409, 47, 4, 157.61, 3, 105, '2015-05-04'),
(1410, 45, 4, 286.75, 3, 106, '2015-05-04');

-- --------------------------------------------------------

--
-- Table structure for table `persons`
--
-- Creation: Feb 21, 2015 at 03:14 PM
--

DROP TABLE IF EXISTS `persons`;
CREATE TABLE IF NOT EXISTS `persons` (
  `id` int(10) unsigned NOT NULL AUTO_INCREMENT,
  `name` varchar(128) COLLATE utf8_romanian_ci NOT NULL,
  `telephone` varchar(14) COLLATE utf8_romanian_ci DEFAULT NULL,
  `email` varchar(128) COLLATE utf8_romanian_ci DEFAULT NULL,
  `id_stair` int(10) unsigned NOT NULL,
  `id_person_role` int(10) unsigned NOT NULL DEFAULT '1',
  `id_apartment` int(10) unsigned DEFAULT NULL,
  `id_person_job` int(10) unsigned NOT NULL DEFAULT '1',
  `notify` tinyint(4) DEFAULT NULL,
  PRIMARY KEY (`id`),
  KEY `id_person_role` (`id_person_role`),
  KEY `id_apartment` (`id_apartment`),
  KEY `id_stair` (`id_stair`),
  KEY `id_person_job` (`id_person_job`)
) ENGINE=InnoDB  DEFAULT CHARSET=utf8 COLLATE=utf8_romanian_ci AUTO_INCREMENT=41 ;

--
-- RELATIONS FOR TABLE `persons`:
--   `id_person_role`
--       `person_roles` -> `id`
--   `id_apartment`
--       `apartments` -> `id`
--   `id_stair`
--       `stairs` -> `id`
--   `id_person_job`
--       `person_jobs` -> `id`
--

--
-- Dumping data for table `persons`
--

INSERT INTO `persons` (`id`, `name`, `telephone`, `email`, `id_stair`, `id_person_role`, `id_apartment`, `id_person_job`, `notify`) VALUES
(35, 'Admin Online', '', '', 1, 1, NULL, 5, 0),
(38, 'Admin Online', NULL, NULL, 2, 1, NULL, 5, 0),
(40, 'Ionescu Ion', '', '', 1, 2, 6, 1, 0);

-- --------------------------------------------------------

--
-- Table structure for table `person_jobs`
--
-- Creation: Feb 21, 2015 at 03:14 PM
--

DROP TABLE IF EXISTS `person_jobs`;
CREATE TABLE IF NOT EXISTS `person_jobs` (
  `id` int(10) unsigned NOT NULL AUTO_INCREMENT,
  `name` varchar(64) CHARACTER SET latin1 NOT NULL,
  PRIMARY KEY (`id`)
) ENGINE=InnoDB  DEFAULT CHARSET=utf8 COLLATE=utf8_romanian_ci AUTO_INCREMENT=6 ;

--
-- Dumping data for table `person_jobs`
--

INSERT INTO `person_jobs` (`id`, `name`) VALUES
(1, 'Locatar'),
(2, 'Administrator'),
(3, 'Presedinte'),
(4, 'Cenzor'),
(5, 'Extern');

-- --------------------------------------------------------

--
-- Table structure for table `person_roles`
--
-- Creation: Feb 21, 2015 at 03:14 PM
--

DROP TABLE IF EXISTS `person_roles`;
CREATE TABLE IF NOT EXISTS `person_roles` (
  `id` int(10) unsigned NOT NULL AUTO_INCREMENT,
  `name` varchar(24) COLLATE utf8_romanian_ci NOT NULL,
  PRIMARY KEY (`id`)
) ENGINE=InnoDB  DEFAULT CHARSET=utf8 COLLATE=utf8_romanian_ci AUTO_INCREMENT=4 ;

--
-- Dumping data for table `person_roles`
--

INSERT INTO `person_roles` (`id`, `name`) VALUES
(1, 'Extern'),
(2, 'Proprietar'),
(3, 'Chirias');

-- --------------------------------------------------------

--
-- Table structure for table `stairs`
--
-- Creation: Mar 31, 2015 at 12:26 PM
--

DROP TABLE IF EXISTS `stairs`;
CREATE TABLE IF NOT EXISTS `stairs` (
  `id` int(10) unsigned NOT NULL AUTO_INCREMENT,
  `name` varchar(256) COLLATE utf8_romanian_ci NOT NULL,
  `address` varchar(256) COLLATE utf8_romanian_ci DEFAULT NULL,
  `id_association` int(10) unsigned NOT NULL,
  `errors_column` tinyint(1) NOT NULL DEFAULT '1',
  `payments_column` tinyint(1) NOT NULL DEFAULT '1',
  PRIMARY KEY (`id`),
  KEY `id_association` (`id_association`)
) ENGINE=InnoDB  DEFAULT CHARSET=utf8 COLLATE=utf8_romanian_ci AUTO_INCREMENT=3 ;

--
-- RELATIONS FOR TABLE `stairs`:
--   `id_association`
--       `associations` -> `id`
--

--
-- Dumping data for table `stairs`
--

INSERT INTO `stairs` (`id`, `name`, `address`, `id_association`, `errors_column`, `payments_column`) VALUES
(1, 'BL. 12 SC. B', NULL, 1, 0, 1),
(2, 'Edelweiss', NULL, 2, 1, 1);

-- --------------------------------------------------------

--
-- Table structure for table `upkeeps`
--
-- Creation: Feb 25, 2015 at 06:55 PM
--

DROP TABLE IF EXISTS `upkeeps`;
CREATE TABLE IF NOT EXISTS `upkeeps` (
  `id` int(10) unsigned NOT NULL AUTO_INCREMENT,
  `id_stair` int(10) unsigned NOT NULL,
  `name` varchar(256) COLLATE utf8_romanian_ci NOT NULL,
  `active` tinyint(1) NOT NULL DEFAULT '0',
  `start_date` date NOT NULL,
  `activation_date` date DEFAULT NULL,
  `deactivation_date` date DEFAULT NULL,
  `calculator` varchar(64) COLLATE utf8_romanian_ci DEFAULT NULL,
  `interest_rate` float DEFAULT NULL,
  PRIMARY KEY (`id`)
) ENGINE=InnoDB  DEFAULT CHARSET=utf8 COLLATE=utf8_romanian_ci AUTO_INCREMENT=13 ;

--
-- Dumping data for table `upkeeps`
--

INSERT INTO `upkeeps` (`id`, `id_stair`, `name`, `active`, `start_date`, `activation_date`, `deactivation_date`, `calculator`, `interest_rate`) VALUES
(2, 1, 'ianuarie 2015', 0, '2015-01-01', '2015-03-27', '2015-05-04', 'add_percent_to_index_calculator_1', NULL),
(4, 1, 'februarie 2015', 1, '2015-02-01', '2015-05-04', NULL, 'add_percent_to_index_calculator_2', NULL),
(5, 1, 'martie 2015', 0, '2015-03-01', NULL, NULL, 'add_percent_to_index_calculator_2', NULL),
(6, 1, 'aprilie 2015', 0, '2015-04-01', NULL, NULL, 'add_percent_to_index_calculator_2', NULL),
(7, 1, 'iulie 2015', 0, '2015-07-01', NULL, NULL, 'add_percent_to_index_calculator_2', NULL),
(8, 2, 'februarie 2015', 0, '2015-02-01', NULL, NULL, NULL, NULL),
(9, 1, 'iunie 2015', 0, '2015-06-01', NULL, NULL, 'add_percent_to_index_calculator_2', NULL),
(10, 1, 'august 2015', 0, '2015-08-01', NULL, NULL, 'add_percent_to_index_calculator_2', NULL),
(11, 1, 'mai 2015', 0, '2015-05-01', NULL, NULL, 'add_percent_to_index_calculator_2', NULL),
(12, 1, 'noiembrie 2015', 0, '2015-11-01', NULL, NULL, 'add_percent_to_index_calculator_2', NULL);

-- --------------------------------------------------------

--
-- Table structure for table `users`
--
-- Creation: Feb 21, 2015 at 03:14 PM
--

DROP TABLE IF EXISTS `users`;
CREATE TABLE IF NOT EXISTS `users` (
  `id` int(10) unsigned NOT NULL AUTO_INCREMENT,
  `username` varchar(36) COLLATE utf8_romanian_ci NOT NULL,
  `password` varchar(36) COLLATE utf8_romanian_ci NOT NULL,
  `admin` tinyint(1) DEFAULT NULL,
  PRIMARY KEY (`id`)
) ENGINE=InnoDB  DEFAULT CHARSET=utf8 COLLATE=utf8_romanian_ci AUTO_INCREMENT=7 ;

--
-- Dumping data for table `users`
--

INSERT INTO `users` (`id`, `username`, `password`, `admin`) VALUES
(1, 'adminonline', '524baa3aa77d52f9e3bfcc6c828a0840', 1),
(6, 'demo', 'fe01ce2a7fbac8fafaed7c982a04e229', NULL);

-- --------------------------------------------------------

--
-- Table structure for table `users_apartments_map`
--
-- Creation: Feb 21, 2015 at 03:14 PM
--

DROP TABLE IF EXISTS `users_apartments_map`;
CREATE TABLE IF NOT EXISTS `users_apartments_map` (
  `id_user` int(10) unsigned NOT NULL,
  `id_apartment` int(10) unsigned NOT NULL,
  KEY `id_user` (`id_user`),
  KEY `id_apartment` (`id_apartment`)
) ENGINE=InnoDB DEFAULT CHARSET=utf8 COLLATE=utf8_romanian_ci;

--
-- RELATIONS FOR TABLE `users_apartments_map`:
--   `id_user`
--       `users` -> `id`
--   `id_apartment`
--       `apartments` -> `id`
--

--
-- Dumping data for table `users_apartments_map`
--

INSERT INTO `users_apartments_map` (`id_user`, `id_apartment`) VALUES
(6, 6);

-- --------------------------------------------------------

--
-- Table structure for table `users_persons_map`
--
-- Creation: Feb 21, 2015 at 03:14 PM
--

DROP TABLE IF EXISTS `users_persons_map`;
CREATE TABLE IF NOT EXISTS `users_persons_map` (
  `id_user` int(10) unsigned NOT NULL,
  `id_person` int(10) unsigned NOT NULL,
  KEY `id_user` (`id_user`),
  KEY `id_person` (`id_person`)
) ENGINE=InnoDB DEFAULT CHARSET=latin1;

--
-- RELATIONS FOR TABLE `users_persons_map`:
--   `id_user`
--       `users` -> `id`
--   `id_person`
--       `persons` -> `id`
--

--
-- Dumping data for table `users_persons_map`
--

INSERT INTO `users_persons_map` (`id_user`, `id_person`) VALUES
(1, 35),
(1, 38),
(6, 40);

-- --------------------------------------------------------

--
-- Table structure for table `users_stairs_map`
--
-- Creation: Feb 21, 2015 at 03:14 PM
--

DROP TABLE IF EXISTS `users_stairs_map`;
CREATE TABLE IF NOT EXISTS `users_stairs_map` (
  `id_user` int(10) unsigned NOT NULL,
  `id_stair` int(10) unsigned NOT NULL,
  KEY `id_user` (`id_user`),
  KEY `id_stair` (`id_stair`)
) ENGINE=InnoDB DEFAULT CHARSET=utf8 COLLATE=utf8_romanian_ci;

--
-- RELATIONS FOR TABLE `users_stairs_map`:
--   `id_user`
--       `users` -> `id`
--   `id_stair`
--       `stairs` -> `id`
--

--
-- Dumping data for table `users_stairs_map`
--

INSERT INTO `users_stairs_map` (`id_user`, `id_stair`) VALUES
(1, 1),
(1, 2);

--
-- Constraints for dumped tables
--

--
-- Constraints for table `apartments`
--
ALTER TABLE `apartments`
  ADD CONSTRAINT `apartments_ibfk_1` FOREIGN KEY (`id_person`) REFERENCES `persons` (`id`) ON DELETE CASCADE,
  ADD CONSTRAINT `apartments_ibfk_2` FOREIGN KEY (`id_stair`) REFERENCES `stairs` (`id`) ON DELETE CASCADE;

--
-- Constraints for table `coefficient_mod_values`
--
ALTER TABLE `coefficient_mod_values`
  ADD CONSTRAINT `coefficient_mod_values_ibfk_4` FOREIGN KEY (`id_upkeep`) REFERENCES `upkeeps` (`id`) ON DELETE CASCADE,
  ADD CONSTRAINT `coefficient_mod_values_ibfk_1` FOREIGN KEY (`id_expense`) REFERENCES `expenses` (`id`) ON DELETE CASCADE,
  ADD CONSTRAINT `coefficient_mod_values_ibfk_2` FOREIGN KEY (`id_apartment`) REFERENCES `apartments` (`id`) ON DELETE CASCADE,
  ADD CONSTRAINT `coefficient_mod_values_ibfk_3` FOREIGN KEY (`id_mod_type`) REFERENCES `mod_types` (`id`) ON DELETE CASCADE;

--
-- Constraints for table `coefficient_values`
--
ALTER TABLE `coefficient_values`
  ADD CONSTRAINT `coefficient_values_ibfk_3` FOREIGN KEY (`id_upkeep`) REFERENCES `upkeeps` (`id`) ON DELETE CASCADE,
  ADD CONSTRAINT `coefficient_values_ibfk_1` FOREIGN KEY (`id_apartment`) REFERENCES `apartments` (`id`) ON DELETE CASCADE,
  ADD CONSTRAINT `coefficient_values_ibfk_2` FOREIGN KEY (`id_coefficient`) REFERENCES `coefficients` (`id`) ON DELETE CASCADE;

--
-- Constraints for table `expenses`
--
ALTER TABLE `expenses`
  ADD CONSTRAINT `expenses_ibfk_1` FOREIGN KEY (`id_stair`) REFERENCES `stairs` (`id`) ON DELETE CASCADE,
  ADD CONSTRAINT `expenses_ibfk_2` FOREIGN KEY (`id_coefficient`) REFERENCES `coefficients` (`id`) ON DELETE CASCADE;

--
-- Constraints for table `expense_values`
--
ALTER TABLE `expense_values`
  ADD CONSTRAINT `expense_values_ibfk_1` FOREIGN KEY (`id_expense`) REFERENCES `expenses` (`id`) ON DELETE CASCADE,
  ADD CONSTRAINT `expense_values_ibfk_2` FOREIGN KEY (`id_upkeep`) REFERENCES `upkeeps` (`id`) ON DELETE CASCADE;

--
-- Constraints for table `indexes`
--
ALTER TABLE `indexes`
  ADD CONSTRAINT `indexes_ibfk_1` FOREIGN KEY (`id_upkeep`) REFERENCES `upkeeps` (`id`) ON DELETE CASCADE,
  ADD CONSTRAINT `indexes_ibfk_2` FOREIGN KEY (`id_apartment`) REFERENCES `apartments` (`id`) ON DELETE CASCADE,
  ADD CONSTRAINT `indexes_ibfk_3` FOREIGN KEY (`id_expense`) REFERENCES `expenses` (`id`) ON DELETE CASCADE;

--
-- Constraints for table `invoice_series`
--
ALTER TABLE `invoice_series`
  ADD CONSTRAINT `invoice_series_ibfk_1` FOREIGN KEY (`id_stair`) REFERENCES `stairs` (`id`) ON DELETE CASCADE;

--
-- Constraints for table `messages`
--
ALTER TABLE `messages`
  ADD CONSTRAINT `messages_ibfk_1` FOREIGN KEY (`id_user`) REFERENCES `users` (`id`) ON DELETE CASCADE,
  ADD CONSTRAINT `messages_ibfk_2` FOREIGN KEY (`id_upkeep`) REFERENCES `upkeeps` (`id`) ON DELETE CASCADE;

--
-- Constraints for table `payment_values`
--
ALTER TABLE `payment_values`
  ADD CONSTRAINT `payment_values_ibfk_1` FOREIGN KEY (`id_upkeep`) REFERENCES `upkeeps` (`id`) ON DELETE CASCADE,
  ADD CONSTRAINT `payment_values_ibfk_2` FOREIGN KEY (`id_apartment`) REFERENCES `apartments` (`id`) ON DELETE CASCADE,
  ADD CONSTRAINT `payment_values_ibfk_3` FOREIGN KEY (`id_invoice_series`) REFERENCES `invoice_series` (`id`) ON DELETE CASCADE;

--
-- Constraints for table `persons`
--
ALTER TABLE `persons`
  ADD CONSTRAINT `persons_ibfk_1` FOREIGN KEY (`id_person_role`) REFERENCES `person_roles` (`id`) ON DELETE CASCADE,
  ADD CONSTRAINT `persons_ibfk_2` FOREIGN KEY (`id_apartment`) REFERENCES `apartments` (`id`) ON DELETE CASCADE,
  ADD CONSTRAINT `persons_ibfk_3` FOREIGN KEY (`id_stair`) REFERENCES `stairs` (`id`) ON DELETE CASCADE,
  ADD CONSTRAINT `persons_ibfk_4` FOREIGN KEY (`id_person_job`) REFERENCES `person_jobs` (`id`) ON DELETE CASCADE;

--
-- Constraints for table `stairs`
--
ALTER TABLE `stairs`
  ADD CONSTRAINT `stairs_ibfk_1` FOREIGN KEY (`id_association`) REFERENCES `associations` (`id`) ON DELETE CASCADE;

--
-- Constraints for table `users_apartments_map`
--
ALTER TABLE `users_apartments_map`
  ADD CONSTRAINT `users_apartments_map_ibfk_1` FOREIGN KEY (`id_user`) REFERENCES `users` (`id`) ON DELETE CASCADE,
  ADD CONSTRAINT `users_apartments_map_ibfk_2` FOREIGN KEY (`id_apartment`) REFERENCES `apartments` (`id`) ON DELETE CASCADE;

--
-- Constraints for table `users_persons_map`
--
ALTER TABLE `users_persons_map`
  ADD CONSTRAINT `users_persons_map_ibfk_1` FOREIGN KEY (`id_user`) REFERENCES `users` (`id`) ON DELETE CASCADE,
  ADD CONSTRAINT `users_persons_map_ibfk_2` FOREIGN KEY (`id_person`) REFERENCES `persons` (`id`) ON DELETE CASCADE;

--
-- Constraints for table `users_stairs_map`
--
ALTER TABLE `users_stairs_map`
  ADD CONSTRAINT `users_stairs_map_ibfk_1` FOREIGN KEY (`id_user`) REFERENCES `users` (`id`) ON DELETE CASCADE,
  ADD CONSTRAINT `users_stairs_map_ibfk_2` FOREIGN KEY (`id_stair`) REFERENCES `stairs` (`id`) ON DELETE CASCADE;
SET FOREIGN_KEY_CHECKS=1;

/*!40101 SET CHARACTER_SET_CLIENT=@OLD_CHARACTER_SET_CLIENT */;
/*!40101 SET CHARACTER_SET_RESULTS=@OLD_CHARACTER_SET_RESULTS */;
/*!40101 SET COLLATION_CONNECTION=@OLD_COLLATION_CONNECTION */;
